stop_id,stop_name,lat,lon,stop_type,node_id
subway_왕십리역,왕십리역,37.5613,127.0377,subway,1988003962
subway_행당역,행당역,37.5572,127.0305,subway,3833113881
subway_응봉역,응봉역,37.552,127.0353,subway,10132261071
subway_뚝섬역,뚝섬역,37.547,127.0475,subway,8498978693
subway_성수역,성수역,37.5447,127.0561,subway,2551966241
subway_서울숲역,서울숲역,37.5446,127.0448,subway,8319137360
subway_옥수역,옥수역,37.5402,127.0171,subway,8173927769
BS_1100_101900001,응봉근린공원.금호산,37.55378,127.01706,bus,3849035299
BS_1100_101900022,서울방송고등학교.남산타운아파트,37.54943,127.01228,bus,3807096596
BS_1100_103000001,답십리역사거리,37.56545,127.0544,bus,12389365915
BS_1100_103000002,청년회의소.서울새활용플라자,37.56199,127.06049,bus,10708182385
BS_1100_103000003,장한평역,37.56114,127.0661,bus,9910954450
BS_1100_103000004,상왕십리역,37.56425,127.02924,bus,11127349744
BS_1100_103000005,상왕십리역,37.56469,127.02868,bus,3833114697
BS_1100_103000006,왕십리센트라스아파트,37.56516,127.02504,bus,8398709103
BS_1100_103000007,왕십리교회,37.56621,127.02366,bus,8332957992
BS_1100_103000008,청계벽산아파트.텐즈힐아파트,37.56872,127.03042,bus,9739851469
BS_1100_103000009,청계벽산아파트.텐즈힐아파트,37.56817,127.03004,bus,9740876781
BS_1100_103000010,왕십리도선동주민센터,37.56763,127.02453,bus,8374372122
BS_1100_103000011,왕십리2동주민센터,37.56245,127.03326,bus,1717100662
BS_1100_103000012,코스모타워.서울신용보증재단성동지점,37.56298,127.0329,bus,8615050156
BS_1100_103000014,성동구청,37.56333,127.03592,bus,9663278534
BS_1100_103000015,상왕십리역,37.56487,127.03024,bus,9481381137
BS_1100_103000016,상왕십리역.센트라스아파트,37.56558,127.02997,bus,8451953569
BS_1100_103000017,마장동주민센터,37.56732,127.04457,bus,3832677079
BS_1100_103000018,마장역,37.5656,127.04228,bus,3832676328
BS_1100_103000019,성동노인복지관,37.56494,127.04159,bus,3832676309
BS_1100_103000020,마장축산물시장,37.57095,127.03802,bus,3832677276
BS_1100_103000021,마장축산물시장,37.57026,127.03751,bus,8509710682
BS_1100_103000022,도선사거리,37.56682,127.03691,bus,3832676353
BS_1100_103000023,도선사거리,37.5664,127.03643,bus,7838649261
BS_1100_103000024,마장동금호아파트,37.56307,127.04186,bus,9809027005
BS_1100_103000025,마장동금호아파트,37.56216,127.04158,bus,9083521240
BS_1100_103000026,한양대부속고등학교,37.56112,127.04159,bus,3832902846
BS_1100_103000027,한양대부속고등학교,37.56039,127.04115,bus,9083521231
BS_1100_103000028,한양대앞.한양시장,37.55858,127.04097,bus,2356300168
BS_1100_103000029,한양대앞,37.5587,127.04072,bus,2356300168
BS_1100_103000030,한양대정문,37.55639,127.04313,bus,3958145541
BS_1100_103000031,한양대정문앞,37.55677,127.04332,bus,8992783192
BS_1100_103000032,무학여고앞,37.55801,127.03424,bus,4674024011
BS_1100_103000033,무학여고,37.5579,127.03387,bus,7838649524
BS_1100_103000034,왕십리역,37.55995,127.03619,bus,7838649500
BS_1100_103000035,왕십리역,37.56034,127.03627,bus,3832974050
BS_1100_103000036,왕십리역,37.56079,127.03487,bus,2546486185
BS_1100_103000037,행당1동주민센터.성동소방서,37.55815,127.03863,bus,9369012502
BS_1100_103000038,서울숲삼부아파트,37.55872,127.03795,bus,8829144786
BS_1100_103000039,응봉동주민센터,37.5534,127.0335,bus,7838649540
BS_1100_103000040,응봉동주민센터,37.55376,127.03344,bus,2931458563
BS_1100_103000041,응봉사거리,37.55529,127.03446,bus,8496926460
BS_1100_103000042,응봉동현대아파트,37.54962,127.03044,bus,1708122820
BS_1100_103000043,응봉동현대아파트,37.55022,127.0309,bus,1708170479
BS_1100_103000044,대현산배수지공원입구,37.55628,127.0201,bus,8598785456
BS_1100_103000046,신금호역,37.55561,127.02012,bus,3849035399
BS_1100_103000047,신금호역,37.55527,127.0199,bus,3849035399
BS_1100_103000048,금호고등학교,37.55355,127.02204,bus,8142256170
BS_1100_103000049,금호고등학교.금호자이1차아파트입구,37.55311,127.02293,bus,436827110
BS_1100_103000050,금호동벽산아파트,37.55116,127.02568,bus,1717118032
BS_1100_103000051,래미안하이리버아파트,37.55146,127.02542,bus,8489963358
BS_1100_103000052,금호사거리,37.54888,127.02606,bus,3848967781
BS_1100_103000053,금호사거리,37.54946,127.02598,bus,3833145718
BS_1100_103000054,금남시장앞.백범학원터,37.54809,127.02187,bus,436827166
BS_1100_103000055,금남시장앞.백범학원터,37.54829,127.02249,bus,436836899
BS_1100_103000056,금호역,37.54787,127.01621,bus,13233950656
BS_1100_103000057,금호역,37.5485,127.01551,bus,436827172
BS_1100_103000058,금옥초등학교앞,37.54697,127.01989,bus,3807096290
BS_1100_103000059,금옥초등학교앞,37.54631,127.01832,bus,436836884
BS_1100_103000060,힐스테이트서울숲리버아파트,37.54789,127.02706,bus,3807096506
BS_1100_103000061,삼성래미안아파트앞,37.54835,127.02751,bus,1665603597
BS_1100_103000062,옥수삼성아파트.래미안옥수리버젠,37.54362,127.01485,bus,8488729624
BS_1100_103000063,옥수삼성아파트.래미안옥수리버젠,37.5438,127.01466,bus,8488729629
BS_1100_103000064,미타사입구,37.54486,127.01684,bus,3851468319
BS_1100_103000065,래미안옥수리버젠.옥수중앙교회,37.54592,127.01484,bus,5573158008
BS_1100_103000066,래미안옥수리버젠.옥수중앙교회,37.54578,127.0147,bus,5573158008
BS_1100_103000069,옥수동종점,37.54925,127.01244,bus,3807096596
BS_1100_103000070,옥정중학교입구,37.5409,127.0113,bus,436836861
BS_1100_103000071,옥정중학교입구,37.54088,127.011,bus,3807095149
BS_1100_103000072,성수1가1동새마을금고,37.53811,127.04969,bus,3854893927
BS_1100_103000073,성수1가새마을금고,37.53831,127.04984,bus,3854893927
BS_1100_103000074,천주교성수동성당앞,37.53944,127.04647,bus,4179354336
BS_1100_103000075,천주교성수동성당앞,37.53931,127.04607,bus,4179354323
BS_1100_103000076,뚝도아리수정수센터수도박물관,37.54114,127.04419,bus,13070402072
BS_1100_103000077,뚝도아리수정수센터수도박물관,37.54141,127.04399,bus,13070402072
BS_1100_103000078,서울숲,37.54293,127.04471,bus,4179011702
BS_1100_103000079,서울숲,37.5435,127.04454,bus,4011204252
BS_1100_103000080,성동구민종합체육센터,37.54607,127.0449,bus,4179011711
BS_1100_103000081,성동구민종합체육센터,37.54639,127.04461,bus,4179009479
BS_1100_103000082,성수공고앞,37.53987,127.05049,bus,2436216385
BS_1100_103000083,성수공고앞,37.53995,127.0509,bus,9081846689
BS_1100_103000084,경일초등학교입구,37.54109,127.04618,bus,4179009448
BS_1100_103000085,경일초등학교입구,37.54137,127.04623,bus,4179009448
BS_1100_103000086,성동교남단,37.54983,127.04449,bus,3856575442
BS_1100_103000087,성동교남단,37.55051,127.04396,bus,8497861064
BS_1100_103000088,상원,37.55136,127.04597,bus,3856575601
BS_1100_103000089,상원,37.55171,127.04683,bus,3856575441
BS_1100_103000090,영동대교북단,37.53677,127.06064,bus,601728823
BS_1100_103000091,경수중학교,37.5397,127.0623,bus,601728852
BS_1100_103000092,성수119안전센터,37.53734,127.06013,bus,7856245730
BS_1100_103000093,성수119안전센터,37.53753,127.06,bus,436839061
BS_1100_103000094,경수중학교,37.53817,127.05701,bus,4179264062
BS_1100_103000095,경수중학교,37.53829,127.0573,bus,4179264078
BS_1100_103000096,뚝도시장,37.53859,127.0554,bus,3708974526
BS_1100_103000097,뚝도시장,37.5387,127.0557,bus,4179264066
BS_1100_103000098,성원중성수동이마트앞,37.53909,127.05343,bus,4179354313
BS_1100_103000099,성원중성수동이마트앞,37.53934,127.05345,bus,3708961426
BS_1100_103000100,서울숲지구대앞,37.53784,127.05208,bus,4179265292
BS_1100_103000101,서울숲지구대앞,37.53805,127.05226,bus,4179349652
BS_1100_103000102,뚝도시장구길,37.53719,127.05527,bus,4148031678
BS_1100_103000103,뚝도시장구길,37.53755,127.05493,bus,4664731642
BS_1100_103000104,성수동진주타운,37.53655,127.05758,bus,3846729653
BS_1100_103000105,성수동진주타운,37.53676,127.05749,bus,4179264017
BS_1100_103000106,영동대교,37.53636,127.05998,bus,8502320520
BS_1100_103000107,영동대교,37.53637,127.06035,bus,436823575
BS_1100_103000108,화양사거리,37.54702,127.06653,bus,9609468593
BS_1100_103000109,성수사거리.성수초등학교,37.54289,127.06427,bus,7856245639
BS_1100_103000110,서울효사랑병원,37.5415,127.06344,bus,7856245704
BS_1100_103000111,성수2가3동주민센터,37.54951,127.05552,bus,1306420373
BS_1100_103000112,제인병원,37.54927,127.05694,bus,8952652914
BS_1100_103000113,성동세무서앞,37.54792,127.06241,bus,3785500763
BS_1100_103000114,성동세무서,37.54824,127.06434,bus,3846108090
BS_1100_103000115,송정동서울숲아이파크,37.55194,127.06938,bus,9604558043
BS_1100_103000116,송정동건영아파트,37.55534,127.0713,bus,7856245570
BS_1100_103000117,군자교남단,37.55749,127.07255,bus,9604691751
BS_1100_103000118,신답역,37.57014,127.04759,bus,12389288175
BS_1100_103000119,용답동.로데오거리.답십리역,37.5657,127.05376,bus,13568614970
BS_1100_103000120,서울교통공사.서울새활용플라자,37.56205,127.05691,bus,3785302806
BS_1100_103000121,뚝섬서울숲,37.54462,127.0366,bus,732243898
BS_1100_103000122,뚝섬서울숲,37.54556,127.03624,bus,732241861
BS_1100_103000125,사근동하이츠아파트앞,37.56129,127.04904,bus,3928116187
BS_1100_103000126,사근동하이츠아파트앞,37.56131,127.04869,bus,4359599224
BS_1100_103000127,사근동주민센터,37.56078,127.04584,bus,9809027078
BS_1100_103000128,사근동주민센터,37.56091,127.04593,bus,9809027023
BS_1100_103000129,사근고개,37.56114,127.0445,bus,4735604031
BS_1100_103000130,사근고개,37.56126,127.04451,bus,4735604031
BS_1100_103000131,한양지구대,37.56013,127.04194,bus,9809026995
BS_1100_103000132,한양지구대,37.56024,127.04192,bus,9809026997
BS_1100_103000133,사근동벽산아파트,37.56019,127.04993,bus,4244222641
BS_1100_103000134,뚝섬역8번출구,37.54744,127.04611,bus,4752138022
BS_1100_103000135,뚝섬역2번출구,37.54758,127.04685,bus,4752138025
BS_1100_103000136,뚝섬역5번출구,37.54647,127.04901,bus,5439574961
BS_1100_103000137,뚝섬역4번출구,37.54672,127.04936,bus,5439574956
BS_1100_103000138,성수역1번출구,37.54543,127.05363,bus,436824985
BS_1100_103000139,성수동SK아파트형공장앞,37.54589,127.05023,bus,3856575406
BS_1100_103000140,성수동SK아파트형공장앞,37.54577,127.05003,bus,3856575406
BS_1100_103000141,경동초등학교입구,37.54352,127.04952,bus,4179011696
BS_1100_103000142,경동초등학교입구,37.54339,127.04921,bus,2442096596
BS_1100_103000143,경일초등학교앞,37.54077,127.04834,bus,997780962
BS_1100_103000144,경일초등학교앞,37.54107,127.04823,bus,4179011708
BS_1100_103000145,한양여대앞,37.55951,127.0503,bus,1979309605
BS_1100_103000150,도선고등학교.꽃재교회,37.56695,127.02845,bus,8449830066
BS_1100_103000152,리버하우스,37.5509,127.05101,bus,9083945509
BS_1100_103000153,리버하우스,37.55123,127.05069,bus,436821942
BS_1100_103000156,성동제일새마을금고,37.56078,127.04733,bus,9809027031
BS_1100_103000157,성동제일새마을금고,37.56088,127.0473,bus,436849792
BS_1100_103000159,청계9가.텐즈힐2단지 정문앞,37.57072,127.02538,bus,8442360806
BS_1100_103000162,뚝섬서울숲,37.54339,127.03747,bus,7838649666
BS_1100_103000163,뚝섬서울숲남문,37.54246,127.04278,bus,5578043111
BS_1100_103000164,뚝섬서울숲남문,37.54198,127.04297,bus,5578025697
BS_1100_103000165,용답휴식공원,37.56935,127.04825,bus,8399157717
BS_1100_103000166,용답휴식공원,37.56955,127.04794,bus,8399157717
BS_1100_103000167,성수2가3동주민센터,37.55024,127.05478,bus,9994039375
BS_1100_103000168,극동그린아파트앞,37.54181,127.01126,bus,8213959266
BS_1100_103000169,마장역,37.56677,127.04372,bus,436880740
BS_1100_103000170,행당신동아.행당푸르지오아파트,37.55614,127.03402,bus,4697491475
BS_1100_103000171,숭신초등학교,37.5672,127.02803,bus,9214740250
BS_1100_103000172,극동아파트,37.55797,127.02411,bus,3833113884
BS_1100_103000173,풍림아파트,37.55894,127.02377,bus,8598774292
BS_1100_103000174,벽산아파트,37.5556,127.02569,bus,3833111238
BS_1100_103000175,대림아파트,37.55657,127.02493,bus,3849606084
BS_1100_103000176,행당역,37.557,127.0291,bus,8214317241
BS_1100_103000177,행당역,37.55708,127.02876,bus,8494048089
BS_1100_103000178,무학여고,37.55839,127.03302,bus,1717116637
BS_1100_103000179,극동그린아파트,37.54206,127.0119,bus,8488728724
BS_1100_103000183,성수동차고지,37.53579,127.05568,bus,1855204528
BS_1100_103000185,제민약국,37.53655,127.05864,bus,8502294695
BS_1100_103000186,왕십리자이.신당현대아파트,37.56085,127.02363,bus,8598774293
BS_1100_103000187,왕십리자이.신당현대아파트,37.56099,127.02405,bus,8598774286
BS_1100_103000188,제민약국,37.53651,127.05849,bus,8502294693
BS_1100_103000189,우리은행화양동지점,37.54804,127.06622,bus,7856245614
BS_1100_103000191,황학교.텐즈힐몰,37.57005,127.0236,bus,8442360789
BS_1100_103000278,무학여고,37.55828,127.03382,bus,4674024010
BS_1100_103000279,무학여고,37.55829,127.03422,bus,4674024011
BS_1100_103000280,응봉사거리,37.5553,127.03409,bus,8496926460
BS_1100_103000281,응봉사거리,37.55508,127.03449,bus,4636760153
BS_1100_103000292,왕십리광장.왕십리역4번출구,37.56136,127.03713,bus,2546486043
BS_1100_103000293,왕십리광장.왕십리역7번출구,37.56105,127.03665,bus,9369026450
BS_1100_103000295,왕십리도선동주민센터,37.56778,127.02458,bus,6040902785
BS_1100_103000296,한양여대앞,37.5587,127.05085,bus,2358265970
BS_1100_103000297,한양대동문앞,37.55564,127.04968,bus,3309541909
BS_1100_103000505,행당중학교,37.55383,127.04322,bus,8257610679
BS_1100_103000506,옥수파크힐스아파트앞,37.54726,127.01303,bus,5573095834
BS_1100_103000507,옥수파크힐스아파트앞,37.54702,127.01287,bus,5573095834
BS_1100_103000509,뉴타운아파트,37.56482,127.02711,bus,8615050133
BS_1100_103000514,서울숲리버뷰자이아파트제1주차장,37.55469,127.03939,bus,8332919021
BS_1100_103900001,두산아파트111동,37.55068,127.01618,bus,8213963918
BS_1100_103900002,금호역.3호선,37.54829,127.01663,bus,436827170
BS_1100_103900003,금호역,37.54842,127.01643,bus,436827171
BS_1100_103900004,극동아파트4동,37.54351,127.01168,bus,8213959269
BS_1100_103900005,극동아파트4동,37.54353,127.01159,bus,8213959269
BS_1100_103900006,두산아파트109동,37.54982,127.01676,bus,8213963921
BS_1100_103900007,두산아파트111동,37.55059,127.01608,bus,8213963918
BS_1100_103900008,극동아파트7동,37.54372,127.01267,bus,8213959269
BS_1100_103900009,금남시장앞.백범학원터,37.54827,127.02165,bus,436827166
BS_1100_103900010,금호사거리,37.54818,127.02506,bus,8489958120
BS_1100_103900011,신동아아파트,37.54977,127.0301,bus,2931458557
BS_1100_103900012,신동아아파트후문,37.55469,127.03284,bus,4697513798
BS_1100_103900013,현대공업사앞,37.55009,127.03234,bus,1708165419
BS_1100_103900014,행당서울숲푸르지오109동앞,37.55439,127.0318,bus,4697491484
BS_1100_103900015,삼거리정자,37.55239,127.03169,bus,1717113994
BS_1100_103900016,응봉역.광희중,37.5522,127.0344,bus,7838649590
BS_1100_103900017,성동중앙교회.벽산아파트정문,37.55345,127.02458,bus,3833147092
BS_1100_103900018,무학중학교.무학여고,37.55842,127.03329,bus,1717116637
BS_1100_103900019,무학중학교.무학여고,37.55821,127.03313,bus,1717116637
BS_1100_103900020,원형화단,37.54859,127.01949,bus,3849034870
BS_1100_103900021,두산아파트정문.금호역,37.54853,127.01684,bus,3849034883
BS_1100_103900022,신금호역,37.55459,127.02049,bus,8598787936
BS_1100_103900024,무쇠막,37.54528,127.02469,bus,436827082
BS_1100_103900025,금호1가동주민센터,37.55513,127.0222,bus,8598787935
BS_1100_103900026,대경생활과학고등학교,37.55597,127.01754,bus,8212389311
BS_1100_103900027,금호4가동주민센터.대도빌딩,37.54805,127.02256,bus,4200916249
BS_1100_103900028,화단삼거리,37.54832,127.01987,bus,3807096537
BS_1100_103900029,논골.금호벽산아파트.성동공유센터,37.55555,127.02535,bus,4646012772
BS_1100_103900031,금호산입구,37.55638,127.01939,bus,3849606087
BS_1100_103900032,한진아파트후문,37.55602,127.027,bus,4640923246
BS_1100_103900034,행당서울숲푸르지오109동앞,37.55445,127.03159,bus,4697491484
BS_1100_103900035,벽산아파트정문,37.55293,127.02504,bus,8463699875
BS_1100_103900037,옥수종합사회복지관,37.54088,127.01285,bus,3807095859
BS_1100_103900038,행당2동주민센터,37.55774,127.03065,bus,1717116288
BS_1100_103900039,만물상회앞,37.55285,127.03132,bus,1717115956
BS_1100_103900040,금호119안전센터,37.55415,127.02463,bus,8214316861
BS_1100_103900041,옥수삼성아파트,37.54064,127.01395,bus,3807095148
BS_1100_103900042,상봉노인정앞,37.55287,127.03028,bus,1717113281
BS_1100_103900043,한신아파트,37.55075,127.0193,bus,2718296801
BS_1100_103900045,응봉역.광희중,37.55204,127.03443,bus,7838649588
BS_1100_103900047,금봉어린이집.또또와마트,37.55291,127.02881,bus,1717112559
BS_1100_103900048,경수중학교입구,37.54361,127.05853,bus,3785495812
BS_1100_103900049,옥정중학교,37.54133,127.01133,bus,436836861
BS_1100_103900050,논골입구.성동공유센터,37.55548,127.02571,bus,8214317348
BS_1100_103900051,천은교회.성동청소년상담복지센터,37.55484,127.02678,bus,3833147147
BS_1100_103900052,청계벽산아파트,37.56826,127.03037,bus,9740876781
BS_1100_103900053,왕십리자이.신당현대아파트,37.56085,127.02369,bus,8598774293
BS_1100_103900054,한신아파트,37.55076,127.01941,bus,2718296801
BS_1100_103900056,금호고등학교,37.55316,127.02335,bus,436827110
BS_1100_103900057,GS25,37.5503,127.06716,bus,4177456999
BS_1100_103900058,논골신협.대림아파트후문,37.55751,127.02452,bus,436840037
BS_1100_103900059,금호어린이집,37.55679,127.0184,bus,3849146224
BS_1100_103900060,금봉어린이집.또또와마트,37.55264,127.02879,bus,1717113280
BS_1100_103900061,충북상회,37.55279,127.03101,bus,1717115957
BS_1100_103900062,서울숲푸르지오아파트후문,37.54351,127.02263,bus,436838745
BS_1100_103900065,무학여고,37.55749,127.03391,bus,4674024007
BS_1100_103900067,극동아파트상가,37.54292,127.0121,bus,4634187272
BS_1100_103900068,금호어린이집,37.55669,127.01837,bus,3849146224
BS_1100_103900069,한남하이츠아파트,37.54005,127.01159,bus,3807095126
BS_1100_103900070,금호사거리,37.54796,127.02518,bus,8489958120
BS_1100_103900071,신동아아파트후문,37.55489,127.03269,bus,4697513798
BS_1100_103900072,삼거리정자앞,37.55263,127.03164,bus,1717113994
BS_1100_103900074,현대공업사앞,37.54995,127.03257,bus,1708165419
BS_1100_103900075,중앙병원,37.55196,127.01932,bus,3848968437
BS_1100_103900076,논골사거리,37.55532,127.02481,bus,436832364
BS_1100_103900078,응봉초등학교.대림아파트,37.55107,127.03343,bus,1708159518
BS_1100_103900079,옥수삼성아파트,37.54075,127.01432,bus,3807095151
BS_1100_103900080,우리은행.백범학원터,37.54795,127.02105,bus,3807096460
BS_1100_103900081,금남시장.화단앞,37.54845,127.01934,bus,3807096539
BS_1100_103900082,금호공원,37.54968,127.01958,bus,3849034929
BS_1100_103900083,지하철2호선성수역,37.54477,127.05466,bus,4752138030
BS_1100_103900084,옥수종합사회복지관,37.54089,127.01323,bus,3807095152
BS_1100_103900085,성동구청,37.56396,127.03642,bus,9521848547
BS_1100_103900086,응봉사거리,37.55487,127.03454,bus,7838649547
BS_1100_103900088,무학여고,37.55772,127.03426,bus,4674024008
BS_1100_103900089,한전입구,37.56627,127.03512,bus,8332958009
BS_1100_103900090,극동아파트7동,37.54362,127.01275,bus,8213963866
BS_1100_103900091,화단앞,37.54862,127.01965,bus,3849034870
BS_1100_103900092,성동사회복지관.청계천박물관,37.5703,127.03348,bus,3832952876
BS_1100_103900093,왕약국,37.54834,127.06555,bus,8952652934
BS_1100_103900094,금호공원,37.54965,127.01977,bus,3849034929
BS_1100_103900095,성동구도시관리공단.서울시시설관리공단,37.57183,127.03686,bus,8364319560
BS_1100_103900096,중앙슈퍼,37.54952,127.06653,bus,4177446423
BS_1100_103900097,중앙병원앞,37.55213,127.01947,bus,3848968437
BS_1100_103900098,도선동사거리,37.56677,127.03653,bus,7838649218
BS_1100_103900099,송정동자치회관입구,37.55114,127.06783,bus,4177446033
BS_1100_103900100,논골사거리,37.55613,127.02477,bus,3849606064
BS_1100_103900101,신금호역,37.55434,127.01979,bus,2718296794
BS_1100_103900104,천은교회.성동청소년상담복지센터,37.55459,127.02667,bus,3833147147
BS_1100_103900105,행당2동주민센터,37.55783,127.03042,bus,1717116288
BS_1100_103900106,대경생활과학고등학교,37.55607,127.01752,bus,8212389311
BS_1100_103900107,대현산체육관입구,37.55296,127.02971,bus,4200524615
BS_1100_103900108,대림아파트후문,37.55617,127.02693,bus,4640923246
BS_1100_103900109,응봉하이퍼마트,37.55268,127.03005,bus,1717113281
BS_1100_103900110,서울숲푸르지오아파트정문,37.54526,127.02439,bus,9596134639
BS_1100_103900111,극동.풍림아파트,37.55904,127.02364,bus,8598774292
BS_1100_103900112,성동보건소,37.56649,127.03319,bus,8332958007
BS_1100_103900113,코스모타워,37.56294,127.03299,bus,8615050156
BS_1100_103900114,상왕십리역,37.56474,127.03025,bus,9481381137
BS_1100_103900115,성동구청,37.56344,127.03583,bus,9663278534
BS_1100_103900116,왕십리민자역사,37.56184,127.03785,bus,2546486123
BS_1100_103900117,행당서울숲푸르지오상가앞,37.55572,127.03378,bus,1717116267
BS_1100_103900119,행당서울숲푸르지오상가앞,37.55557,127.03402,bus,1717116267
BS_1100_103900120,금북초등학교.e편한세상금호105동,37.55554,127.02374,bus,8142256160
BS_1100_103900122,대현산체육관입구,37.55311,127.02996,bus,4200524615
BS_1100_103900123,행당역.대림아파트정문,37.55705,127.02867,bus,8494048089
BS_1100_103900124,논골.e편한세상금호114동,37.55519,127.0246,bus,436832364
BS_1100_103900125,금호119안전센터,37.55423,127.02447,bus,8214316861
BS_1100_103900126,응봉동현대아파트,37.5498,127.03077,bus,4200524604
BS_1100_103900127,대림상가,37.55384,127.03434,bus,287287152
BS_1100_103900128,응봉초등학교.대림아파트,37.5508,127.03317,bus,1708159518
BS_1100_103900131,e편한세상금호117동,37.55247,127.02493,bus,8489939574
BS_1100_103900133,신금호역,37.55464,127.0198,bus,3849035366
BS_1100_103900134,두산상가후문,37.54919,127.01674,bus,8213963902
BS_1100_103900135,두산상가후문,37.54925,127.01672,bus,8213963902
BS_1100_103900137,두산아파트109동,37.54986,127.01685,bus,8213963921
BS_1100_103900138,두산아파트115동,37.55096,127.01611,bus,8213963910
BS_1100_103900139,금호역,37.54845,127.01685,bus,436827170
BS_1100_103900140,두산아파트정문.금호역,37.54851,127.01667,bus,436827170
BS_1100_103900141,화단삼거리,37.54822,127.01963,bus,3848966656
BS_1100_103900142,대우아파트관리실,37.54629,127.02024,bus,3807096290
BS_1100_103900143,대우아파트후문,37.54694,127.02166,bus,3807096288
BS_1100_103900144,대우아파트입구,37.54598,127.01916,bus,5062336386
BS_1100_103900145,힐스테이트서울숲리버,37.54674,127.02539,bus,4200477335
BS_1100_103900146,제일감리교회,37.54787,127.0269,bus,3807096506
BS_1100_103900147,GS주유소,37.54681,127.02513,bus,4200477335
BS_1100_103900148,삼성래미안아파트,37.54838,127.02756,bus,1665603597
BS_1100_103900149,극동아파트5동,37.54316,127.01108,bus,8213959289
BS_1100_103900150,옥수역,37.54148,127.01682,bus,8222978373
BS_1100_103900151,극동아파트상가,37.54291,127.01237,bus,4634187271
BS_1100_103900152,송정동현대아이파크아파트,37.55219,127.06862,bus,4177445999
BS_1100_103900153,금옥초등학교입구,37.54689,127.01972,bus,3807096283
BS_1100_103900154,왕십리광장.왕십리역7번출구,37.56105,127.03652,bus,8495328996
BS_1100_103900155,벽산아파트501동앞,37.55484,127.02548,bus,4646012762
BS_1100_103900156,벽산아파트505동앞,37.5544,127.02625,bus,4646012769
BS_1100_103900157,벽산아파트111동앞,37.55304,127.02688,bus,5062044540
BS_1100_103900158,벽산아파트206동앞,37.55215,127.02727,bus,8214316967
BS_1100_103900159,벽산아파트202동앞,37.55138,127.02725,bus,8214316983
BS_1100_103900160,벽산하이피아상가앞,37.5522,127.02564,bus,5062044532
BS_1100_103900161,우리은행.백범학원터,37.54818,127.02097,bus,3807096533
BS_1100_103900162,행당푸르지오아파트,37.55624,127.034,bus,4697491475
BS_1100_103900163,금호초등학교,37.55269,127.01949,bus,2718296799
BS_1100_103900167,래미안옥수리버젠아파트상가,37.54437,127.01573,bus,3851468298
BS_1100_103900169,옥수동주민센터.옥수동성당,37.54361,127.01402,bus,8213963866
BS_1100_103900170,삼성래미안아파트,37.56549,127.04028,bus,10857081083
BS_1100_103900171,중앙하이츠아파트,37.56499,127.03861,bus,2858053237
BS_1100_103900172,민자역사후문,37.56355,127.03863,bus,3832903580
BS_1100_103900173,한신아파트정문,37.55483,127.03538,bus,4687974649
BS_1100_103900174,한신아파트후문,37.55374,127.03707,bus,4636760125
BS_1100_103900175,광희중학교.응봉역,37.55191,127.03506,bus,10132261072
BS_1100_103900176,벽산아파트501동,37.55496,127.0255,bus,4646012770
BS_1100_103900177,벽산아파트505동,37.55432,127.02637,bus,4646012769
BS_1100_103900178,벽산아파트109동,37.55261,127.02737,bus,8214316974
BS_1100_103900179,벽산아파트107동,37.55169,127.02743,bus,10127697128
BS_1100_103900180,벽산노인정,37.55106,127.02685,bus,8214316994
BS_1100_103900181,벽산하이피아상가,37.55195,127.02595,bus,8489963348
BS_1100_103900182,금호고등학교앞,37.55298,127.02339,bus,436827110
BS_1100_103900184,금호정형외과,37.55409,127.02046,bus,3848968695
BS_1100_103900185,금호1가동주민센터,37.55473,127.02081,bus,8598787936
BS_1100_103900187,민자역사후문,37.56352,127.03832,bus,3832903576
BS_1100_103900188,중앙하이츠아파트,37.56525,127.0389,bus,3832903858
BS_1100_103900189,성동노인종합복지관,37.56521,127.04144,bus,2858053234
BS_1100_103900190,국민은행,37.5427,127.01222,bus,4634187271
BS_1100_103900191,국민은행,37.54278,127.01276,bus,4634187271
BS_1100_103900192,옥수동주민센터.옥수동성당,37.54324,127.01367,bus,8213963866
BS_1100_103900193,삼성아파트정문,37.54383,127.01529,bus,8488729629
BS_1100_103900195,대현산배수지공원앞,37.55518,127.02206,bus,8598787935
BS_1100_103900196,금북초등학교입구,37.55566,127.02362,bus,8142256160
BS_1100_103900197,텐즈힐아파트101동.115동,37.56695,127.02939,bus,8615050343
BS_1100_103900198,선영약국,37.56677,127.03077,bus,8332958002
BS_1100_103900199,왕십리중앙교회,37.57015,127.02656,bus,8374423624
BS_1100_103900200,텐즈힐아파트120동.213동앞,37.56892,127.02595,bus,7301135997
BS_1100_103900201,왕십리도선동주민센터,37.56771,127.02592,bus,11125409414
BS_1100_103900202,숭신초등학교.도선고등학교앞,37.56733,127.02717,bus,8451953552
BS_1100_103900203,마장2교사거리,37.56786,127.04535,bus,8497792064
BS_1100_103900204,마장2교사거리,37.56818,127.0456,bus,8497792056
BS_1100_103900207,청계장원아파트,37.56934,127.04485,bus,3832677140
BS_1100_103900208,청계장원아파트,37.56919,127.04482,bus,3832677140
BS_1100_103900209,옥수교회,37.5453,127.0159,bus,3807095991
BS_1100_103900210,텐즈힐아파트107동앞,37.56957,127.02851,bus,6040903176
BS_1100_103900211,마장동현대아파트,37.5701,127.04317,bus,9009916688
BS_1100_103900212,응봉동현대아파트,37.54986,127.03094,bus,4200524604
BS_1100_103900213,성수사거리,37.54238,127.06239,bus,4752138035
BS_1100_103900214,성수사거리,37.54278,127.06255,bus,9579799167
BS_1100_103900215,성수역4번출구,37.54462,127.055,bus,4752138030
BS_1100_103900216,논골.대림아파트107동.금호동벽산아파트,37.5559,127.02495,bus,436832366
BS_1100_103900217,옥수역5.6번출구,37.5418,127.0169,bus,3851468260
BS_1100_103900218,옥수역2번출구,37.54181,127.01761,bus,3851466456
BS_1100_103900219,서울숲푸르지오아파트,37.54509,127.02385,bus,8168240443
BS_1100_103900233,성수역3번출구,37.54356,127.05669,bus,9994432318
BS_1100_103900235,한라시그마밸리,37.53991,127.05518,bus,3846729628
BS_1100_103900236,서울경찰청제6기동단,37.53999,127.05492,bus,3708974525
BS_1100_103900242,뚝섬서울숲,37.5438,127.03741,bus,10211528361
BS_1100_103900243,성수대교북단교차로,37.54432,127.03542,bus,732241260
BS_1100_103900246,마장역,37.56611,127.04265,bus,3832676328
BS_1100_103900247,마장역,37.56565,127.04239,bus,3832676328
BS_1100_103900248,언더스탠드애비뉴,37.54357,127.04278,bus,4011204255
BS_1100_103900249,성동구민체육센터,37.54514,127.04447,bus,13070402066
BS_1100_103900250,서울숲역,37.54364,127.04548,bus,9081846793
BS_1100_103900251,경일중고등학교,37.54232,127.04913,bus,11697186004
BS_1100_103900253,이마트.서울숲힐스테이트아파트,37.54048,127.05277,bus,4652843026
BS_1100_103900254,서울숲코오롱디지털타워2차,37.54141,127.05399,bus,2551966232
BS_1100_103900255,서울경찰청제6기동단,37.54008,127.05474,bus,2551966228
BS_1100_103900256,한라시그마밸리앞,37.53965,127.05532,bus,3846729633
BS_1100_103900257,성수역3번출구,37.54394,127.0571,bus,9994427107
BS_1100_103900258,서울숲코오롱디지털타워2차,37.54146,127.05385,bus,2551966232
BS_1100_103900259,이마트.서울숲힐스테이트아파트,37.54053,127.05257,bus,4652843026
BS_1100_103900261,현대그린아파트,37.54052,127.04962,bus,436839066
BS_1100_103900262,경일중고등학교,37.5425,127.04921,bus,4179011694
BS_1100_103900263,서울숲역,37.54387,127.04515,bus,4179011690
BS_1100_103900264,성동구민종합체육센터,37.54527,127.04452,bus,13070402066
BS_1100_103900265,언더스탠드애비뉴,37.54353,127.04255,bus,4011204255
BS_1100_103900266,옥정초등학교,37.54089,127.01542,bus,3807095862
BS_1100_103900267,e편한세상금호109동,37.5536,127.02202,bus,8142256170
BS_1100_103900268,왕십리자이아파트107동,37.55971,127.02597,bus,8212501459
BS_1100_103900269,왕십리KCC스위첸아파트,37.56046,127.02694,bus,3833114268
BS_1100_103900270,금호베스트빌아파트노인정앞,37.56187,127.02507,bus,3833114426
BS_1100_103900271,풍림아이원아파트후문,37.56019,127.02685,bus,3833114257
BS_1100_103900272,응봉역.광희중학교,37.55182,127.03545,bus,10132261068
BS_1100_103900273,대림강변타운아파트A상가,37.55468,127.03589,bus,2356306023
BS_1100_103900274,리버그린동아아파트정문,37.55349,127.03752,bus,4697491701
BS_1100_103900275,서울숲리버뷰자이아파트제2주차장,37.55635,127.03932,bus,8141473711
BS_1100_103900276,서울숲리버뷰자이아파트제2주차장,37.55629,127.03911,bus,9083521302
BS_1100_103900277,서울숲리버뷰자이아파트제1주차장,37.5542,127.03889,bus,8332919021
BS_1100_103900278,왕십리로교차로,37.55772,127.03894,bus,9083531554
BS_1100_103900279,왕십리로교차로,37.55777,127.03913,bus,3833006506
BS_1100_103900280,리버그린동아아파트,37.55334,127.03827,bus,9083531520
BS_1100_103900281,왕십리역6-1번출구,37.56099,127.03767,bus,2561199156
BS_1100_103900282,행당동서울숲더샵,37.5577,127.03988,bus,2843635273
BS_1100_103900283,한양대학교정문,37.55778,127.04212,bus,1981058727
BS_1100_103900284,한양대학교제2의학관,37.55882,127.04199,bus,4115424815
BS_1100_103900285,한양대학교병원본관1층,37.55946,127.0438,bus,1979137846
BS_1100_103900286,한양대학교병원응급실,37.5599,127.04449,bus,1979325244
BS_1100_103900287,한양대학교백남학술정보관,37.55773,127.04585,bus,1980984065
BS_1100_103900288,한양대학교생활과학대학,37.5568,127.0465,bus,1979334163
BS_1100_103900289,한양대학교종합기술연구원,37.55769,127.04607,bus,13637818761
BS_1100_103900290,한양대학교류마티스병원동관,37.55983,127.04475,bus,1979325244
BS_1100_103900291,한양대학교병원본관1층,37.55945,127.04357,bus,1979137846
BS_1100_103900292,한양대학교동문회관,37.55883,127.04173,bus,3832897082
BS_1100_103900293,한양대학교정문,37.55794,127.0418,bus,9808931737
BS_1100_103900294,행당동서울숲더샵,37.55807,127.04007,bus,2356300155
BS_1100_103900295,송정어린이집,37.549,127.06775,bus,9604558028
BS_1100_103900296,성수이비즈센터,37.54652,127.06325,bus,3785500255
BS_1100_103900297,경수중학교입구,37.54358,127.06038,bus,9579799168
BS_1100_103900298,성수역2번출구,37.54449,127.05738,bus,9579799123
BS_1100_103900299,경동초등학교입구,37.54583,127.05081,bus,3856575406
BS_1100_104900130,송정동자치회관,37.55074,127.06871,bus,7856245587
BS_1100_104900131,성수SKV1센터1동,37.54584,127.06579,bus,7856245617
BS_1100_105000004,신답초등학교.청계한신휴플러스,37.57175,127.04429,bus,12389288374
BS_1100_105000005,신답초등학교.청계한신휴플러스,37.57176,127.04473,bus,12389288374
BS_1100_105000229,동대문구청.용두역,37.57283,127.04015,bus,8574226733
BS_1100_105000454,논골신협.대림아파트후문,37.5577,127.02457,bus,436840037
BS_1100_105000455,마장동주민센터,37.56694,127.04455,bus,8497761823
BS_1100_105000458,응봉주민센터,37.554,127.0336,bus,7838649553
BS_1100_105000459,응봉주민센터,37.55344,127.03352,bus,7838649540
BS_1100_105000460,응봉현대아파트,37.55013,127.0309,bus,1708170479
BS_1100_105000461,응봉현대아파트,37.54976,127.0307,bus,4200524604
BS_1100_105000462,금호삼성래미안,37.54836,127.02754,bus,1665603597
BS_1100_105000463,금호삼성래미안,37.54788,127.02698,bus,3807096506
BS_1100_105000464,금호사거리,37.54818,127.025,bus,8489958120
BS_1100_105000465,금호사거리,37.54798,127.02419,bus,3848966650
BS_1100_105000466,금옥초등학교.금호대우아파트,37.54659,127.01865,bus,436836884
BS_1100_105000467,금옥초등학교.금호대우아파트,37.54647,127.01893,bus,436836884
BS_1100_105000468,옥수삼성아파트,37.54379,127.01461,bus,8488729629
BS_1100_105000469,옥수삼성아파트,37.54361,127.01481,bus,8488729624
BS_1100_105000470,옥정중학교,37.54097,127.01099,bus,436836861
BS_1100_105000471,옥정중학교,37.54125,127.0113,bus,436836861
BS_1100_105000472,왕십리역,37.56105,127.03698,bus,9369050247
BS_3100_103000001,답십리역사거리(중),37.56557,127.05425,bus,12389365915
BS_3100_103000002,청년회의소.서울새활용플라자(중),37.56198,127.06047,bus,10708182385
BS_3100_103000003,장한평역(중),37.5612,127.06622,bus,436875068
BS_3100_105000002,청년회의소(중),37.56192,127.06148,bus,10708071000
BS_3100_105000003,장한평역(중),37.56113,127.06703,bus,10708182310
BS_3100_105000004,신답초등학교.청계한신휴플러스(중),37.57172,127.0444,bus,12389288374
BS_3100_105000005,신답초등학교.청계한신휴플러스(중),37.57162,127.04493,bus,12389288374
RS_ACC1_S-1-0207,상왕십리,37.56435,127.02935,bus,11127349744
RS_ACC1_S-1-0208,왕십리,37.5612,127.0377,bus,2546485946
RS_ACC1_S-1-0209,한양대,37.55527,127.04366,bus,1979137840
RS_ACC1_S-1-0210,뚝섬,37.54718,127.04737,bus,8498978693
RS_ACC1_S-1-0211,성수,37.54458,127.05596,bus,2551966241
RS_ACC1_S-1-0244,용답,37.5619,127.0509,bus,2135060882
RS_ACC1_S-1-0245,신답,37.57004,127.04648,bus,2460188205
RS_ACC1_S-1-0324,금호,37.54803,127.01587,bus,4201516987
RS_ACC1_S-1-0325,옥수,37.54169,127.01728,bus,8222978370
RS_ACC1_S-1-1011,옥수,37.5405,127.01874,bus,3851466435
RS_ACC1_S-1-1012,응봉,37.54995,127.03454,bus,4697502663
RS_ACC1_S-1-1013,왕십리,37.5619,127.03834,bus,2546486123
RS_ACC1_S-1-1847,서울숲,37.54362,127.04471,bus,9081846792
RS_ACC1_S-1-2539,신금호,37.55455,127.02033,bus,436827118
RS_ACC1_S-1-2540,행당,37.55732,127.02948,bus,1717116285
RS_ACC1_S-1-2541,왕십리,37.56198,127.03734,bus,8332919105
RS_ACC1_S-1-2542,마장,37.5661,127.04297,bus,3832676347
RS_ACC1_S-1-2543,답십리,37.56675,127.0527,bus,10708182321
RS_ACC1_S-1-2544,장한평,37.56144,127.06462,bus,13399414277
RS_ACC4_130070,옥수,37.54066,127.01873,bus,3851466435
RS_ACC4_130104,왕십리,37.56207,127.03848,bus,9083521278
