집계구코드,residential_pop,lon,lat,n_classic_stops,n_thermal_stops
1104052010012,114.7,127.02888923856707,37.56091344278083,292,232
1104052010001,13.6,127.02743263000936,37.562785956675654,246,177
1104052010003,813.6,127.032537020366,37.562201079953745,280,217
1104052010002,837.8,127.02709416292386,37.563843297710655,239,178
1104052010005,880.2,127.02746873088816,37.56445672114859,241,187
1104052010004,602.1,127.0258825731047,37.56041802978655,285,0
1104052010007,516.3,127.029559683564,37.56261075631823,268,214
1104052010006,1113.1,127.03147940535658,37.562835686736705,276,216
1104052010009,220.1,127.03163704001896,37.56105516952331,284,218
1104052010008,329.8,127.03023194679544,37.56111961425364,288,221
1104052010010,497.1,127.03047924322566,37.561839603361,271,214
1104052010011,485.1,127.02954670782688,37.56391046316543,255,208
1104052010101,371.4,127.02350252733017,37.55809396431887,293,220
1104052010103,475.9,127.02332565312574,37.55865405804703,248,159
1104052010102,938.5,127.02335740378118,37.55960206798054,282,197
1104052010203,1743.8,127.0241929276859,37.5590194026384,248,159
1104052010202,3.3,127.02563713474048,37.55923622407253,285,221
1104052010205,7.0,127.02657356727606,37.55972821705692,298,239
1104052010204,626.4,127.02551559701094,37.55847195609596,296,212
1104052010201,686.6,127.02460872648848,37.55840873055128,293,220
1104052010401,857.3,127.0255510849931,37.56108293540485,239,172
1104052010403,430.1,127.02538995579712,37.561965005888005,254,194
1104052010402,724.5,127.02628258071444,37.56167605133117,239,172
1104052010501,813.5,127.02790185758244,37.56134488116058,278,223
1104052010502,537.2,127.0279146609241,37.56075403706805,296,236
1104052010801,12.1,127.02682239768356,37.56308993635441,0,0
1104052010901,1010.2,127.02832783191865,37.56230061213213,237,181
1104052010903,443.4,127.02895900369948,37.562127641810456,236,179
1104052010902,398.8,127.02782235823236,37.56250243901373,236,177
1104052011101,824.7,127.02668797263526,37.56078428935383,295,240
1104054010001,381.6,127.03767554906788,37.567111792324354,228,168
1104054010003,956.1,127.0405833061432,37.5701590023215,166,96
1104054010002,761.5,127.04051064471672,37.567758966690576,189,131
1104054010004,666.6,127.04519654516947,37.56875815638988,158,112
1104054010103,6.3,127.04082151448011,37.565896652789576,204,147
1104054010102,464.9,127.0399319682526,37.56636609351371,211,148
1104054010101,226.6,127.0394515362438,37.565958365500634,230,167
1104054010301,679.9,127.03891573453704,37.56677494430081,197,146
1104054010302,471.7,127.0382434265457,37.5669311940186,228,168
1104054010601,270.6,127.04432216735697,37.56967694996839,152,112
1104054010602,301.4,127.0434581699092,37.56858317842452,168,126
1104054010701,163.3,127.04302672457888,37.56911774158525,168,126
1104054010703,374.6,127.04288051099896,37.56957230896986,151,1
1104054010702,334.9,127.04177025575082,37.569385604949275,173,127
1104054010705,236.2,127.04238055316527,37.57052713858784,154,113
1104054010704,188.0,127.0437753594574,37.570165266152635,53,0
1104054010707,396.2,127.042613418096,37.56885450386474,168,126
1104054010706,154.3,127.04311310741936,37.57046913835008,151,1
1104054020008,112.9,127.03482740435892,37.569573623837826,180,138
1104054020009,91.1,127.03603547686744,37.56691846753145,230,185
1104054020010,951.4,127.03668353368418,37.571532701899784,158,114
1104054020006,268.4,127.0348804914484,37.56690218843373,229,185
1104054020007,280.2,127.0364693675262,37.569418339312186,202,142
1104054020004,24.6,127.03485841571484,37.570851948644936,166,108
1104054020005,209.2,127.03353779768383,37.56987213022567,181,144
1104054020002,724.6,127.03402747349568,37.56806949391659,211,0
1104054020003,571.0,127.03685420653244,37.57034086897949,186,135
1104054020001,156.6,127.03584335367368,37.56839691682267,215,164
1104054030001,201.9,127.0424714826867,37.56345720372831,205,146
1104054030006,884.9,127.04270123014538,37.565188272749154,197,123
1104054030005,828.7,127.04419280293892,37.56579889141116,187,123
1104054030004,1090.4,127.04653330248676,37.566726105831464,157,0
1104054030003,613.8,127.04568560792733,37.56374791270627,194,117
1104054030002,272.8,127.04348207812892,37.56300969050845,179,0
1104054030104,35.5,127.04462712544569,37.56525499679663,187,123
1104054030103,1261.4,127.04464512128074,37.56416575755745,191,95
1104054030102,164.3,127.0452818240462,37.564930005882744,187,123
1104054030101,41.8,127.04595832196004,37.565323997668415,165,101
1104054040001,680.3,127.03881104275604,37.564789040452645,233,162
1104054040002,489.6,127.03960154582884,37.56298877719727,249,158
1104054040003,768.8,127.04085074361603,37.5644860019107,234,154
1104054040201,351.5,127.0391101581956,37.565411847678256,232,170
1104054040301,378.1,127.04112613182944,37.56247263866612,247,154
1104054040302,728.6,127.04040862442145,37.56315454951469,242,151
1104054040501,511.8,127.04017249285415,37.56454959518327,239,152
1104054040502,334.1,127.0393583724436,37.5641683820125,238,151
1104055010004,1308.6,127.04058225293416,37.56029444339171,295,166
1104055010001,412.3,127.04007523184228,37.55885255056481,299,166
1104055010003,603.9,127.03966558045904,37.56092593689968,288,170
1104055010002,940.1,127.04074732465996,37.561298497447495,269,159
1104055010005,1013.2,127.0397005187298,37.56181527935899,263,162
1104055020009,259.6,127.048152721006,37.56299347480758,164,88
1104055020010,664.0,127.04562826822216,37.5604339560262,227,132
1104055020011,1015.5,127.04815221499004,37.55936463586922,180,104
1104055020012,431.7,127.0431788639686,37.56136149415404,247,143
1104055020013,1787.8,127.04669683220465,37.556212603859805,0,0
1104055020006,1443.5,127.04320973464556,37.55926289892274,257,143
1104055020007,301.4,127.04783564900042,37.56073840981191,184,106
1104055020004,473.5,127.0473309486559,37.56192351134187,183,107
1104055020005,612.7,127.04664049268293,37.56071733246887,200,117
1104055020002,901.0,127.0500799473367,37.55957537596788,163,89
1104055020003,171.1,127.04763918825194,37.56468465641806,165,88
1104055020001,200.4,127.04746841475978,37.56385266427793,176,104
1104055020014,469.1,127.04729314857472,37.560032501117185,202,117
1104055020008,417.4,127.04609359490816,37.56169378582893,198,121
1104055020201,556.7,127.04946207228812,37.560455329378115,175,102
1104055020301,496.5,127.0491355762294,37.561877893952,181,102
1104055030002,1833.2,127.04149642539628,37.55455725858832,283,0
1104055030001,454.5,127.04181326171587,37.556616794568576,313,119
1104055030103,356.2,127.04021483091384,37.5563293132235,318,2
1104055030102,12.4,127.04024469990384,37.55548107442123,303,152
1104055030101,836.5,127.04008147377095,37.557302940807034,319,180
1104056010001,870.9,127.03749524939028,37.56228113496782,273,158
1104056010101,203.9,127.03767110132054,37.55984991620436,302,158
1104056010103,691.3,127.03718442472776,37.56063458725755,300,162
1104056010102,270.1,127.03798575540053,37.559073168177115,319,177
1104056010201,5.5,127.03733304425214,37.56500547629556,239,146
1104056010202,4.2,127.03727688381974,37.5643693529961,251,170
1104056020006,199.9,127.03120654729578,37.558509303876846,310,227
1104056020004,239.7,127.03255622237268,37.56013138289478,296,218
1104056020005,175.0,127.03165229981562,37.559948562219425,297,218
1104056020002,3465.5,127.03302049797392,37.559328063023585,297,219
1104056020003,464.2,127.0342365336269,37.561519996739136,288,213
1104056020001,404.2,127.03340158670456,37.56102862817154,294,217
1104056030007,425.4,127.03619256062504,37.55755178382965,321,215
1104056030006,253.2,127.03709916899255,37.55835038028147,320,208
1104056030005,544.6,127.03719638457294,37.55733863412541,325,213
1104056030004,1086.0,127.03848245695195,37.55602497282823,309,179
1104056030003,253.5,127.03574436755162,37.556913078867424,317,212
1104056030002,9048.3,127.03513180274813,37.558687332236616,316,216
1104056030001,651.9,127.03708380677472,37.556326101854104,305,176
1104056030108,1210.9,127.03632137244642,37.55480877000216,326,184
1104056030107,32.8,127.0373498188412,37.55420509504347,313,169
1104056030106,34.3,127.03591127017282,37.55607338560722,320,195
1104056030105,861.3,127.03482208221064,37.555016978934354,332,196
1104056030104,58.2,127.03589525045469,37.55533066581215,330,198
1104056030103,47.3,127.03512030347372,37.55573684250681,318,200
1104056030102,1568.9,127.03711267644948,37.555243460057824,288,168
1104056030101,290.1,127.03674274606496,37.554533904900566,294,168
1104057010001,758.7,127.03019089858462,37.55851497219054,306,223
1104057010003,285.7,127.02991479656365,37.560010260467024,288,219
1104057010002,947.4,127.02931194045476,37.55947418755024,296,227
1104057010115,491.6,127.0250367546232,37.55771670663545,293,210
1104057010114,689.6,127.02651783759828,37.55831186142298,299,232
1104057010117,149.9,127.02728548020136,37.558426422435154,285,205
1104057010116,415.8,127.02618919783724,37.55759921488106,281,206
1104057010101,794.0,127.0285506819385,37.55830149591259,286,203
1104057010103,413.8,127.02583942506438,37.55802785673343,296,212
1104057010102,1295.4,127.0287037440166,37.55760436536085,295,231
1104057010105,374.9,127.0264022458408,37.55624558229662,293,209
1104057010104,212.3,127.02786227401492,37.55938142739309,285,227
1104057010107,536.5,127.02545068037529,37.55727177949348,293,210
1104057010106,836.4,127.02834265778772,37.55991316752317,283,228
1104057010119,38.3,127.02745120637135,37.55680101697395,299,217
1104057010118,307.9,127.02832234803786,37.558870332695335,279,201
1104057010108,786.7,127.02560158256632,37.55663201342095,281,205
1104057010109,117.2,127.0264141407192,37.55699221051535,281,206
1104057010111,24.6,127.02760655164624,37.55725288933834,307,229
1104057010110,161.4,127.02526124974963,37.55602661299926,289,209
1104057010113,118.3,127.02700606017348,37.5593217879346,289,235
1104057010112,940.5,127.02737981335709,37.5577714307154,298,221
1104057010201,591.9,127.02980227869452,37.55861817065451,279,201
1104057020002,13.2,127.03031068802716,37.55442609687923,290,203
1104057020001,339.4,127.03264307735512,37.55739700021859,310,205
1104057020104,625.2,127.0320213308072,37.55425982668655,307,198
1104057020102,363.6,127.03219824228724,37.55355700828617,301,198
1104057020103,642.4,127.03283809112634,37.55438323981688,319,212
1104057020101,964.7,127.03383337317167,37.555002273032656,318,212
1104057020202,648.3,127.03326415079444,37.555777306898094,325,218
1104057020203,515.6,127.03164643869316,37.55467775066194,304,216
1104057020201,10.7,127.0326436409888,37.55519340375085,317,217
1104057020306,210.8,127.030864315343,37.55612067156302,299,233
1104057020307,273.1,127.02680690590935,37.55487750602682,294,218
1104057020304,244.4,127.02617744172356,37.5551528149872,279,208
1104057020305,5.2,127.02845841896745,37.55602705247592,291,213
1104057020302,6.2,127.02867827599574,37.55542131036787,293,233
1104057020303,20.5,127.03094471752688,37.5555156293687,293,228
1104057020301,1465.3,127.02993641547408,37.55627754625827,304,241
1104057020312,474.1,127.02659683015108,37.555546906391534,278,205
1104057020313,244.4,127.02587613753164,37.55549857940326,279,207
1104057020314,750.6,127.0294306315453,37.55701865058805,297,229
1104057020315,939.4,127.02970062392036,37.55546717273008,292,233
1104057020308,538.3,127.02952028758604,37.55646956038131,297,229
1104057020309,330.5,127.02771619409744,37.55497657788918,285,225
1104057020310,615.7,127.02721129279954,37.55559984239406,284,206
1104057020311,1.2,127.02800420862803,37.55633152558329,294,224
1104057020403,45.8,127.03187561667382,37.55687369053027,300,225
1104057020401,10.1,127.03223057037968,37.55652261774424,310,205
1104057020402,149.5,127.03122306151133,37.55665249811852,300,225
1104058010001,192.6,127.03734769296923,37.551446205388245,202,0
1104058010106,308.5,127.03572305954604,37.55424669730447,320,172
1104058010101,321.3,127.03498202710225,37.553587319156755,308,165
1104058010103,535.6,127.03549692396533,37.55298835781499,308,161
1104058010102,670.4,127.0357249208022,37.552492748551515,337,164
1104058010105,413.2,127.03646918161728,37.55340029045741,313,163
1104058010104,343.0,127.03503684957307,37.55439504466657,309,165
1104058010107,582.9,127.03597465814111,37.55374365088171,308,158
1104058010201,2.4,127.0377777814603,37.55312982280734,322,169
1104058010202,3.2,127.03707560688532,37.55310616820124,320,167
1104058020004,8.8,127.02989704350912,37.55343185909637,304,212
1104058020005,216.0,127.0311962606756,37.55271679883642,316,212
1104058020002,1077.9,127.02957376406096,37.552331389440944,307,211
1104058020003,10.1,127.03019565438252,37.55263740227938,302,215
1104058020001,930.8,127.03041835128802,37.552050667651464,310,199
1104058020102,34.4,127.03292150304227,37.55347004208157,325,13
1104058020101,635.0,127.03201392235036,37.55216260560584,286,13
1104058020201,28.7,127.02951252484804,37.54961494631983,318,178
1104058020202,855.2,127.0296869653915,37.550994369057776,309,206
1104058020203,335.8,127.0294524975764,37.550148283310186,293,188
1104058020304,1063.6,127.0311656745636,37.55075705858972,263,0
1104058020302,1018.9,127.03037447214986,37.55042950152441,310,0
1104058020303,783.6,127.0316590851373,37.551330476978045,272,0
1104058020301,995.3,127.03081627422904,37.55160040861412,254,0
1104058030003,565.5,127.03063989520126,37.54880080221942,305,13
1104058030002,287.7,127.0336096542667,37.5489825420089,333,13
1104058030001,291.3,127.0319647800405,37.5495744938144,328,13
1104058030105,17.6,127.03282375042303,37.55125207155656,317,13
1104058030104,76.8,127.03211653761328,37.55039948429767,312,13
1104058030103,6.8,127.0329745979132,37.552200341466104,306,13
1104058030102,124.1,127.03433862629828,37.55259368403599,328,13
1104058030101,17.2,127.03402670569204,37.553575230308994,303,13
1104058030106,15.1,127.03344795036202,37.552278611820995,337,13
1104059010001,3530.6,127.02311677532887,37.55425181277799,296,200
1104059020004,14.1,127.02424601639872,37.55678984243635,289,209
1104059020005,862.9,127.02194180606791,37.55639078062016,262,163
1104059020002,3.9,127.0202559290585,37.557336541979225,254,162
1104059020003,3.7,127.02034831075122,37.556984266288154,257,163
1104059020001,11.2,127.02446296818736,37.556140511200965,294,210
1104059020301,1115.1,127.02261496443448,37.555965819763415,283,191
1104059030002,17.5,127.02837635226896,37.5531821623159,287,195
1104059030001,1150.2,127.02621034978286,37.55031174621454,281,159
1104059030103,1603.8,127.02712441079883,37.54950751456074,270,160
1104059030102,50.0,127.02821073495056,37.549045093788514,298,0
1104059030101,31.5,127.02709189026892,37.548590447384406,283,155
1104059030207,1266.5,127.02697175388204,37.55143721602141,265,178
1104059030205,57.5,127.02830380730444,37.5500963046935,273,162
1104059030204,46.8,127.02605720694342,37.55459343909667,276,198
1104059030203,9.9,127.02554724617777,37.554180523989814,276,198
1104059030202,244.4,127.02739906496944,37.550947251866155,276,180
1104059030201,528.9,127.02614174738078,37.552198165079666,274,174
1104059030213,394.9,127.02650766537228,37.55317319180003,263,181
1104059030212,8.7,127.02659080892444,37.55383158760176,270,191
1104059030209,20.2,127.02731366955726,37.552849356222886,278,185
1104059030208,272.6,127.02537454666738,37.55502075602306,296,207
1104059030211,486.8,127.02792852613828,37.552341976112615,262,178
1104059030210,1058.5,127.02839337927166,37.55121429502892,269,177
1104062010001,1452.5,127.0180083798173,37.54662486049356,234,163
1104062010003,43.1,127.01687478333724,37.54787853282521,234,166
1104062010002,943.9,127.02019691399582,37.54774085067784,240,171
1104062010004,313.5,127.01891110311924,37.54793032786091,240,175
1104062010101,273.8,127.01727719510532,37.547027067025994,231,163
1104062020002,5.8,127.01604165917718,37.54580756021818,190,92
1104062020001,864.9,127.0153505002506,37.54779178108751,222,83
1104062020201,1078.2,127.0158384672445,37.546793489565715,185,91
1104062030003,35.3,127.02247907338564,37.546927722909984,252,170
1104062030002,273.6,127.02081955692351,37.54719204190818,243,180
1104062030001,1163.0,127.0272636114248,37.54486403617943,266,0
1104062030109,180.4,127.02269368150404,37.54658121986081,255,159
1104062030108,284.9,127.02233379271463,37.54676611785129,255,161
1104062030107,0.8,127.02146943478824,37.546751862928474,245,179
1104062030106,273.7,127.02030099108184,37.54641397327467,240,174
1104062030105,301.3,127.0205902771114,37.54597479344353,187,86
1104062030104,115.0,127.01889588974149,37.546230670866045,235,135
1104062030103,527.0,127.01941370274592,37.54587431812781,235,135
1104062030102,32.5,127.01823453898298,37.54560109576545,230,113
1104062030101,318.2,127.0194003539591,37.545298494169856,203,96
1104062030205,130.9,127.02356293512686,37.544452362858166,257,133
1104062030204,250.3,127.02309874030804,37.54538971827812,245,122
1104062030203,22.3,127.02229171960632,37.54379822892348,250,129
1104062030202,1053.6,127.02077041345323,37.54393719190915,172,0
1104062030201,23.8,127.02214832504664,37.544994438938595,245,122
1104062030303,391.1,127.02404621149684,37.545557195115016,260,133
1104062030302,409.6,127.02392590941552,37.54634265374002,255,159
1104062030301,369.9,127.0239718038994,37.5470734145154,262,147
1104065010001,500.9,127.04997560880192,37.54129378014551,105,86
1104065010002,756.7,127.04988792750648,37.542404482189255,131,91
1104065010101,629.8,127.05042003896548,37.541971042565045,118,95
1104065010201,452.9,127.05000994338756,37.54057226572581,112,90
1104065020004,0.5,127.0449095201436,37.54184668783222,175,84
1104065020002,22.1,127.04708451452532,37.54210921370875,144,86
1104065020003,232.9,127.047992659485,37.543454191554474,139,89
1104065020001,1150.2,127.04559571720011,37.54456718694228,192,86
1104065020101,538.5,127.04599008157304,37.5429389923056,145,86
1104065020201,19.7,127.04646774387494,37.54471328548029,171,87
1104065020202,81.3,127.04572763956423,37.54413447468609,172,86
1104065020302,202.6,127.04535024390572,37.54205115174605,148,86
1104065020301,95.5,127.04656156260717,37.54156546612831,136,86
1104065030006,30.2,127.04751076624432,37.53586122962179,99,86
1104065030005,427.5,127.04885980482904,37.53511388907572,99,86
1104065030004,305.0,127.0480762620899,37.53830607049977,102,88
1104065030003,668.3,127.04989018320896,37.53763749487917,105,90
1104065030002,5.0,127.04614664949337,37.53612763184445,98,83
1104065030001,2295.3,127.03929282073044,37.54128206323307,153,0
1104065030101,169.6,127.04247354953682,37.545794921098334,220,69
1104065030201,2.2,127.04632964841092,37.53765362572675,98,84
1104065040004,132.2,127.04726117135324,37.540044671346635,109,86
1104065040005,31.5,127.0442321786519,37.540968548971335,154,83
1104065040001,78.6,127.04799470768224,37.5392610086722,106,85
1104065040002,480.6,127.05013192634726,37.538547121753766,107,90
1104065040003,396.4,127.05014344828884,37.53932704194098,107,90
1104065040101,1100.5,127.04502692005336,37.54003778575639,127,83
1104065040102,629.9,127.04569791103624,37.540508458672704,122,85
1104065040103,1736.4,127.04451720771203,37.54056196156142,154,83
1104065040201,456.5,127.04588830898632,37.54101977731413,150,85
1104065040202,352.8,127.04476349054649,37.54131398910735,155,84
1104066010003,560.4,127.04659284986708,37.55062405203698,235,83
1104066010002,30.7,127.04824210604444,37.54953887612787,211,94
1104066010005,28.3,127.04866819771064,37.55014338301212,209,91
1104066010004,70.2,127.0502670468629,37.54923480874102,177,98
1104066010007,20.5,127.04637247396477,37.5483031625958,216,92
1104066010006,992.0,127.04943290898532,37.547440694030165,167,97
1104066010009,457.1,127.04778848901532,37.551570020781405,237,89
1104066010008,856.5,127.05116835751726,37.55065894219968,188,96
1104066010010,36.8,127.04579156500276,37.54942649293482,219,85
1104066010001,85.6,127.0448916838176,37.55125675417231,254,1
1104066010104,272.9,127.04662871032276,37.549453288927396,216,86
1104066010101,80.4,127.04716871289338,37.54925153410999,197,86
1104066010103,638.6,127.0470475685329,37.550084703754486,220,85
1104066010102,110.0,127.04753891821036,37.54899087468355,200,87
1104066010201,5.6,127.05027883707112,37.54816713560343,162,98
1104066010202,7.1,127.05008179944176,37.54861961087392,166,97
1104066010401,1031.4,127.04897022872991,37.55084831794228,203,92
1104066010402,131.0,127.04807089278457,37.55088603301496,217,91
1104066010501,568.6,127.04905127883168,37.54766789482019,190,95
1104066010601,796.1,127.04757338023852,37.54778023969579,183,94
1104066020006,144.2,127.04307220592972,37.55173556356492,256,0
1104066020007,33.1,127.043710894468,37.5491499487547,231,79
1104066020004,3280.5,127.03807766147276,37.54878003283706,221,0
1104066020005,317.0,127.04226972713865,37.546645549707826,223,69
1104066020002,741.6,127.04259162959046,37.54862838062567,240,76
1104066020003,845.7,127.04235476700688,37.54745570692431,233,71
1104066020001,8.1,127.0401814814328,37.54738232666061,239,66
1104066020008,124.9,127.04380806574858,37.54699478119112,233,75
1104066020101,6.7,127.04071617207065,37.5480515160872,250,71
1104066030002,1859.5,127.04566768481013,37.54695921058551,217,87
1104066030001,1224.8,127.04840593181189,37.54603397984286,173,94
1104066030101,294.8,127.0479585328322,37.54549997809491,174,91
1104067010001,1298.1,127.05368232846034,37.540461898620585,112,98
1104067010003,264.3,127.0546736575163,37.54215011102966,113,98
1104067010002,708.6,127.05289915864736,37.54232986148033,113,98
1104067010101,407.5,127.05154076564182,37.541439671133205,113,94
1104067010102,16.4,127.052459435985,37.54114088781944,110,95
1104067020002,231.5,127.0561062177044,37.539163237124136,111,98
1104067020003,1228.1,127.05861872652866,37.538690328515386,111,98
1104067020001,595.1,127.05969534006265,37.54022199798949,108,99
1104067020006,2174.7,127.06127416513807,37.53910470863352,104,96
1104067020004,182.3,127.0573603568038,37.54073832193406,112,98
1104067020005,1387.1,127.06040642117075,37.53907563247825,103,95
1104067020101,1.6,127.05730740205284,37.53920668492724,111,98
1104067030009,6.3,127.05782580548409,37.53740165639352,111,98
1104067030012,688.8,127.055305701224,37.538070251479496,111,96
1104067030011,13.7,127.05671744588658,37.537671663182245,111,98
1104067030007,518.5,127.05510567566688,37.53712047108296,110,97
1104067030006,413.5,127.05726512145768,37.53233429525379,76,0
1104067030005,1039.5,127.05972970488284,37.53684806936768,104,93
1104067030004,335.8,127.05663311316174,37.53520333070754,99,89
1104067030003,279.2,127.05512161010638,37.53236242085596,0,0
1104067030002,68.5,127.05407480539918,37.53582798407933,106,92
1104067030001,25.2,127.05974818155786,37.53594876754527,101,92
1104067030008,215.4,127.05542084124892,37.53632724556764,109,95
1104067030010,169.5,127.05746298505606,37.536073713285575,111,97
1104067030201,4.8,127.05840381760596,37.53720963324587,108,92
1104067030301,592.2,127.05360153152913,37.53294597399344,0,0
1104067030401,458.1,127.05703599175972,37.53523581431892,98,88
1104067030501,217.4,127.05760165852423,37.535254667751815,104,94
1104067040006,471.5,127.05300394248984,37.5368058459785,107,93
1104067040001,547.8,127.05206509010158,37.53703284444647,106,91
1104067040002,14.7,127.05272130372607,37.53887648428726,109,95
1104067040003,623.9,127.05052275367478,37.53439179760168,104,90
1104067040004,25.8,127.05224444540876,37.53804935190181,107,92
1104067040005,988.7,127.053971138094,37.537763185102385,108,94
1104067040101,544.2,127.0519538776556,37.53357206024032,0,0
1104067040201,405.5,127.05098294757715,37.536389360795425,104,90
1104068010004,1137.7,127.05481343450384,37.54934401532432,139,99
1104068010006,3.4,127.05628217127318,37.54663024963194,127,99
1104068010001,382.0,127.05262212804357,37.54967446094849,165,98
1104068010003,220.4,127.05340937825794,37.54886072822216,146,99
1104068010002,1925.4,127.0535827395243,37.54653903757426,130,98
1104068010005,754.5,127.05624152990264,37.548221002326414,122,99
1104068010101,502.3,127.05614123792738,37.54714960855138,127,99
1104068010103,573.3,127.05711693110042,37.54740903778673,116,100
1104068010102,642.1,127.05716677779964,37.54689212359867,115,100
1104068010104,386.7,127.05627292919128,37.54796042868696,122,99
1104068010201,20.7,127.05551152024428,37.54598249091236,117,99
1104068010203,469.9,127.05632867947811,37.54570094601138,111,99
1104068010202,42.6,127.05602219234648,37.54659059621751,126,99
1104068010301,10.5,127.0517533325596,37.548445635820904,159,98
1104068020002,912.3,127.06166324119248,37.54390369521867,108,100
1104068020001,10281.8,127.06205362777476,37.546554100226544,102,98
1104068020101,2094.6,127.06540623802624,37.545416349741906,88,85
1104068020301,219.4,127.05977211460444,37.54663600981234,109,100
1104068030003,897.5,127.05430081380848,37.544244639008454,118,98
1104068030002,404.2,127.05328980192913,37.5438675673003,126,98
1104068030001,670.7,127.05078768648706,37.54464346819336,140,95
1104068030101,3.3,127.05314120009211,37.54368330519074,126,98
1104068040001,294.4,127.06005550995236,37.54220476701404,107,99
1104069010009,568.9,127.07223355777944,37.55890835173092,23,23
1104069010008,733.2,127.06673988220216,37.55040294958318,77,72
1104069010006,705.7,127.06689102911034,37.55126570722243,69,67
1104069010001,347.8,127.07026406441136,37.55428760820733,39,35
1104069010003,367.5,127.06574775024464,37.551530189559585,81,77
1104069010002,704.9,127.06861743971312,37.55156005346737,61,56
1104069010005,849.8,127.07177709463195,37.556631558779785,31,29
1104069010004,1046.2,127.07059193941872,37.557422473125165,31,28
1104069010007,454.5,127.0675306110452,37.5497047721624,69,67
1104069010012,328.9,127.06785815630016,37.55222364054608,66,60
1104069010011,948.3,127.06792966131816,37.5505814226924,68,64
1104069010014,197.4,127.06733919171825,37.553411990412506,55,51
1104069010013,451.4,127.06825374606562,37.554692743681706,12,0
1104069010010,588.1,127.06954952972656,37.55497243263847,35,33
1104069010101,520.4,127.07052706439416,37.55570543195329,33,33
1104069010102,442.2,127.06993672903748,37.556382807591,33,33
1104069010201,431.0,127.06909532832452,37.55254899944965,55,54
1104069010202,12.9,127.06940521474232,37.55322151091737,45,41
1104069020001,3.1,127.06317395117595,37.548861892649064,94,90
1104069020004,57.5,127.064481638324,37.54961793437435,89,86
1104069020005,718.1,127.0555894368475,37.55049707659016,147,100
1104069020002,13.8,127.06604485826934,37.54939208715305,83,80
1104069020003,11.6,127.06641868350016,37.548709470181954,84,78
1104070010004,1294.9,127.0579559419022,37.56175629449497,64,13
1104070010001,487.3,127.06962539732656,37.55898266721672,9,0
1104070010003,71.6,127.06273411416711,37.561341428772984,31,13
1104070010002,3818.8,127.061611014963,37.5560305110464,22,0
1104070020025,325.9,127.05261164699836,37.56192079225632,118,13
1104070020022,591.7,127.05258837279548,37.56464841638034,95,13
1104070020023,263.7,127.05155091915891,37.565851651260125,96,13
1104070020020,408.4,127.05096766151456,37.56477170030061,113,13
1104070020021,433.5,127.05385569915816,37.56172160461722,115,13
1104070020008,161.4,127.05424616766184,37.56122007754328,107,13
1104070020009,1037.7,127.05380883670446,37.562875585167546,110,13
1104070020016,240.5,127.04891735006078,37.56626638827937,88,0
1104070020017,251.5,127.0553448900619,37.56374117193607,95,13
1104070020014,224.6,127.05194799309656,37.563097776110766,133,13
1104070020015,241.6,127.04869600665224,37.56716415066661,88,0
1104070020012,706.1,127.05324724329776,37.56588122274947,98,13
1104070020013,200.1,127.05483842577344,37.5625071825331,105,13
1104070020010,545.0,127.05181080807814,37.5637762534071,108,13
1104070020011,292.9,127.05465724598812,37.56438940534661,101,13
1104070020024,418.2,127.04963652547644,37.56524203744664,115,13
1104070020019,498.5,127.0449322850117,37.570564933388845,60,0
1104070020018,474.6,127.05139423127338,37.56678973729973,77,13
1104070020001,975.6,127.0505513406721,37.56696936908715,85,13
1104070020006,373.3,127.04972286494348,37.56817235989377,63,9
1104070020007,655.6,127.05034403149574,37.563851692546926,122,13
1104070020004,196.0,127.05331734403715,37.5643291580201,119,13
1104070020005,441.8,127.0532749036714,37.5634672511278,119,13
1104070020002,470.5,127.05284955671382,37.56289340175349,125,13
1104070020003,622.1,127.053103382476,37.55646485367276,73,9
1104070020301,124.4,127.05546235420348,37.56317227371194,89,13
1104071010001,443.2,127.0311783635082,37.56732357580982,235,186
1104071010002,752.6,127.03308384741392,37.567178012820854,233,187
1104071010201,291.8,127.03135204853484,37.56742357798932,235,186
1104071010303,264.8,127.03077049727594,37.56932922619286,185,149
1104071010302,668.8,127.03136461783072,37.56819839191567,192,157
1104071010305,181.4,127.03077594245455,37.568628788020895,191,156
1104071010304,482.4,127.03216768970626,37.568728817844274,202,164
1104071010307,401.0,127.03198709401968,37.569554162518656,182,145
1104071010306,2.3,127.03327816551992,37.56880007781599,207,172
1104071010301,48.5,127.0327625957592,37.56906690858593,197,163
1104071020001,338.6,127.02696100106976,37.57042537779117,126,99
1104071020002,7.2,127.02776503358166,37.56759788424431,194,111
1104071020003,49.2,127.0247032750856,37.56790615085938,106,70
1104071020103,7.4,127.02489871139753,37.57037003377156,106,84
1104071020101,429.1,127.02386863909584,37.56874993357245,123,91
1104071020106,760.8,127.02444129850409,37.569575438615125,114,87
1104071020104,1166.9,127.02499538584732,37.568548019656546,136,106
1104071020105,2194.0,127.02380472007124,37.570280442622746,99,81
1104071020102,472.7,127.02556790304538,37.5696126476793,135,103
1104071020204,1852.1,127.0282697605273,37.56871716099635,167,114
1104071020205,796.5,127.02915798200677,37.56823833465614,154,89
1104071020202,330.3,127.0285879184304,37.56760165980986,186,100
1104071020203,201.4,127.0285810624924,37.569326957306394,162,126
1104071020201,57.3,127.0296533678224,37.56743256778422,211,91
1104071020208,293.0,127.02674867545284,37.567884599966966,163,120
1104071020206,2107.2,127.02677495731793,37.56923739775433,148,101
1104071020207,3.9,127.02979216766666,37.56887604779891,179,99
1104071030001,7217.6,127.0268027182717,37.5661029567738,192,166
1104071040002,626.7,127.03379690707618,37.56588186633499,255,201
1104071040003,832.8,127.03214753815216,37.56401519467928,263,208
1104071040008,368.6,127.03101094143204,37.56620238218801,248,198
1104071040009,1213.8,127.03551060084251,37.56527015164402,256,196
1104071040010,1149.1,127.0334035702369,37.564165386748336,264,207
1104071040011,35.0,127.0345199055517,37.56335174576866,267,207
1104071040004,101.6,127.03374403113526,37.563108455887864,271,209
1104071040005,447.7,127.03180193075244,37.56575649147055,254,202
1104071040006,963.9,127.03303514496216,37.5650846181552,260,207
1104071040007,595.4,127.03088312329928,37.56462061046357,256,204
1104071040001,2385.9,127.03536267387273,37.56282187107659,270,204
1104071040301,67.7,127.0349663634146,37.564650851821995,258,202
1104071040302,12.0,127.03490296039104,37.56423681388347,264,205
1104072010013,242.6,127.02187449656849,37.55204908124914,266,182
1104072010012,61.8,127.0198426587487,37.55013248904789,242,174
1104072010015,94.1,127.0207315842642,37.55112865804376,254,184
1104072010014,279.0,127.02474938773568,37.54984138050863,250,165
1104072010017,4.5,127.0213745939654,37.55053807490552,250,187
1104072010016,1364.6,127.02107754797548,37.55240321114866,266,182
1104072010009,265.5,127.02386725804055,37.5483998714945,259,143
1104072010008,543.5,127.02014673776044,37.553024726280206,274,186
1104072010001,30.0,127.02309389298506,37.549575742791234,245,167
1104072010002,147.1,127.02529349150674,37.54911287863538,259,162
1104072010003,840.6,127.02183328322418,37.5489485882012,244,187
1104072010004,1671.9,127.0200549940723,37.55134857960758,248,181
1104072010005,190.3,127.02244252006516,37.55149329118439,264,175
1104072010006,1067.9,127.02043780757546,37.548658687573,242,186
1104072010007,250.9,127.02326580898784,37.55039230623071,256,167
1104072010011,116.2,127.02399803976058,37.54988714937002,249,167
1104072010010,9.6,127.02351758963304,37.54903294051368,247,166
1104072010101,796.8,127.02371727776178,37.55145709932784,273,162
1104072010103,474.8,127.02526787794508,37.550492225077434,281,158
1104072010102,337.3,127.02430451174448,37.55105671600109,244,154
1104072010104,754.5,127.0247510320084,37.55187092654659,273,162
1104072010202,277.5,127.02289850821435,37.55129688466414,271,170
1104072010201,599.5,127.02318044971504,37.55194596282645,274,170
1104072010301,284.8,127.02298606835232,37.55279586664068,274,170
1104072010302,409.2,127.02172430537888,37.55296218275816,271,176
1104072010401,53.7,127.02050705052731,37.549436423107494,241,177
1104072010402,609.3,127.0208469955002,37.55034138074991,244,186
1104072010501,1621.0,127.0219579071938,37.54988382370919,249,178
1104072010502,3.1,127.02184878157465,37.55085086357909,250,187
1104072020005,273.9,127.0188200426055,37.55125706935231,240,161
1104072020002,1352.1,127.01615877107584,37.551132886361856,171,103
1104072020003,807.2,127.01857972926584,37.55350176490441,258,163
1104072020001,40.9,127.01867200716352,37.54912686669962,233,166
1104072020103,475.4,127.01538950432332,37.5500795846688,210,147
1104072020101,601.0,127.01632545113536,37.54885190779854,227,158
1104072020106,442.7,127.01587565082414,37.549453580121686,200,147
1104072020107,15.7,127.01583165114847,37.55083273828977,176,110
1104072020104,19.5,127.01652780969722,37.551170150038345,163,99
1104072020105,327.9,127.016525873988,37.55005755054192,187,129
1104072020102,286.5,127.0175569771744,37.54942961725019,203,148
1104072020201,506.7,127.01794895634583,37.5503416898379,227,148
1104072020402,1289.1,127.01880514732446,37.55484538103696,273,173
1104072020403,337.8,127.0177580199027,37.55573513037794,248,160
1104072020401,1026.5,127.01930126470208,37.55609782774684,268,163
1104072020404,637.1,127.0176909347866,37.55464981262753,248,160
1104073020002,445.4,127.01045001900552,37.540344568741965,114,63
1104073020003,824.6,127.01544766837632,37.54458012674341,203,113
1104073020102,974.7,127.01043213727355,37.54190535365349,128,64
1104073020103,14.9,127.00935531041956,37.54219067642679,101,54
1104073020101,698.9,127.0100412174239,37.54154963480071,123,63
1104073020202,95.3,127.01265973523692,37.54345956902242,151,76
1104073020203,281.7,127.01199974756794,37.54331070864025,137,70
1104073020201,553.9,127.01114190867692,37.542514899821086,130,69
1104073020606,1046.7,127.01313533590526,37.54457700185028,160,85
1104073020607,1210.0,127.0141014001911,37.54474582815088,160,85
1104073020604,10.3,127.01448730238222,37.546452679136515,186,98
1104073020605,1133.9,127.01457495003342,37.54434177149316,192,105
1104073020602,299.9,127.01400974824688,37.54591338213846,186,98
1104073020603,283.5,127.0148409836836,37.54533202423352,203,109
1104073020601,597.6,127.01346544336582,37.54547689444136,163,83
1104073020608,4.6,127.01245766816326,37.54511097823661,142,0
1104073020609,215.2,127.01525408244862,37.5454454561545,203,109
1104073030003,1247.8,127.01230846196776,37.541346878890906,134,63
1104073030002,1430.7,127.01574278638682,37.541806705858875,180,85
1104073030001,213.7,127.01547659850372,37.543332302368675,187,104
1104073030203,1339.5,127.01247624565808,37.539807534639394,116,63
1104073030202,353.0,127.01461245822112,37.54019886082889,100,47
1104073030201,292.5,127.01426553750603,37.53925670040746,89,47
1104073030306,2.0,127.01379482499458,37.54252654032367,154,78
1104073030305,80.6,127.0133503163837,37.541886950192215,151,75
1104073030304,6.3,127.01459648183096,37.54269950250645,174,91
1104073030303,308.0,127.01431555857344,37.54181172576742,152,76
1104073030302,1061.4,127.01270124538668,37.54221834216868,151,75
1104073030301,152.7,127.01367218385238,37.541030702373774,137,68
1104073030307,6.0,127.01486824741797,37.543069887908835,174,91
1104073030604,184.5,127.01585175684762,37.540663665463825,160,74
1104073030603,311.5,127.01674796261264,37.540652227531055,170,74
1104073030602,563.6,127.01576241003038,37.53975929801792,149,71
1104073030601,820.5,127.0182752114532,37.53743807501212,0,0
1104073040001,3098.6,127.02658136781648,37.5391611911968,37,0
1104073040201,84.6,127.0190953570288,37.54173708579417,215,0
1104073040202,7.5,127.01962916236866,37.54225964920921,215,0
1104073040301,554.3,127.01924215082369,37.54326413081144,161,113
1104073040302,801.5,127.01817200290122,37.543295311244336,167,115
1104073040303,121.2,127.01927844508768,37.544193866125966,152,109
1104073040501,621.7,127.01804002494868,37.54251438009539,195,0
1104073040502,79.1,127.0183954895432,37.5422472107237,195,0
1104059030206,1199.5,127.0254085813003,37.55357493446358,283,191
1104072020405,461.7,127.01858203098844,37.556450810054955,253,2
1104073020204,4054.1,127.01147494246833,37.54633893218001,150,74
