집계구코드,net_node,classic_cnt,thermal_cnt,tarr,A_classic,A_thermal,A_loss,gravity_reduction
1104052010012,3833114297,83,35,57.83,168.82599978178862,78.17621003570434,90.64978974608428,53.69421171102269
1104052010001,3833114607,38,20,47.37,89.27529256194482,52.583214454093884,36.69207810785094,41.099924799901004
1104052010003,3832951948,86,34,60.47,188.479516457367,81.53648917652872,106.94302728083828,56.739867170143235
1104052010002,8494029536,38,24,36.84,88.1806535125063,55.94782579363434,32.23282771887196,36.55317400692717
1104052010005,3833114691,48,26,45.83,113.48100959685479,59.39160512363414,54.08940447322065,47.66383791030334
1104052010004,8212501458,57,0,100.0,89.0872880949878,0.0,89.0872880949878,100.0
1104052010007,3833114569,66,28,57.58,155.85432613594085,69.34476027674152,86.50956585919933,55.50668242839988
1104052010006,3832951952,82,32,60.98,181.74398080874244,78.36763378083333,103.3763470279091,56.880203992393454
1104052010009,4200543504,89,31,65.17,187.13758347439682,71.51044500220232,115.6271384721945,61.78723499868961
1104052010008,3833114366,85,32,62.35,177.50140590202673,75.32910333504489,102.17230256698184,57.56140468170524
1104052010010,3833114432,72,31,56.94,164.93887207996497,73.57068828321438,91.36818379675059,55.39517922279343
1104052010011,8615050152,62,33,46.77,154.83996554944306,73.61904402289386,81.2209215265492,52.454753033779234
1104052010102,436840048,62,8,87.1,73.73521889397519,16.353787567443934,57.381431326531256,77.82092762081679
1104052010203,8598774292,28,7,75.0,31.945483541364936,12.079921320258066,19.86556222110687,62.18582415690701
1104052010205,3833114120,76,26,65.79,123.64622864970215,56.1334817100151,67.51274693968705,54.60154157305928
1104052010204,4639723022,73,15,79.45,89.03856555677227,31.497038565156373,57.541526991615896,64.6253975811488
1104052010401,4634232798,26,7,73.08,57.48933509580181,13.297179985154507,44.192155110647306,76.8701795507015
1104052010403,3833114426,37,11,70.27,71.36778083989223,37.94046783892796,33.427313000964276,46.83810062128135
1104052010402,4634232798,26,7,73.08,57.48933509580181,13.297179985154507,44.192155110647306,76.8701795507015
1104052010501,8493981052,56,26,53.57,104.0128947249031,54.201508323737286,49.81138640116582,47.88962612078886
1104052010502,3833114280,72,31,56.94,130.9130300870946,68.2363975511775,62.67663253591709,47.87654253684237
1104052010901,8493981080,36,20,44.44,87.18390343027694,50.24168852337241,36.94221490690453,42.372747093674356
1104052010903,8493981097,34,20,41.18,82.55715997610216,49.011234175359526,33.54592580074263,40.63357534398371
1104052010902,8493981068,34,19,44.12,82.16022359894872,46.33886799615038,35.82135560279834,43.59938913707715
1104054010001,3832677068,55,11,80.0,117.71244306758464,35.455712172482855,82.25673089510178,69.87938466953239
1104054010003,3832677156,30,0,100.0,62.79596657632294,0.0,62.79596657632294,100.0
1104054010002,3832677105,45,0,100.0,93.10682546828826,0.0,93.10682546828826,100.0
1104054010004,4197387949,36,12,66.67,59.66734369176126,12.791036917136026,46.876306774625235,78.56275120405238
1104054010103,10857081080,56,30,46.43,111.12533355587985,40.879343753340464,70.24598980253938,63.213299393351996
1104054010102,5253517887,58,30,48.28,114.1486559775058,41.105020335200486,73.0436356423053,63.98992175317362
1104054010101,10857081045,69,31,55.07,140.16556909851985,46.57209309988576,93.59347599863409,66.7735140666742
1104054010302,3832677068,55,11,80.0,117.71244306758464,35.455712172482855,82.25673089510178,69.87938466953239
1104054010705,9009916695,28,0,100.0,58.117531764404816,0.0,58.117531764404816,100.0
1104054010704,2460188209,2,0,100.0,2.7235497724066136,0.0,2.7235497724066136,100.0
1104054010706,9009916688,27,1,96.3,52.19045845105593,1.0,51.19045845105593,98.08394095457544
1104054020008,3832952868,44,20,54.55,89.6089699081067,42.929487077284925,46.679482830821776,52.09242208530153
1104054020009,3832677066,64,15,76.56,147.51751938236987,42.79617108122466,104.72134830114521,70.98909250887301
1104054020010,3832677291,32,14,56.25,64.20777466060143,36.535441389639814,27.672333270961616,43.09810364435766
1104054020006,3832677058,62,18,70.97,142.54468358827762,53.620675628352814,88.92400795992481,62.3832511472477
1104054020007,3440267193,54,17,68.52,108.46820006632235,45.903406971888344,62.56479309443401,57.680309119335504
1104054020004,3832952887,33,12,63.64,69.19267176620899,26.552562544811437,42.64010922139755,61.62518100973422
1104054020005,3832952872,40,20,50.0,89.35645087742628,36.779942673266255,52.57650820416003,58.83907394249719
1104054020002,13543245071,56,0,100.0,130.31526750392817,0.0,130.31526750392817,100.0
1104054020003,3832677257,48,16,66.67,94.78902475221841,44.52253337967577,50.26649137254264,53.02986448477645
1104054020001,3832677099,51,0,100.0,111.41542670906466,0.0,111.41542670906466,100.0
1104054030001,3832903597,67,0,100.0,113.0317659061159,0.0,113.0317659061159,100.0
1104054030006,3832676317,66,0,100.0,113.38350448754548,0.0,113.38350448754548,100.0
1104054030005,3832676320,62,0,100.0,96.64904246294891,10.155407890500728,86.49363457244819,89.49248990811898
1104054030004,436831391,42,0,100.0,61.9939752265643,0.0,61.9939752265643,100.0
1104054030003,4197392060,57,0,100.0,83.99449087321466,22.1316458854175,61.86284498779716,73.65107442722157
1104054030002,3832903347,48,0,100.0,62.28910331284996,0.0,62.28910331284996,100.0
1104054030104,3832676320,62,0,100.0,96.64904246294891,10.155407890500728,86.49363457244819,89.49248990811898
1104054030103,3832903628,63,0,100.0,91.4183422486085,0.0,91.4183422486085,100.0
1104054040001,9083521251,72,32,55.56,144.17437252277148,61.736762562726476,82.437609960045,57.17910091616627
1104054040002,3832903321,75,35,53.33,153.44919449410077,74.4482631639672,79.00093133013357,51.48344479134474
1104054040003,3832903635,76,36,52.63,146.80878062375075,66.34226586008012,80.46651476367063,54.810423751079604
1104054040201,10857081033,69,31,55.07,140.70539790537416,46.91159350704913,93.79380439832502,66.65970587809456
1104054040301,3832903120,74,38,48.65,137.46653706884697,75.6007355518208,61.86580151702617,45.00426273635023
1104055010004,3832902772,86,37,56.98,158.71747453581827,88.20040920349591,70.51706533232236,44.42930152370119
1104055010001,3833006659,81,28,65.43,146.39233230810956,77.95259168895616,68.4397406191534,46.750905283146516
1104055010003,3832902822,86,37,56.98,159.3648271370273,89.39114262612816,69.97368451089915,43.9078595747689
1104055010002,3832903062,80,37,53.75,152.43699675850948,77.90425802787266,74.53273873063682,48.894126960997205
1104055010005,3832903091,78,36,53.85,152.52646124104234,79.10534276495648,73.42111847608587,48.13664322812563
1104055020009,6312216134,42,15,64.29,42.84318565067293,13.840093788095494,29.003091862577435,67.69592742019147
1104055020010,9809027078,56,27,51.79,86.52713110034232,42.84411822940892,43.683012870933396,50.48475815091549
1104055020011,4632551827,36,0,100.0,34.330794829832485,0.0,34.330794829832485,100.0
1104055020012,3832902845,68,0,100.0,109.09207386643232,0.0,109.09207386643232,100.0
1104055020006,1979127145,71,35,50.7,120.12878094261549,66.41695202820037,53.71182891441512,44.71187378491155
1104055020007,3832902804,43,22,48.84,42.918455446310794,22.51170294099904,20.406752505311754,47.54773277160394
1104055020004,4197387980,48,0,100.0,46.117101898971036,19.931257419441422,26.185844479529614,56.78120133588419
1104055020005,3832902807,48,0,100.0,63.67214214388018,0.0,63.67214214388018,100.0
1104055020002,4735613805,35,15,57.14,34.19017099903833,14.168431255272704,20.021739743765625,58.55992865414091
1104055020003,1945254550,42,0,100.0,47.89815961022829,0.0,47.89815961022829,100.0
1104055020001,4197392026,49,0,100.0,49.910618912988184,0.0,49.910618912988184,100.0
1104055020014,3832897142,47,0,100.0,63.56064872846444,0.0,63.56064872846444,100.0
1104055020008,4197392022,48,24,50.0,65.36707074409549,36.400238508620376,28.96683223547511,44.314104801906915
1104055020201,4244222641,36,19,47.22,34.096957802719096,18.415797361933027,15.68116044078607,45.98991068797217
1104055020301,3928116185,48,20,58.33,49.674380552683736,20.172218728486026,29.50216182419771,59.39110160197822
1104055030002,6868623525,66,0,100.0,126.13834164533286,0.0,126.13834164533286,100.0
1104055030001,13551152965,76,0,100.0,143.34269173473,0.0,143.34269173473,100.0
1104055030103,9083531581,88,1,98.86,158.14096482516905,83.09194967946003,75.04901514570902,47.45703634012769
1104055030102,9083521282,72,5,93.06,128.8994330714459,50.17119921670493,78.72823385474098,61.07725377744973
1104055030101,8332919083,96,10,89.58,171.0261053283664,83.09056678367385,87.93553854469256,51.41644217171305
1104056010001,9483618374,77,27,64.94,173.4771001198346,59.29187257675789,114.1852275430767,65.82149889766417
1104056010101,8431787751,87,28,67.82,174.47820473933223,77.48286475346853,96.9953399858637,55.59166552107367
1104056010103,8431787766,92,27,70.65,185.8975341039726,71.78767861002589,114.1098554939467,61.38320018280877
1104056010102,8431787733,98,32,67.35,188.94631555472182,88.13722467610312,100.8090908786187,53.35329804270399
1104056010201,3832676325,76,16,78.95,165.62387022833022,31.546641116473783,134.07722911185644,80.9528414756983
1104056020006,3833113907,102,21,79.41,172.8021695783967,46.40524419918533,126.39692537921137,73.1454504810877
1104056020004,1717109891,100,36,64.0,196.12093585350746,80.53813494547131,115.58280090803615,58.93445307357228
1104056020005,1717109884,104,35,66.35,196.3562099369529,78.59363940306574,117.76257053388716,59.97394763919053
1104056020002,3833114087,103,25,75.73,189.30888171350787,52.34788366915961,136.96099804434826,72.34789873811589
1104056020003,3833114367,93,35,62.37,196.21057040454824,88.28516193255246,107.92540847199578,55.00489002680868
1104056020001,3833114314,100,41,59.0,201.32416957869393,92.29478876347522,109.0293808152187,54.1561309024057
1104056030007,3833006465,97,22,77.32,167.11003519714566,41.52982183573127,125.5802133614144,75.14821788725192
1104056030006,3833006533,99,13,86.87,182.70626767623708,97.32848122996003,85.37778644627704,46.729533437555595
1104056030004,9083531541,84,0,100.0,151.40265546623078,80.64410307744359,70.7585523887872,46.73534435105688
1104056030003,8495308966,87,19,78.16,153.27019147149264,44.26560850557165,109.00458296592099,71.1192319389744
1104056030002,4674043869,110,41,62.73,199.13878295842756,79.3922617368149,119.74652122161265,60.13219496606599
1104056030001,9083531539,79,0,100.0,138.16046124698872,76.73710837605232,61.4233528709364,44.45798191215517
1104056030108,2356306023,65,22,66.15,106.80850416047727,45.717346476002405,61.091157684474865,57.19690408985303
1104056030107,4636760143,67,20,70.15,104.73393137052874,34.17189435834182,70.56203701218692,67.37266145634489
1104056030106,4636760130,76,22,71.05,130.05291448456464,41.9999212692064,88.05299321535824,67.70551322462583
1104056030105,4636760151,78,26,66.67,131.94242999681572,56.334791301913015,75.6076386949027,57.3035063070518
1104056030104,4636760108,81,22,72.84,138.9481665084229,46.758098551682224,92.19006795674068,66.34853145122445
1104056030103,4655066614,83,22,73.49,144.855315253966,45.009704264266844,99.84561098969917,68.92782002140959
1104056030102,4636760136,61,19,68.85,93.87115361166266,27.380335105183608,66.49081850647906,70.8320031748477
1104056030101,4636760141,61,19,68.85,93.61039911194828,27.47110375225724,66.13929535969105,70.65379059071775
1104057010001,3833113924,95,22,76.84,160.35752638711313,48.69005884732245,111.66746753979068,69.63656153576379
1104057010003,3833114126,85,29,65.88,167.31075325816576,65.78257846075957,101.5281747974062,60.682396570616724
1104057010002,3833114080,78,30,61.54,147.90341089796533,62.00962422751078,85.89378667045455,58.07424328415956
1104057010115,4639723023,73,13,82.19,89.52506191185367,28.763474708675027,60.76158720317864,67.87103622782688
1104057010114,4637843584,80,17,78.75,100.60879220942076,42.47462534996966,58.13416685945109,57.7823921575788
1104057010117,7991097578,67,16,76.12,78.11317853916874,32.74006801069566,45.373110528473084,58.08637079813796
1104057010101,4640923221,70,15,78.57,82.94206768377698,33.187285393884494,49.75478228989249,59.9873908130509
1104057010103,4639723022,73,15,79.45,89.03856555677227,31.497038565156373,57.541526991615896,64.6253975811488
1104057010102,4637843577,83,17,79.52,107.15080516459228,44.16280303475994,62.988002129832346,58.784441267685935
1104057010105,4640923237,79,15,81.01,96.34978375631832,33.47611017954822,62.873673576770095,65.25564575815359
1104057010104,4640923232,65,15,76.92,81.39041061816182,36.42406315071271,44.96634746744911,55.24772160003714
1104057010107,4639723023,73,13,82.19,89.52506191185367,28.763474708675027,60.76158720317864,67.87103622782688
1104057010106,4640923230,50,20,60.0,86.18614383765842,43.280598870633874,42.90554496702455,49.78241635667342
1104057010119,4640923239,84,16,80.95,105.33102114513689,38.52166514795677,66.80935599718012,63.42799611248684
1104057010118,4640923217,60,15,75.0,70.31392565998007,31.700599249751345,38.61332641022872,54.915617422575394
1104057010108,4640923242,72,13,81.94,86.12184511786195,28.942192848328517,57.179652269533435,66.39390063146034
1104057010109,4640923250,70,12,82.86,84.52125824238814,27.966832594513434,56.55442564787471,66.91148099770263
1104057010111,4639723025,90,21,76.67,131.63133607336127,54.18693157773325,77.44440449562802,58.83432228665249
1104057010112,4640923218,84,17,79.76,112.39884232357305,40.48446503916495,71.91437728440809,63.98142169238847
1104057010201,4640923225,55,16,70.91,64.86304147140821,31.170247898369944,33.692793573038266,51.944516952523934
1104057020002,3833147120,76,30,60.53,88.85674322878765,53.47738971429227,35.37935351449538,39.81617177145565
1104057020001,4697491689,90,36,60.0,136.29543751641043,71.14758575945883,65.1478517569516,47.79899675593145
1104057020104,4697513809,59,24,59.32,92.74231959436091,48.81866617612736,43.92365341823355,47.360960573714486
1104057020102,4697513812,56,24,57.14,87.86833123593433,43.302312387372815,44.56601884856152,50.71909096452255
1104057020103,4697514624,64,28,56.25,104.32976692478401,55.86669874560392,48.46306817918009,46.45181294626995
1104057020101,4697513793,64,28,56.25,104.14944813768355,55.7667677322701,48.38268040541345,46.455052110744255
1104057020202,4697491483,92,41,55.43,149.03990108038877,77.96696027547736,71.07294080491141,47.68719000060008
1104057020203,4697491486,81,36,55.56,114.80084211359936,66.59126303450297,48.209579079096386,41.99409881627119
1104057020201,4697491482,83,39,53.01,138.21042570250125,74.74443958340552,63.46598611909573,45.91982536520554
1104057020306,4646375973,84,20,76.19,120.96324209191738,51.99222768986357,68.97101440205381,57.01815957416569
1104057020307,8214317351,79,18,77.22,96.75259651107369,45.04712058085481,51.70547593021888,53.44091817143223
1104057020304,8214317346,73,15,79.45,86.41178421905859,40.802991539474,45.60879267958459,52.780755647822076
1104057020305,8214317371,74,17,77.03,88.9967240266062,43.215029288660745,45.78169473794546,51.441999959749865
1104057020302,8214317294,88,23,73.86,109.01594220041567,60.64401014835544,48.371932052060224,44.37142960534426
1104057020303,8214317195,70,19,72.86,97.45232742137132,49.83763670365166,47.61469071771966,48.85947003793954
1104057020301,4646375977,100,20,80.0,141.52477370103125,52.74618557017869,88.77858813085257,62.73006895485017
1104057020312,8214317358,70,13,81.43,82.66737880271337,32.13271848446773,50.53466031824564,61.1301108734162
1104057020313,8214317350,72,13,81.94,85.25229524047847,33.88300405662242,51.369291183856056,60.25561075975055
1104057020314,8214317241,71,19,73.24,105.57043939473361,46.78852195088267,58.78191744385094,55.680281128756285
1104057020315,8214317198,86,24,72.09,103.43493165432287,60.469561462741844,42.96537019158102,41.53854940917861
1104057020308,8214317241,71,19,73.24,105.57043939473361,46.78852195088267,58.78191744385094,55.680281128756285
1104057020309,8214317304,80,19,76.25,97.42813815181587,53.25137821840513,44.17675993341074,45.34291711966516
1104057020310,8214317367,70,14,80.0,83.64163086723367,34.42708616972031,49.21454469751336,58.83977175867453
1104057020311,8214317373,77,18,76.62,94.82407603944631,45.77334646854194,49.05072957090437,51.72813869602012
1104057020403,4697491695,89,17,80.9,129.5821859142271,42.258547687387946,87.32363822683915,67.38861334276326
1104057020401,4697491689,90,36,60.0,136.29543751641043,71.14758575945883,65.1478517569516,47.79899675593145
1104057020402,4697491695,89,17,80.9,129.5821859142271,42.258547687387946,87.32363822683915,67.38861334276326
1104058010001,7613988478,18,0,100.0,28.25510490832972,0.0,28.25510490832972,100.0
1104058010106,4697491754,62,22,64.52,100.93924679461666,42.81968026153701,58.119566533079656,57.57875987655905
1104058010101,4697491761,56,20,64.29,86.48747990806805,34.190725078925496,52.29675482914256,60.46742821588909
1104058010103,4697491745,55,19,65.45,82.35187892301911,28.050551648742417,54.3013272742767,65.93817649872506
1104058010102,7838649561,63,19,69.84,93.47084771305467,28.67714713339663,64.79370057965804,69.31968861410955
1104058010105,4697491734,57,19,66.67,88.62395916246207,28.38787623962489,60.236082922837184,67.9681696598712
1104058010104,4697491757,57,22,61.4,89.7597254337069,40.225225034986465,49.53450039872044,55.18566390369
1104058010107,4697491735,54,19,64.81,80.09421147299985,27.926873467587363,52.16733800541248,65.1324696829038
1104058010201,4697491696,75,19,74.67,120.73465633167548,28.346441514461638,92.38821481721385,76.52170273579951
1104058010202,4697491701,73,19,73.97,117.07101167294029,28.239045302704067,88.83196637023622,75.87870395995627
1104058020004,1717113976,86,31,63.95,102.02036053983335,56.33487446521766,45.68548607461569,44.78075340341305
1104058020005,1717115957,86,31,63.95,107.57892625942037,56.1736459644913,51.40528029492907,47.78378264435193
1104058020002,1717114445,86,30,65.12,101.8625160509364,53.5344019944226,48.328114056513805,47.44445349489237
1104058020003,1717113281,85,30,64.71,101.50655675071118,55.07678134718923,46.42977540352195,45.74066630744684
1104058020001,1717115788,87,26,70.11,102.18694865927063,46.96717560790897,55.219773051361656,54.037989954553744
1104058020102,1708191446,63,5,92.06,98.98848418290898,8.216212163266825,90.77227201964214,91.6998303074476
1104058020101,1708191159,46,5,89.13,55.99927895640312,7.61651287451582,48.3827660818873,86.3989090280154
1104058020201,1708102182,93,24,74.19,107.6209622397508,31.92792291510999,75.69303932464081,70.33298880567236
1104058020203,1708088445,83,24,71.08,92.77856162927856,35.351529363092034,57.42703226618652,61.89687709931473
1104058020304,1708114584,49,0,100.0,50.12684472629096,0.0,50.12684472629096,100.0
1104058020302,1708118192,78,0,100.0,90.91370786494119,0.0,90.91370786494119,100.0
1104058020303,1708113705,61,0,100.0,64.92525133113374,0.0,64.92525133113374,100.0
1104058020301,8495379222,46,0,100.0,47.18253952285815,0.0,47.18253952285815,100.0
1104058030003,1708135891,70,0,100.0,75.87415476650615,12.574622839234522,63.29953192727163,83.42700109420467
1104058030002,1708130109,67,0,100.0,79.94214501340828,14.467443251833886,65.4747017615744,81.90260813065832
1104058030001,1708151542,73,0,100.0,87.2476466953123,13.374176562190069,73.87347013312223,84.67101742136886
1104058030105,4697502660,62,5,91.94,73.49755826638726,7.880555410661393,65.61700285572587,89.27779970308836
1104058030104,4697502654,58,5,91.38,65.60094229088732,8.08928141995926,57.511660870928054,87.66895544870404
1104058030103,1708192432,56,5,91.07,86.93981965668955,7.986067615680165,78.95375204100938,90.81425790021675
1104058030102,8214317146,57,4,92.98,70.19666836191935,3.551146206087555,66.6455221558318,94.94114708154156
1104058030101,4697502644,50,4,92.0,59.86056580571453,3.449694428896843,56.41087137681769,94.23711690248086
1104058030106,8214317147,67,5,92.54,87.04181583163337,7.251294148200515,79.79052168343286,91.66918327826843
1104059010001,8598787935,75,7,90.67,89.18830650080946,16.906278004306966,72.28202849650249,81.04428857593172
1104059020004,3849606102,75,6,92.0,92.37793851672856,22.21127164115262,70.16666687557594,75.95608648797632
1104059020005,8598785464,54,6,88.89,59.198443767893394,13.84837706551004,45.35006670238336,76.60685622107387
1104059020002,3849606136,47,6,87.23,52.346578878219155,11.098088229447852,41.2484906487713,78.79882798975876
1104059020003,3849606114,53,6,88.68,58.12575408849768,13.158599452655777,44.9671546358419,77.36184302637771
1104059020001,3849606064,79,6,92.41,96.59051786748404,21.723452308807428,74.86706555867661,77.5097465171368
1104059030002,10117694181,94,26,72.34,110.4570419436706,55.764767417184984,54.69227452648562,49.51452036383235
1104059030001,3833145730,91,8,91.21,103.94868433984952,11.67979305881195,92.26889128103757,88.7638856297343
1104059030103,3833145714,85,8,90.59,93.72831793869747,11.662700066520106,82.06561787217737,87.5569088158095
1104059030102,8495257895,97,0,100.0,106.77943627247221,0.0,106.77943627247221,100.0
1104059030207,8214316991,71,22,69.01,83.14453593329998,27.438820280793035,55.70571565250694,66.99864883146988
1104059030205,8214317012,83,21,74.7,93.00751514250227,24.297373356997827,68.71014178550445,73.87590312484922
1104059030204,8214316859,76,14,81.58,91.71611647021872,34.43283176050203,57.28328470971669,62.45716338013203
1104059030203,8214316859,76,14,81.58,91.71611647021872,34.43283176050203,57.28328470971669,62.45716338013203
1104059030202,8214317025,85,22,74.12,99.03617429083553,27.61892800160654,71.41724628922898,72.11228301236763
1104059030201,8214316960,68,21,69.12,78.59493577675566,27.11582240341632,51.479113373339345,65.49927532171127
1104059030213,8214317072,67,12,82.09,77.53243579078337,20.286572800058565,57.2458629907248,73.83472788756352
1104059030212,8214316856,70,18,74.29,80.75840433719385,32.91306862647505,47.8453357107188,59.24502360268068
1104059030209,8214316974,73,22,69.86,87.35062315376075,29.945020527332222,57.40560262642853,65.71859541903797
1104059030208,4646012770,83,17,79.52,104.11350151065506,38.95789173489689,65.15560977575817,62.58132598593862
1104059030211,8214316979,64,21,67.19,72.81853447479526,26.542421000877354,46.2761134739179,63.54991048321015
1104059030210,8214316987,77,22,71.43,89.00944371365757,27.333531740826842,61.67591197283073,69.29142504388803
1104062010001,3807096256,69,0,100.0,83.86540446119683,0.0,83.86540446119683,100.0
1104062010003,3807096410,66,0,100.0,79.60111610279324,0.0,79.60111610279324,100.0
1104062010002,3807096449,83,0,100.0,102.21206331870661,0.0,102.21206331870661,100.0
1104062010004,3807096468,76,1,98.68,91.8595777251914,0.9982503858438916,90.86132733934751,98.9132865504452
1104062010101,3807096338,67,1,98.51,80.53039236394484,0.981459331602862,79.54893303234198,98.7812559919399
1104062020002,3807096040,57,2,96.49,71.36213494015358,4.672612138629466,66.68952280152412,93.45225287535463
1104062020001,13233950654,67,2,97.01,79.49973346942336,4.425586465032726,75.07414700439064,94.43320590913068
1104062020201,8142947268,56,1,98.21,68.78664991268272,4.7724314849095695,64.01421842777314,93.06198006303889
1104062030003,3807096345,78,7,91.03,91.98573002502621,9.92086685556226,82.06486316946396,89.21477619097755
1104062030002,3807096351,80,6,92.5,96.25046586232031,7.465152505899751,88.78531335642056,92.24403493633149
1104062030001,7276110364,45,0,100.0,56.370664366024364,0.0,56.370664366024364,100.0
1104062030107,3807096288,80,3,96.25,95.92529014330046,2.9282228575365172,92.99706728576395,96.9473922328907
1104062030106,3807096290,81,2,97.53,99.23904144027894,1.9991355306074987,97.23990590967144,97.98553522727185
1104062030104,5062336386,72,3,95.83,90.38731504640502,2.969634839102085,87.41768020730294,96.71454469293897
1104062030102,4201516964,70,0,100.0,90.14992338634434,0.0,90.14992338634434,100.0
1104062030101,3807095985,43,3,93.02,48.32316674835038,2.710718063490381,45.61244868486,94.39043786677553
1104062030205,8168240298,61,8,86.89,74.98320267568802,11.087473077838453,63.89572959784957,85.21339088996612
1104062030204,8168240324,37,7,81.08,46.90858268040689,9.720846159137722,37.187736521269166,79.27704142040088
1104062030203,8168240316,53,8,84.91,66.35422080465372,10.707819517124307,55.646401287529415,83.86263995375963
1104062030202,3807095897,25,0,100.0,27.035787253112026,2.4447300718457488,24.59105718126628,90.95742968770277
1104062030201,8168240313,40,7,82.5,51.42086521657147,9.774991892344726,41.64587332422674,80.99022283819033
1104062030303,8168240444,60,8,86.67,71.91752650220938,11.230436694948128,60.68708980726126,84.38428399702663
1104065010001,4652841537,50,6,88.0,106.75570148210687,11.548484885160901,95.20721659694597,89.18232494861502
1104065010002,4179011694,58,10,82.76,128.08491446823496,17.992411244126675,110.09250322410828,85.95274758247288
1104065010201,436839066,64,14,78.12,139.27845224816193,41.766113377395534,97.5123388707664,70.01250896802185
1104065020004,732242060,51,10,80.39,110.57936654628367,18.65222058948165,91.92714595680201,83.13227759206356
1104065020002,9081846734,51,10,80.39,114.42460730107445,19.052606303515052,95.3720009975594,83.34920542625612
1104065020003,4179011692,54,10,81.48,119.899773927664,18.55053507369519,101.34923885396881,84.52829853967297
1104065020001,8319137361,45,9,80.0,99.96034381870496,22.672171886824835,77.28817193188013,77.31883362871915
1104065020201,9497242890,46,10,78.26,103.63120152793064,30.056370998382477,73.57483052954817,70.99679386590756
1104065020202,9497242893,42,9,78.57,94.69239575068855,23.021334969120183,71.67106078156837,75.68829599608817
1104065020302,4179011703,54,10,81.48,119.77527468948243,19.264446529853537,100.51082815962889,83.91617420223277
1104065020301,4179354324,56,10,82.14,121.87044703010456,18.811642194832622,103.05880483527193,84.56422975933964
1104065030006,8450140846,37,0,100.0,72.96211260002966,6.675340158770137,66.28677244125952,90.85095000556846
1104065030005,8450140846,37,0,100.0,72.96211260002966,6.675340158770137,66.28677244125952,90.85095000556846
1104065030004,4179354344,52,0,100.0,103.95695291729284,6.5234607604505355,97.4334921568423,93.72484420004064
1104065030003,3854893950,55,0,100.0,115.88363279436017,0.0,115.88363279436017,100.0
1104065030002,9577082240,34,0,100.0,66.9755902893817,6.442230676588272,60.533359612793426,90.38122598284943
1104065030001,4963715642,24,0,100.0,43.428031912797856,1.821289759606704,41.60674215319115,95.80618858514288
1104065030201,4179354333,47,0,100.0,89.78429524601304,6.791187067345341,82.99310817866771,92.43610806462625
1104065040004,4179354361,53,0,100.0,115.51077319388249,1.9936717325369222,113.51710146134556,98.27403827590125
1104065040001,4179354316,53,0,100.0,110.07457914738143,6.400479874040897,103.67409927334053,94.18532423778687
1104065040002,4179354359,63,0,100.0,133.15172776949527,0.0,133.15172776949527,100.0
1104065040003,3854893930,63,0,100.0,133.9461919425581,0.0,133.9461919425581,100.0
1104065040101,8498422127,48,10,79.17,96.81702790747428,16.890661842153545,79.92636606532074,82.5540380579586
1104065040102,9081846569,52,10,80.77,110.76332576159373,18.495426088527882,92.26789967306586,83.30185017346146
1104065040201,4179009448,55,10,81.82,121.51318977723761,19.066224030896876,102.44696574634074,84.30933788681725
1104065040202,9081846578,51,10,80.39,107.0573014847622,17.536949829339342,89.52035165542287,83.61909969135975
1104066010003,3856575602,36,9,75.0,81.9943373429778,29.414865033534255,52.579472309443545,64.12573601211814
1104066010002,5687414053,38,17,55.26,89.76040092155542,47.838260016624645,41.92214090493077,46.704493824139576
1104066010005,3856575590,32,15,53.12,78.9065397192312,41.79459539565433,37.11194432357687,47.03278645297368
1104066010004,3856575565,39,21,46.15,81.04532853888513,50.53158360901381,30.513744929871322,37.65022053705537
1104066010007,3856575613,39,13,66.67,93.2823661908572,40.189418921918936,53.09294726893827,56.916381345118594
1104066010006,3856575560,50,24,52.0,105.60816059194939,59.77304641839237,45.83511417355702,43.401110214063394
1104066010009,2551966253,35,11,68.57,79.09193484659703,33.16763624155393,45.9242986050431,58.06445207607539
1104066010008,3856575454,31,18,41.94,72.35314553965728,44.67103921166127,27.68210632799601,38.259713688360996
1104066010010,3856575611,34,11,67.65,84.08024279399363,35.041361298171225,49.03888149582241,58.32390567183941
1104066010001,8497861056,46,1,97.83,94.19687641184998,4.987353053460694,89.20952335838929,94.70539444253453
1104066010104,5687414075,33,12,63.64,82.36681221436119,37.48549988364573,44.88131233071546,54.48955850556775
1104066010101,5687414061,30,12,60.0,71.93767566950953,37.16876862729997,34.76890704220956,48.33198559533973
1104066010103,5687414074,33,11,66.67,81.22228045942931,34.99882200753763,46.22345845189168,56.90982596207748
1104066010102,5687414064,32,12,62.5,74.88548949328496,37.38762330945438,37.49786618383058,50.07360763421737
1104066010201,3856575561,43,23,46.51,92.6844906930629,54.05840376458305,38.62608692847985,41.67481165365121
1104066010401,3856575588,30,16,46.67,75.50719972173925,41.74647990505816,33.760719816681096,44.711921434110685
1104066010601,8498915641,45,22,51.11,96.37057973467945,55.074393134755724,41.29618659992373,42.85144565241531
1104066020006,436855774,37,0,100.0,74.68293418442666,0.0,74.68293418442666,100.0
1104066020007,3856575201,36,0,100.0,84.23349745264116,0.0,84.23349745264116,100.0
1104066020004,11236756283,27,0,100.0,46.2665289089843,0.0,46.2665289089843,100.0
1104066020005,3856575373,37,0,100.0,77.6694361623695,0.0,77.6694361623695,100.0
1104066020002,3856575251,41,0,100.0,88.31170028231058,0.0,88.31170028231058,100.0
1104066020003,3856575357,39,0,100.0,77.92274835018615,0.0,77.92274835018615,100.0
1104066020001,3856575173,37,0,100.0,71.04063330446415,0.0,71.04063330446415,100.0
1104066020008,3856575391,41,0,100.0,90.43598832113203,0.0,90.43598832113203,100.0
1104066020101,3856575176,36,0,100.0,70.90446376210237,0.0,70.90446376210237,100.0
1104066030002,4179009475,43,9,79.07,99.47767746905227,23.17740874152021,76.30026872753206,76.70089478241916
1104066030001,2551966245,59,28,52.54,126.39152386098793,68.43136905340589,57.96015480758204,45.857627977750845
1104066030101,4179011715,55,22,60.0,120.996733463162,51.95554978321723,69.04118367994477,57.0603698991301
1104067010001,2551966228,56,31,44.64,127.32677441159674,67.83369190264939,59.49308250894735,46.72472289027751
1104067010003,3854893920,63,31,50.79,138.43319606759866,66.4932965481551,71.93989951944356,51.96723153333424
1104067010002,2442109153,69,33,52.17,151.67710613625616,70.41485064990174,81.26225548635442,53.57582139875089
1104067010101,4652843025,64,21,67.19,134.21123216027846,56.58988196027387,77.62135020000458,57.835211666417905
1104067010102,4652843026,64,26,59.38,134.42659699756078,51.8517989917289,82.57479800583188,61.427425710501495
1104067020002,4179264084,53,30,43.4,122.46309019692515,65.46103340916481,57.00205678776034,46.54631587043813
1104067020003,3785495802,51,30,41.18,116.74396159550805,70.58681685741,46.157144738098054,39.537072502321216
1104067020001,3714679940,50,30,40.0,111.88418686192743,72.20612433123198,39.678062530695456,35.46351244404255
1104067020006,9561832599,43,29,32.56,98.3810014621182,70.24030724243462,28.14069421968358,28.603789147764687
1104067020004,3846729630,54,33,38.89,121.73112065853343,74.3924976108899,47.33862304764352,38.88785611399451
1104067020005,9561832600,41,24,41.46,91.39856837628317,57.806127093877365,33.5924412824058,36.75379371819859
1104067020101,4179264077,53,30,43.4,120.99656053264191,67.83573436742418,53.16082616521773,43.93581596964175
1104067030009,4179264057,48,10,79.17,116.144221535585,38.57509634334838,77.56912519223663,66.78690008565816
1104067030012,4664731636,52,29,44.23,119.66882175888225,60.833279838143376,58.83554192073887,49.16530559587622
1104067030011,3846729642,52,0,100.0,120.73085767548035,0.0,120.73085767548035,100.0
1104067030007,4148031678,52,22,57.69,120.73437432543793,47.375993061224854,73.35838126421308,60.760145297540966
1104067030006,601728847,17,0,100.0,40.97578599117857,0.0,40.97578599117857,100.0
1104067030005,8502320521,39,1,97.44,94.16017450300362,0.9991459157246411,93.16102858727898,98.9388869328266
1104067030004,4179264043,32,0,100.0,76.190016213297,0.0,76.190016213297,100.0
1104067030002,4179264026,46,1,97.83,99.62388661701033,6.650348748319077,92.97353786869125,93.32454396816962
1104067030001,8502320522,38,0,100.0,90.66950818508938,0.0,90.66950818508938,100.0
1104067030008,4179264034,47,0,100.0,108.48839166043844,0.0,108.48839166043844,100.0
1104067030010,3846729653,46,1,97.83,108.97948643437341,15.49804269540911,93.4814437389643,85.77893583234868
1104067030201,8502294693,43,1,97.67,102.47840557244145,1.0,101.47840557244145,99.02418466172065
1104067030401,4179264050,33,1,96.97,79.57468167695423,23.01526260644768,56.55941907050655,71.07715403766022
1104067030501,3846729644,39,1,97.44,92.30842231018318,23.277876878944582,69.0305454312386,74.78249947689048
1104067040006,4179349685,47,0,100.0,105.92235640348933,0.0,105.92235640348933,100.0
1104067040001,4179349666,49,1,97.96,109.99566859291059,6.378796482904602,103.61687211000599,94.20086575725789
1104067040002,4179354314,55,1,98.18,122.08376425393787,3.9988740346525997,118.08489021928527,96.72448334216266
1104067040003,4179349663,41,1,97.56,88.50938392325992,6.977623866416095,81.53176005684382,92.1165151567817
1104067040004,4179265292,58,1,98.28,127.21748406460821,4.0,123.21748406460821,96.8557780957462
1104067040005,436823611,52,0,100.0,120.94218915015985,0.0,120.94218915015985,100.0
1104067040201,4179349663,41,1,97.56,88.50938392325992,6.977623866416095,81.53176005684382,92.1165151567817
1104068010004,3846108111,31,18,41.94,63.5802313583241,35.983047822202046,27.597183536122053,43.405289579068125
1104068010001,4179132967,27,15,44.44,63.72942119178602,33.99346015864704,29.735961033138977,46.659706736786745
1104068010003,12866013678,34,20,41.18,74.42907373310376,43.67906714286016,30.7500065902436,41.31450930117775
1104068010002,3846108101,29,18,37.93,60.062436670634526,39.22313756554119,20.83929910509334,34.69606006724333
1104068010005,3846108094,34,21,38.24,61.64444721323745,38.72468140874551,22.919765804491938,37.18058453052391
1104068010101,3846108095,46,27,41.3,86.7904007339954,50.478064484425616,36.31233624956978,41.839115780630806
1104068010201,3846108093,52,31,40.38,109.32176442627345,66.31260286270124,43.009161563572206,39.34181065342901
1104068010203,3846108099,47,30,36.17,96.1100277703011,58.3970056816339,37.7130220886672,39.23942481714783
1104068010202,4670268514,44,24,45.45,82.24289008452529,45.23518439286415,37.00770569166114,44.99806080942243
1104068010301,5856100565,42,21,50.0,87.604302756808,48.80432511782733,38.799977638980664,44.29003646851741
1104068020002,3846107070,46,31,32.61,91.85140039929418,65.30487527348299,26.546525125811186,28.901600857917003
1104068020001,3785500256,30,26,13.33,61.42653226770639,51.281855088767834,10.144677178938558,16.51513898705282
1104068020101,9584243076,30,25,16.67,65.31688241517391,51.7787356300733,13.538146785100608,20.726872264123145
1104068030003,3856575402,62,39,37.1,133.04118225080316,86.18706169711251,46.85412055369065,35.21775720946571
1104068030002,3856575400,69,34,50.72,148.33484309140448,75.7103533909972,72.62448970040728,48.95983181487292
1104068030001,3856575427,65,29,55.38,135.90130165975242,67.01183693491181,68.88946472484061,50.69080566815677
1104068030101,3856575398,70,33,52.86,150.7996332518985,74.06401401879774,76.73561923310078,50.88581290175963
1104068040001,9579795294,50,0,100.0,108.77879685231399,77.11136932692952,31.66742752538447,29.11176483076796
1104069010009,10246831341,6,0,100.0,12.555575273753087,0.0,12.555575273753087,100.0
1104069010008,4177457006,21,16,23.81,41.010013176846755,31.284151417229932,9.725861759616823,23.71582207905216
1104069010006,4177453108,16,14,12.5,30.429742417191893,26.342518679464124,4.0872237377277685,13.431673793658566
1104069010001,4177445754,14,12,14.29,25.823514167329293,23.082197684396544,2.741316482932749,10.6155826243081
1104069010003,5977768718,18,0,100.0,33.84585855028134,0.9293866823231124,32.91647186795823,97.25406084486697
1104069010002,4177456383,16,14,12.5,30.972657004701627,26.98297641554472,3.989680589156908,12.881299103758767
1104069010005,7856245543,10,10,0.0,17.90271552617022,17.89127497203928,0.011440554130938807,0.06390401564620175
1104069010004,4177445701,9,0,100.0,15.32077630825141,0.0,15.32077630825141,100.0
1104069010007,4177457002,20,0,100.0,41.856327863299605,0.0,41.856327863299605,100.0
1104069010012,4177453109,16,14,12.5,30.1042246313196,26.117498881904844,3.986725749414756,13.243077336285477
1104069010011,4177456380,17,15,11.76,33.84758593341641,28.633457814009702,5.214128119406709,15.40472673491022
1104069010014,5978080087,16,12,25.0,28.956021986563712,22.45109984216794,6.5049221443957705,22.464833558332735
1104069010013,436761711,1,0,100.0,2.88070265125822,0.0,2.88070265125822,100.0
1104069010010,4177445759,13,11,15.38,24.69891356297286,21.78739544108973,2.9115181218831303,11.78804126124764
1104069010101,4177445735,12,11,8.33,22.256914475781628,21.570675044508093,0.6862394312735347,3.083263998791257
1104069010102,2135106296,11,0,100.0,18.309286649782262,0.0,18.309286649782262,100.0
1104069010201,7856245589,16,15,6.25,30.845774477482554,29.32490851980243,1.5208659576801224,4.9305487816179046
1104069010202,7856245582,16,14,12.5,30.064153926265686,26.906498377429863,3.157655548835823,10.503058082326817
1104069020001,4177451183,28,1,96.43,50.83584822776067,0.9809070495656105,49.85494117819506,98.07044224939293
1104069020004,5977768719,26,1,96.15,46.99469457004751,0.9757218224377917,46.018972747609716,97.92376175360936
1104069020005,9994039375,29,1,96.55,64.86219268664546,3.0,61.86219268664546,95.37480946027644
1104069020002,4177453103,23,0,100.0,45.27456198041854,0.0,45.27456198041854,100.0
1104069020003,4177453123,23,0,100.0,46.16581697219366,0.0,46.16581697219366,100.0
1104070010004,3800707877,11,7,36.36,18.170470318764,13.999753208607464,4.170717110156536,22.95326998690609
1104070010001,1859641598,1,0,100.0,2.576542113069688,0.0,2.576542113069688,100.0
1104070010003,9925220556,8,7,12.5,16.83390769516422,15.894447888801407,0.9394598063628141,5.580758926417824
1104070010002,4946570018,7,0,100.0,12.249746545203754,0.0,12.249746545203754,100.0
1104070020025,3800707857,17,4,76.47,15.224242827171874,4.169272993959103,11.054969833212771,72.61425056543447
1104070020022,3832604888,16,4,75.0,14.001547791365384,4.958926628518292,9.042621162847093,64.58301108984243
1104070020023,3832604919,16,4,75.0,13.888097210274523,4.7565393282890716,9.13155788198545,65.75096461183935
1104070020020,3800708038,16,2,87.5,14.605578902745892,3.6202557405873526,10.98532316215854,75.21319925287773
1104070020021,3800707859,17,4,76.47,15.165987856628401,4.62161334311355,10.544374513514851,69.52646021608385
1104070020008,3800707835,17,4,76.47,14.77919630106162,4.78229689201838,9.996899409043241,67.64169854300631
1104070020009,3800707934,17,4,76.47,15.492902196216244,5.272723882900951,10.220178313315294,65.96684200208351
1104070020017,3800707971,17,4,76.47,15.536215674967623,5.301686525006204,10.23452914996142,65.8753029957712
1104070020014,3800707930,28,4,85.71,25.930496162138997,5.044443943968986,20.88605221817001,80.54628838404429
1104070020015,2135060915,11,0,100.0,9.705660294212361,3.6387868437585995,6.066873450453762,62.50861112531967
1104070020012,11898016217,16,4,75.0,14.188402513566759,4.966076255583408,9.222326257983351,64.99904586978758
1104070020013,4173472990,17,4,76.47,15.184424369544702,5.286512070860136,9.897912298684567,65.18463958723876
1104070020010,3800707974,17,4,76.47,15.090464609475186,4.926247269822815,10.164217339652371,67.35523128473021
1104070020011,3832604886,16,4,75.0,14.34900788128905,5.213681592961896,9.135326288327153,63.665212005629456
1104070020024,3832604892,15,2,86.67,13.96727573946559,3.5509464636678394,10.41632927579775,74.57667099938199
1104070020019,2135060890,3,0,100.0,4.000765621605279,0.0,4.000765621605279,100.0
1104070020018,3832604953,7,2,71.43,7.595547240261505,3.284028129099701,4.311519111161804,56.76377191504854
1104070020006,2460191651,4,1,75.0,4.1522657602951085,2.0574099306151954,2.094855829679913,50.45090922915849
1104070020007,3832604884,15,2,86.67,14.302289547774349,3.5938278423402146,10.708461705434134,74.87235990898067
1104070020004,3832604882,17,4,76.47,15.94614093286706,5.2152866627882934,10.730854270078765,67.29436492036193
1104070020005,4173480350,17,4,76.47,15.923419966383928,5.2345685552272565,10.688851411156673,67.12660617958957
1104070020002,3800707905,25,0,100.0,22.875541572530846,0.0,22.875541572530846,100.0
1104070020003,6856237218,6,0,100.0,4.894315046734981,1.6396058289894517,3.2547092177455292,66.4997897901313
1104070020301,3800707960,16,4,75.0,14.718310830004034,5.304204139114981,9.414106690889053,63.96186899177256
1104071010001,3832952799,55,28,49.09,132.76680631049265,70.77812085730487,61.988685453187784,46.68989725354927
1104071010002,9482027331,55,24,56.36,131.69281584350554,64.15641344660389,67.53640239690165,51.28328524553469
1104071010201,3832952799,55,28,49.09,132.76680631049265,70.77812085730487,61.988685453187784,46.68989725354927
1104071010303,8113837637,34,28,17.65,92.18037687969588,67.21818514284698,24.962191736848908,27.079724103782883
1104071010302,9739851483,42,27,35.71,102.13141804670295,64.1189586429017,38.012459403801245,37.21916343746329
1104071010305,9740314297,37,27,27.03,96.3024615349929,65.4449834943771,30.857478040615803,32.0422526576886
1104071010304,9739851477,45,26,42.22,108.05846465423778,58.34769551702982,49.71076913720796,46.003586388415734
1104071010307,9740314286,39,26,33.33,96.43907173196918,58.97467034605799,37.46440138591119,38.84774159796468
1104071010306,9740314274,49,25,48.98,114.99259509779736,55.26344580139805,59.729149296399314,51.941735244431754
1104071010301,9740314272,45,23,48.89,106.07437006354473,43.028699293581546,63.04567076996319,59.43534779626327
1104071020001,2135148783,27,23,14.81,65.18084170175752,48.64855098026934,16.532290721488174,25.3637269631061
1104071020002,8591832213,33,21,36.36,84.83090590297434,43.331543278754005,41.49936262422033,48.92009837981146
1104071020003,6040902785,23,18,21.74,49.718158907103174,36.53904682722588,13.179112079877292,26.50764302133965
1104071020103,8442360794,23,20,13.04,49.63388062834114,38.113982216819636,11.519898411521503,23.20974758710202
1104071020106,9214740288,23,19,17.39,51.347639203541966,38.327491818764024,13.020147384777943,25.356856881318528
1104071020104,8357189273,24,19,20.83,56.02880675887247,41.18431999461674,14.844486764255727,26.49438319852318
1104071020105,6040903182,22,18,18.18,46.9936127980293,35.87097373737801,11.122639060651288,23.6684059777539
1104071020102,8442364517,25,21,16.0,57.14417074094614,43.01134709814109,14.13282364280505,24.731872839443103
1104071020204,6040903189,32,25,21.88,84.49962560569382,53.7216774446243,30.777948161069524,36.42376867406572
1104071020205,8615050366,30,21,30.0,70.81055587060115,40.436238750252876,30.374317120348273,42.89518242993904
1104071020202,8591866823,31,21,32.26,81.46351141129608,42.599489122156065,38.86402228914002,47.70727607471014
1104071020203,6040903176,32,27,15.62,85.12885144739937,61.096456574475816,24.032394872923554,28.230610967156107
1104071020201,8615050346,38,20,47.37,98.87047336762514,33.51532232921457,65.35515103841057,66.1017883422119
1104071020208,6040903221,29,20,31.03,75.17696707055381,38.37409187182088,36.802875198732934,48.95498798746872
1104071020206,6040903169,29,23,20.69,72.20597615186487,47.203350627370334,25.00262552449454,34.626809104981255
1104071020207,6040903219,33,23,30.3,87.93289099601604,45.77746574400781,42.15542525200823,47.94045183152019
1104071030001,8449830059,29,25,13.79,77.7622308389744,59.52239721963799,18.239833619336416,23.455903235474846
1104071040002,1717107900,69,27,60.87,166.72911445352472,74.91258961561806,91.81652483790666,55.06928117434479
1104071040003,9482859388,71,30,57.75,171.03755146491565,77.3075487263372,93.73000273857845,54.80083287897452
1104071040008,9481699343,60,30,50.0,144.23748277410436,73.81491032878397,70.4225724453204,48.82404427121887
1104071040009,1717108823,77,24,68.83,182.06623206154097,75.06036664237601,107.00586541916496,58.773043308215144
1104071040010,9525455020,70,0,100.0,169.98559333247505,0.0,169.98559333247505,100.0
1104071040011,4200572789,80,27,66.25,186.30174546545783,76.60979184276488,109.69195362269295,58.878650518618414
1104071040004,9610818527,78,30,61.54,183.8007395600135,79.74964653454356,104.05109302546995,56.6108130329344
1104071040005,1717101777,66,31,53.03,160.83991847377382,79.13477309706485,81.70514537670897,50.799046749101414
1104071040006,9522228571,70,31,55.71,173.60996791400495,82.56239764002552,91.04757027397943,52.4437458101936
1104071040007,1717099678,64,32,50.0,161.32798504553304,73.74233101423039,87.58565403130265,54.2904282890427
1104071040001,9663278533,83,28,66.27,188.51341531045995,75.85602764666109,112.65738766379886,59.7609392828967
1104071040301,9660991666,74,27,63.51,180.16364182611315,77.62752698202291,102.53611484409024,56.91276763990709
1104071040302,1717103349,76,27,64.47,181.41783365901497,77.23450357508217,104.1833300839328,57.42728153162232
1104072010012,2718296805,78,0,100.0,88.99257160376501,5.5877161945809375,83.40485540918408,93.72114313151893
1104072010015,3848968239,81,9,88.89,92.41463382999456,12.296163620475603,80.11847020951896,86.69457085866341
1104072010014,3848967999,78,0,100.0,88.75587968612794,0.0,88.75587968612794,100.0
1104072010016,4634839671,80,9,88.75,92.7482096145038,12.719580288997102,80.0286293255067,86.28590207631561
1104072010009,3807096512,82,8,90.24,94.51622255583062,11.096356245145905,83.41986631068471,88.2598394803693
1104072010008,3848968635,78,9,88.46,93.75362413788761,13.05513734314756,80.69848679474005,86.07505847032985
1104072010001,3848968008,80,0,100.0,90.94120915698963,10.420332501476267,80.52087665551336,88.5416824802847
1104072010002,3848967848,82,4,95.12,92.08629740699477,5.922513911735012,86.16378349525976,93.56851770729882
1104072010003,3848967796,84,9,89.29,98.03789552244183,9.999476613458974,88.03841890898286,89.80039650976596
1104072010004,3848968382,76,0,100.0,85.75477023422222,0.0,85.75477023422222,100.0
1104072010005,4200916204,85,11,87.06,101.33603162589384,12.80456403418352,88.53146759171032,87.36425353475987
1104072010006,3848967772,80,8,90.0,95.108675890886,9.116160964627166,85.99251492625883,90.41500590851908
1104072010007,3848968165,86,10,88.37,98.7750245449721,11.293421573366906,87.48160297160518,88.56652111665633
1104072010011,3848967988,80,0,100.0,91.84320408632533,10.107427489023209,81.73577659730212,88.99490975998286
1104072010010,3848967853,74,0,100.0,87.866802598457,0.0,87.866802598457,100.0
1104072010101,4200916232,77,10,87.01,87.45173708817063,10.892757024746803,76.55898006342383,87.54426454243614
1104072010103,3833145732,92,0,100.0,106.54609088379925,0.0,106.54609088379925,100.0
1104072010102,8200709456,70,0,100.0,76.12135185744478,9.176440762927143,66.94491109451764,87.94498450301803
1104072010104,4200916232,77,10,87.01,87.45173708817063,10.892757024746803,76.55898006342383,87.54426454243614
1104072010202,4200916228,86,11,87.21,101.97791171914488,12.648507242530203,89.32940447661468,87.59681677208181
1104072010301,8200709454,78,10,87.18,89.94539099379124,11.05514523437472,78.89024575941652,87.70904755404551
1104072010302,2718296829,78,9,88.46,91.72530648064419,12.862439061265633,78.86286741937856,85.97721876897751
1104072010401,3848967982,68,0,100.0,79.35546632483309,7.9338450567505525,71.42162126808253,90.00214424514348
1104072010402,3848968168,81,9,88.89,93.55863002746082,11.198441210915544,82.36018881654527,88.03056307298573
1104072010501,4200916245,85,8,90.59,98.73103453496054,9.002990372846307,89.72804416211423,90.88129642796525
1104072010502,3848968218,82,9,89.02,93.96149125087054,12.177504211642127,81.7839870392284,87.03989895272196
1104072020005,3849035213,69,1,98.55,79.83396763172297,9.645701942976567,70.1882656887464,87.9177971117851
1104072020002,8213963905,28,6,78.57,28.439972630126466,7.03663269505082,21.403339935075646,75.2579484285547
1104072020003,3849035302,71,1,98.59,79.13196901208426,3.824728062624109,75.30724094946015,95.16664616036532
1104072020001,3849034901,64,0,100.0,74.31577125902389,8.952908737094779,65.36286252192912,87.95288189112664
1104072020103,8213964138,46,6,86.96,51.90133907861137,10.380993559946369,41.520345518665,79.99860168497194
1104072020101,3807096556,64,7,89.06,75.27873978511809,10.253457667021026,65.02528211809707,86.3793446910916
1104072020106,8213963933,38,6,84.21,44.15757134976613,8.7367986497706,35.42077269999553,80.21449463203581
1104072020107,8213963917,29,6,79.31,29.67439875999676,7.116401980975329,22.55799677902143,76.01837854059994
1104072020104,8213963906,24,6,75.0,25.16151487584452,6.332831450323415,18.828683425521106,74.83127911188274
1104072020105,8213963921,34,6,82.35,38.36762082136887,7.359319446599633,31.008301374769232,80.81893198209241
1104072020102,8213963941,41,6,85.37,47.29549623081951,8.457429414815222,38.838066816004286,82.11789686371014
1104072020201,8213964282,48,5,89.58,53.1436853105004,5.666315107485338,47.47737020301506,89.33774525726058
1104072020402,8212389294,71,8,88.73,80.95708019938255,12.17820884811131,68.77887135127123,84.95720347359538
1104072020403,8481463893,49,8,83.67,50.76137617522147,11.546264130967057,39.21511204425441,77.25383943273937
1104072020401,8481463891,59,7,88.14,67.87509124398613,10.492593567291697,57.382497676694435,84.54131939274356
1104072020404,8481463893,49,8,83.67,50.76137617522147,11.546264130967057,39.21511204425441,77.25383943273937
1104073020002,3807095139,26,16,38.46,38.54465946763462,25.64606290457823,12.898596563056387,33.464030403192815
1104073020003,3851468298,61,14,77.05,82.02239340199797,21.58952205687312,60.43287134512485,73.67850270954514
1104073020102,8213963805,30,16,46.67,42.846129362236766,25.71068308044991,17.135446281786855,39.99298545013847
1104073020103,8213963840,24,10,58.33,32.81699458060489,17.633690084326762,15.18330449627813,46.2665904977526
1104073020101,8213963833,29,16,44.83,41.3367519734022,25.22796361179861,16.10878836160359,38.969651926132606
1104073020202,4634187272,46,5,89.13,58.53982467292892,4.929662177677122,53.6101624952518,91.57895978469374
1104073020203,8213959286,31,5,83.87,41.77192781651103,4.810697663359615,36.96123015315142,88.48341957189224
1104073020201,8213959288,30,5,83.33,39.600211112778084,4.848339625254767,34.75187148752332,87.7567833882322
1104073020607,8213963863,49,5,89.8,65.26134307534703,4.736988695806124,60.5243543795409,92.74150902727045
1104073020604,5573158008,55,2,96.36,69.1699722113984,4.77467108123727,64.39530113016113,93.09719097957009
1104073020602,5573158008,55,2,96.36,69.1699722113984,4.77467108123727,64.39530113016113,93.09719097957009
1104073020609,3807095992,63,2,96.83,80.91661017670866,4.863614727231926,76.05299544947673,93.98934938498957
1104073030003,436879840,30,18,40.0,45.74395598565337,30.225806626438647,15.518149359214725,33.923933828726284
1104073030002,5290391103,54,18,66.67,72.08517347391287,28.84063774098159,43.24453573293128,59.99088806879431
1104073030001,8488729624,54,17,68.52,73.78771300312233,26.212561882526398,47.57515112059593,64.47570900941568
1104073030203,8173927752,27,16,40.74,39.443518884814374,25.704451094362515,13.739067790451859,34.83225680389626
1104073030202,8173927756,23,11,52.17,29.14598932411629,18.662735346780792,10.483253977335497,35.968084187354485
1104073030201,8173927743,14,9,35.71,18.696333572290627,14.983723519178769,3.7126100531118578,19.85742305440156
1104073030306,8488728770,48,18,62.5,65.3226077934858,28.951673787916047,36.37093400556975,55.6789375594965
1104073030305,8488728719,45,18,60.0,58.10696321065335,28.310910238999075,29.796052971654273,51.27793869322611
1104073030304,8488728814,52,18,65.38,70.22856719272694,27.871415060000583,42.357152132726355,60.31327966080586
1104073030303,8488728777,47,18,61.7,61.25471979816228,29.81971823356809,31.435001564594188,51.31849703692103
1104073030302,8488728724,44,18,59.09,56.01687786282674,27.44437239974517,28.57250546308157,51.006958176158044
1104073030301,3807095152,33,18,45.45,48.92976062787279,30.623082659459623,18.306677968413165,37.414198911867935
1104073030604,8173927780,44,18,59.09,57.92224660809939,30.271038989609124,27.651207618490268,47.738492958634204
1104073030603,8173927791,49,18,63.27,62.038652880838896,29.359156875223043,32.67949600561585,52.676024523590456
1104073030602,8173927777,38,18,52.63,52.00108351788979,28.98041637637775,23.02066714151204,44.26959129340508
1104073040001,9577131727,1,0,100.0,0.6231297436625702,0.0,0.6231297436625702,100.0
1104073040201,3851466455,55,0,100.0,71.68883766267592,0.0,71.68883766267592,100.0
1104073040202,3851466455,55,0,100.0,71.68883766267592,0.0,71.68883766267592,100.0
1104073040301,11569508824,48,2,95.83,61.46715152249787,6.563290628630766,54.903860893867105,89.32227951668054
1104073040302,11569508815,51,2,96.08,64.79848267449776,6.640260814249588,58.158221860248176,89.75244397680481
1104073040303,11569508822,39,2,94.87,46.62644891846059,6.313187534616708,40.31326138384388,86.46007216707177
1104059030206,8214316953,73,18,75.34,85.69892841738414,32.94948043131349,52.74944798607065,61.55205083681111
1104072020405,3849146224,45,1,97.78,50.40580836749633,11.095802989486424,39.310005378009905,77.98705476839164
1104073020204,12891901353,28,2,92.86,30.878772573108286,4.316801364910797,26.56197120819749,86.02016529416649
