집계구코드,residential_pop,lon,lat,n_classic_stops,n_thermal_stops,a_classic,a_thermal,aal,tarr,category
1104052010012,114.7,127.02888923856707,37.56091344278083,292,232,241.3722,190.4836,50.8886,21.08,thermal_robust
1104052010001,13.6,127.02743263000936,37.562785956675654,246,177,192.5032,134.5015,58.0017,30.13,moderate
1104052010003,813.6,127.032537020366,37.562201079953745,280,217,234.7525,181.7458,53.0067,22.58,thermal_robust
1104052010002,837.8,127.02709416292386,37.563843297710655,239,178,185.8899,135.8261,50.0638,26.93,thermal_robust
1104052010005,880.2,127.02746873088816,37.56445672114859,241,187,189.4012,145.46,43.9412,23.2,thermal_robust
1104052010004,602.1,127.0258825731047,37.56041802978655,285,0,230.7288,0.0,230.7288,100.0,thermal_prone
1104052010007,516.3,127.029559683564,37.56261075631823,268,214,220.7347,175.2507,45.484,20.61,thermal_robust
1104052010006,1113.1,127.03147940535658,37.562835686736705,276,216,230.5713,179.7565,50.8148,22.04,thermal_robust
1104052010009,220.1,127.03163704001896,37.56105516952331,284,218,238.9822,183.8418,55.1404,23.07,thermal_robust
1104052010008,329.8,127.03023194679544,37.56111961425364,288,221,239.6519,184.6386,55.0133,22.96,thermal_robust
1104052010010,497.1,127.03047924322566,37.561839603361,271,214,225.1215,177.3072,47.8143,21.24,thermal_robust
1104052010011,485.1,127.02954670782688,37.56391046316543,255,208,208.4163,167.2165,41.1998,19.77,thermal_robust
1104052010101,371.4,127.02350252733017,37.55809396431887,293,220,242.0769,179.6976,62.3793,25.77,thermal_robust
1104052010103,475.9,127.02332565312574,37.55865405804703,248,159,192.2058,122.8883,69.3175,36.06,moderate
1104052010102,938.5,127.02335740378118,37.55960206798054,282,197,229.529,157.5913,71.9377,31.34,moderate
1104052010203,1743.8,127.0241929276859,37.5590194026384,248,159,192.2058,122.8883,69.3175,36.06,moderate
1104052010202,3.3,127.02563713474048,37.55923622407253,285,221,231.8438,174.6703,57.1735,24.66,thermal_robust
1104052010205,7.0,127.02657356727606,37.55972821705692,298,239,244.4252,193.2553,51.1699,20.93,thermal_robust
1104052010204,626.4,127.02551559701094,37.55847195609596,296,212,244.2619,173.6242,70.6377,28.92,moderate
1104052010201,686.6,127.02460872648848,37.55840873055128,293,220,242.0769,179.6976,62.3793,25.77,thermal_robust
1104052010401,857.3,127.0255510849931,37.56108293540485,239,172,185.996,132.9406,53.0554,28.53,moderate
1104052010403,430.1,127.02538995579712,37.561965005888005,254,194,200.8391,150.6705,50.1686,24.98,thermal_robust
1104052010402,724.5,127.02628258071444,37.56167605133117,239,172,185.996,132.9406,53.0554,28.53,moderate
1104052010501,813.5,127.02790185758244,37.56134488116058,278,223,225.7638,179.3498,46.414,20.56,thermal_robust
1104052010502,537.2,127.0279146609241,37.56075403706805,296,236,243.5005,192.5811,50.9194,20.91,thermal_robust
1104052010801,12.1,127.02682239768356,37.56308993635441,0,0,0.0,0.0,0.0,0.0,no_access
1104052010901,1010.2,127.02832783191865,37.56230061213213,237,181,183.2454,137.9262,45.3192,24.73,thermal_robust
1104052010903,443.4,127.02895900369948,37.562127641810456,236,179,181.5511,135.8704,45.6807,25.16,thermal_robust
1104052010902,398.8,127.02782235823236,37.56250243901373,236,177,181.1065,134.3161,46.7904,25.84,thermal_robust
1104052011101,824.7,127.02668797263526,37.56078428935383,295,240,240.0883,192.2602,47.8281,19.92,thermal_robust
1104054010001,381.6,127.03767554906788,37.567111792324354,228,168,183.3991,134.6506,48.7485,26.58,thermal_robust
1104054010003,956.1,127.0405833061432,37.5701590023215,166,96,130.6111,74.4892,56.1219,42.97,thermal_prone
1104054010002,761.5,127.04051064471672,37.567758966690576,189,131,152.3275,106.4974,45.8301,30.09,moderate
1104054010004,666.6,127.04519654516947,37.56875815638988,158,112,127.1008,88.4778,38.623,30.39,moderate
1104054010103,6.3,127.04082151448011,37.565896652789576,204,147,166.3753,120.9189,45.4564,27.32,moderate
1104054010102,464.9,127.0399319682526,37.56636609351371,211,148,171.3545,122.0741,49.2804,28.76,moderate
1104054010101,226.6,127.0394515362438,37.565958365500634,230,167,187.7101,137.1209,50.5892,26.95,thermal_robust
1104054010301,679.9,127.03891573453704,37.56677494430081,197,146,159.1998,118.2697,40.9301,25.71,thermal_robust
1104054010302,471.7,127.0382434265457,37.5669311940186,228,168,183.3991,134.6506,48.7485,26.58,thermal_robust
1104054010601,270.6,127.04432216735697,37.56967694996839,152,112,122.4273,88.8855,33.5418,27.4,moderate
1104054010602,301.4,127.0434581699092,37.56858317842452,168,126,135.8524,100.4375,35.4149,26.07,thermal_robust
1104054010701,163.3,127.04302672457888,37.56911774158525,168,126,135.8524,100.4375,35.4149,26.07,thermal_robust
1104054010703,374.6,127.04288051099896,37.56957230896986,151,1,119.5481,1.0,118.5481,99.16,thermal_prone
1104054010702,334.9,127.04177025575082,37.569385604949275,173,127,139.4789,102.5161,36.9628,26.5,thermal_robust
1104054010705,236.2,127.04238055316527,37.57052713858784,154,113,122.2271,88.7273,33.4998,27.41,moderate
1104054010704,188.0,127.0437753594574,37.570165266152635,53,0,39.3565,0.0,39.3565,100.0,thermal_prone
1104054010707,396.2,127.042613418096,37.56885450386474,168,126,135.8524,100.4375,35.4149,26.07,thermal_robust
1104054010706,154.3,127.04311310741936,37.57046913835008,151,1,119.5481,1.0,118.5481,99.16,thermal_prone
1104054020008,112.9,127.03482740435892,37.569573623837826,180,138,141.5913,110.3593,31.232,22.06,thermal_robust
1104054020009,91.1,127.03603547686744,37.56691846753145,230,185,187.3729,149.8867,37.4862,20.01,thermal_robust
1104054020010,951.4,127.03668353368418,37.571532701899784,158,114,123.7553,90.7236,33.0317,26.69,thermal_robust
1104054020006,268.4,127.0348804914484,37.56690218843373,229,185,185.4335,149.7196,35.7139,19.26,thermal_robust
1104054020007,280.2,127.0364693675262,37.569418339312186,202,142,159.7798,114.3266,45.4532,28.45,moderate
1104054020004,24.6,127.03485841571484,37.570851948644936,166,108,129.5957,84.69,44.9057,34.65,moderate
1104054020005,209.2,127.03353779768383,37.56987213022567,181,144,141.4947,113.5405,27.9542,19.76,thermal_robust
1104054020002,724.6,127.03402747349568,37.56806949391659,211,0,167.6391,0.0,167.6391,100.0,thermal_prone
1104054020003,571.0,127.03685420653244,37.57034086897949,186,135,147.0913,107.912,39.1793,26.64,thermal_robust
1104054020001,156.6,127.03584335367368,37.56839691682267,215,164,172.2129,130.5987,41.6142,24.16,thermal_robust
1104054030001,201.9,127.0424714826867,37.56345720372831,205,146,167.6163,119.9157,47.7006,28.46,moderate
1104054030006,884.9,127.04270123014538,37.565188272749154,197,123,162.3152,97.1858,65.1294,40.13,moderate
1104054030005,828.7,127.04419280293892,37.56579889141116,187,123,153.3233,97.5532,55.7701,36.37,moderate
1104054030004,1090.4,127.04653330248676,37.566726105831464,157,0,127.733,0.0,127.733,100.0,thermal_prone
1104054030003,613.8,127.04568560792733,37.56374791270627,194,117,156.9003,93.1187,63.7816,40.65,moderate
1104054030002,272.8,127.04348207812892,37.56300969050845,179,0,143.4952,0.0,143.4952,100.0,thermal_prone
1104054030104,35.5,127.04462712544569,37.56525499679663,187,123,153.3233,97.5532,55.7701,36.37,moderate
1104054030103,1261.4,127.04464512128074,37.56416575755745,191,95,156.0669,75.4712,80.5957,51.64,thermal_prone
1104054030102,164.3,127.0452818240462,37.564930005882744,187,123,153.3233,97.5532,55.7701,36.37,moderate
1104054030101,41.8,127.04595832196004,37.565323997668415,165,101,134.4956,79.8906,54.605,40.6,moderate
1104054040001,680.3,127.03881104275604,37.564789040452645,233,162,189.6716,134.2622,55.4094,29.21,moderate
1104054040002,489.6,127.03960154582884,37.56298877719727,249,158,205.0077,132.7597,72.248,35.24,moderate
1104054040003,768.8,127.04085074361603,37.5644860019107,234,154,190.3233,128.1734,62.1499,32.65,moderate
1104054040201,351.5,127.0391101581956,37.565411847678256,232,170,189.398,139.4263,49.9717,26.38,thermal_robust
1104054040301,378.1,127.04112613182944,37.56247263866612,247,154,200.8092,129.0069,71.8023,35.76,moderate
1104054040302,728.6,127.04040862442145,37.56315454951469,242,151,197.9648,126.3817,71.5831,36.16,moderate
1104054040501,511.8,127.04017249285415,37.56454959518327,239,152,193.3227,126.0375,67.2852,34.8,moderate
1104054040502,334.1,127.0393583724436,37.5641683820125,238,151,192.7714,125.1506,67.6208,35.08,moderate
1104055010004,1308.6,127.04058225293416,37.56029444339171,295,166,237.9863,139.7071,98.2792,41.3,moderate
1104055010001,412.3,127.04007523184228,37.55885255056481,299,166,240.4308,138.6342,101.7966,42.34,thermal_prone
1104055010003,603.9,127.03966558045904,37.56092593689968,288,170,232.9925,142.7854,90.2071,38.72,moderate
1104055010002,940.1,127.04074732465996,37.561298497447495,269,159,218.492,134.2519,84.2401,38.56,moderate
1104055010005,1013.2,127.0397005187298,37.56181527935899,263,162,215.2628,136.9938,78.269,36.36,moderate
1104055020009,259.6,127.048152721006,37.56299347480758,164,88,130.3971,68.8035,61.5936,47.24,thermal_prone
1104055020010,664.0,127.04562826822216,37.5604339560262,227,132,179.8524,107.1468,72.7056,40.43,moderate
1104055020011,1015.5,127.04815221499004,37.55936463586922,180,104,141.7543,82.809,58.9453,41.58,moderate
1104055020012,431.7,127.0431788639686,37.56136149415404,247,143,198.288,118.4974,79.7906,40.24,moderate
1104055020013,1787.8,127.04669683220465,37.556212603859805,0,0,0.0,0.0,0.0,0.0,no_access
1104055020006,1443.5,127.04320973464556,37.55926289892274,257,143,205.4464,118.8459,86.6005,42.15,thermal_prone
1104055020007,301.4,127.04783564900042,37.56073840981191,184,106,145.778,84.5022,61.2758,42.03,moderate
1104055020004,473.5,127.0473309486559,37.56192351134187,183,107,146.0139,85.1531,60.8608,41.68,moderate
1104055020005,612.7,127.04664049268293,37.56071733246887,200,117,157.9469,93.4969,64.45,40.8,moderate
1104055020002,901.0,127.0500799473367,37.55957537596788,163,89,128.158,69.6209,58.5371,45.68,thermal_prone
1104055020003,171.1,127.04763918825194,37.56468465641806,165,88,133.4732,68.2317,65.2415,48.88,thermal_prone
1104055020001,200.4,127.04746841475978,37.56385266427793,176,104,142.3461,82.3593,59.9868,42.14,moderate
1104055020014,469.1,127.04729314857472,37.560032501117185,202,117,159.6412,93.8871,65.7541,41.19,moderate
1104055020008,417.4,127.04609359490816,37.56169378582893,198,121,157.2839,97.7041,59.5798,37.88,moderate
1104055020201,556.7,127.04946207228812,37.560455329378115,175,102,136.5812,79.6891,56.8921,41.65,moderate
1104055020301,496.5,127.0491355762294,37.561877893952,181,102,143.8861,80.8173,63.0688,43.83,thermal_prone
1104055030002,1833.2,127.04149642539628,37.55455725858832,283,0,225.8886,0.0,225.8886,100.0,thermal_prone
1104055030001,454.5,127.04181326171587,37.556616794568576,313,119,249.32,94.1529,155.1671,62.24,thermal_prone
1104055030103,356.2,127.04021483091384,37.5563293132235,318,2,257.0003,1.9819,255.0184,99.23,thermal_prone
1104055030102,12.4,127.04024469990384,37.55548107442123,303,152,241.0315,121.2206,119.8109,49.71,thermal_prone
1104055030101,836.5,127.04008147377095,37.557302940807034,319,180,259.9745,148.1797,111.7948,43.0,thermal_prone
1104056010001,870.9,127.03749524939028,37.56228113496782,273,158,225.3498,129.8527,95.4971,42.38,thermal_prone
1104056010101,203.9,127.03767110132054,37.55984991620436,302,158,249.5957,130.3527,119.243,47.77,thermal_prone
1104056010103,691.3,127.03718442472776,37.56063458725755,300,162,249.079,133.6193,115.4597,46.35,thermal_prone
1104056010102,270.1,127.03798575540053,37.559073168177115,319,177,263.06,146.7486,116.3114,44.21,thermal_prone
1104056010201,5.5,127.03733304425214,37.56500547629556,239,146,197.1332,116.8841,80.2491,40.71,moderate
1104056010202,4.2,127.03727688381974,37.5643693529961,251,170,205.794,137.7228,68.0712,33.08,moderate
1104056020006,199.9,127.03120654729578,37.558509303876846,310,227,261.1406,185.0942,76.0464,29.12,moderate
1104056020004,239.7,127.03255622237268,37.56013138289478,296,218,249.3998,184.5634,64.8364,26.0,thermal_robust
1104056020005,175.0,127.03165229981562,37.559948562219425,297,218,250.5854,183.697,66.8884,26.69,thermal_robust
1104056020002,3465.5,127.03302049797392,37.559328063023585,297,219,251.4495,183.1351,68.3144,27.17,thermal_robust
1104056020003,464.2,127.0342365336269,37.561519996739136,288,213,242.2404,176.8418,65.3986,27.0,thermal_robust
1104056020001,404.2,127.03340158670456,37.56102862817154,294,217,247.0652,180.9445,66.1207,26.76,thermal_robust
1104056030007,425.4,127.03619256062504,37.55755178382965,321,215,267.1904,179.6586,87.5318,32.76,moderate
1104056030006,253.2,127.03709916899255,37.55835038028147,320,208,266.7822,173.5474,93.2348,34.95,moderate
1104056030005,544.6,127.03719638457294,37.55733863412541,325,213,269.546,176.9429,92.6031,34.36,moderate
1104056030004,1086.0,127.03848245695195,37.55602497282823,309,179,250.8695,146.5158,104.3537,41.6,moderate
1104056030003,253.5,127.03574436755162,37.556913078867424,317,212,261.5413,174.6039,86.9374,33.24,moderate
1104056030002,9048.3,127.03513180274813,37.558687332236616,316,216,266.0362,180.3423,85.6939,32.21,moderate
1104056030001,651.9,127.03708380677472,37.556326101854104,305,176,245.4327,142.9576,102.4751,41.75,moderate
1104056030108,1210.9,127.03632137244642,37.55480877000216,326,184,262.7869,146.142,116.6449,44.39,thermal_prone
1104056030107,32.8,127.0373498188412,37.55420509504347,313,169,249.3212,134.9713,114.3499,45.86,thermal_prone
1104056030106,34.3,127.03591127017282,37.55607338560722,320,195,258.1154,156.1055,102.0099,39.52,moderate
1104056030105,861.3,127.03482208221064,37.555016978934354,332,196,272.4555,157.2146,115.2409,42.3,thermal_prone
1104056030104,58.2,127.03589525045469,37.55533066581215,330,198,269.6873,159.0323,110.655,41.03,moderate
1104056030103,47.3,127.03512030347372,37.55573684250681,318,200,259.445,161.9776,97.4674,37.57,moderate
1104056030102,1568.9,127.03711267644948,37.555243460057824,288,168,229.0581,133.6907,95.3674,41.63,moderate
1104056030101,290.1,127.03674274606496,37.554533904900566,294,168,232.4569,133.3105,99.1464,42.65,thermal_prone
1104057010001,758.7,127.03019089858462,37.55851497219054,306,223,255.0339,182.7505,72.2834,28.34,moderate
1104057010003,285.7,127.02991479656365,37.560010260467024,288,219,239.1047,181.0663,58.0384,24.27,thermal_robust
1104057010002,947.4,127.02931194045476,37.55947418755024,296,227,246.1307,186.6866,59.4441,24.15,thermal_robust
1104057010115,491.6,127.0250367546232,37.55771670663545,293,210,242.4396,172.5394,69.9002,28.83,moderate
1104057010114,689.6,127.02651783759828,37.55831186142298,299,232,246.8736,186.1217,60.7519,24.61,thermal_robust
1104057010117,149.9,127.02728548020136,37.558426422435154,285,205,232.1554,164.324,67.8314,29.22,moderate
1104057010116,415.8,127.02618919783724,37.55759921488106,281,206,231.611,167.3937,64.2173,27.73,moderate
1104057010101,794.0,127.0285506819385,37.55830149591259,286,203,232.6893,162.5665,70.1228,30.14,moderate
1104057010103,413.8,127.02583942506438,37.55802785673343,296,212,244.2619,173.6242,70.6377,28.92,moderate
1104057010102,1295.4,127.0287037440166,37.55760436536085,295,231,245.4251,185.7097,59.7154,24.33,thermal_robust
1104057010105,374.9,127.0264022458408,37.55624558229662,293,209,242.2279,170.4036,71.8243,29.65,moderate
1104057010104,212.3,127.02786227401492,37.55938142739309,285,227,232.1286,180.0923,52.0363,22.42,thermal_robust
1104057010107,536.5,127.02545068037529,37.55727177949348,293,210,242.4396,172.5394,69.9002,28.83,moderate
1104057010106,836.4,127.02834265778772,37.55991316752317,283,228,229.1654,181.4804,47.685,20.81,thermal_robust
1104057010119,38.3,127.02745120637135,37.55680101697395,299,217,248.4612,176.9832,71.478,28.77,moderate
1104057010118,307.9,127.02832234803786,37.558870332695335,279,201,227.0573,160.8341,66.2232,29.17,moderate
1104057010108,786.7,127.02560158256632,37.55663201342095,281,205,231.5991,166.6104,64.9887,28.06,moderate
1104057010109,117.2,127.0264141407192,37.55699221051535,281,206,232.1018,167.4274,64.6744,27.86,moderate
1104057010111,24.6,127.02760655164624,37.55725288933834,307,229,255.9024,186.0422,69.8602,27.3,thermal_robust
1104057010110,161.4,127.02526124974963,37.55602661299926,289,209,239.5579,171.1925,68.3654,28.54,moderate
1104057010113,118.3,127.02700606017348,37.5593217879346,289,235,237.6268,187.4877,50.1391,21.1,thermal_robust
1104057010112,940.5,127.02737981335709,37.5577714307154,298,221,247.4151,179.0029,68.4122,27.65,moderate
1104057010201,591.9,127.02980227869452,37.55861817065451,279,201,226.5781,160.4648,66.1133,29.18,moderate
1104057020002,13.2,127.03031068802716,37.55442609687923,290,203,239.5335,159.4395,80.094,33.44,moderate
1104057020001,339.4,127.03264307735512,37.55739700021859,310,205,256.1781,171.0698,85.1083,33.22,moderate
1104057020104,625.2,127.0320213308072,37.55425982668655,307,198,245.7049,157.7032,88.0017,35.82,moderate
1104057020102,363.6,127.03219824228724,37.55355700828617,301,198,240.4911,156.6698,83.8213,34.85,moderate
1104057020103,642.4,127.03283809112634,37.55438323981688,319,212,258.8815,170.1363,88.7452,34.28,moderate
1104057020101,964.7,127.03383337317167,37.555002273032656,318,212,258.0527,169.9862,88.0665,34.13,moderate
1104057020202,648.3,127.03326415079444,37.555777306898094,325,218,268.5924,181.7488,86.8436,32.33,moderate
1104057020203,515.6,127.03164643869316,37.55467775066194,304,216,251.2395,173.6288,77.6107,30.89,moderate
1104057020201,10.7,127.0326436409888,37.55519340375085,317,217,261.293,179.442,81.851,31.33,moderate
1104057020306,210.8,127.030864315343,37.55612067156302,299,233,246.9719,187.6508,59.3211,24.02,thermal_robust
1104057020307,273.1,127.02680690590935,37.55487750602682,294,218,243.5952,179.2921,64.3031,26.4,thermal_robust
1104057020304,244.4,127.02617744172356,37.5551528149872,279,208,230.4686,170.2264,60.2422,26.14,thermal_robust
1104057020305,5.2,127.02845841896745,37.55602705247592,291,213,238.1869,172.5575,65.6294,27.55,moderate
1104057020302,6.2,127.02867827599574,37.55542131036787,293,233,244.4178,189.4767,54.9411,22.48,thermal_robust
1104057020303,20.5,127.03094471752688,37.5555156293687,293,228,240.0757,181.7652,58.3105,24.29,thermal_robust
1104057020301,1465.3,127.02993641547408,37.55627754625827,304,241,253.6545,195.9799,57.6746,22.74,thermal_robust
1104057020312,474.1,127.02659683015108,37.555546906391534,278,205,227.6247,166.7532,60.8715,26.74,thermal_robust
1104057020313,244.4,127.02587613753164,37.55549857940326,279,207,229.8366,169.147,60.6896,26.41,thermal_robust
1104057020314,750.6,127.0294306315453,37.55701865058805,297,229,242.5675,183.1893,59.3782,24.48,thermal_robust
1104057020315,939.4,127.02970062392036,37.55546717273008,292,233,243.7308,189.9943,53.7365,22.05,thermal_robust
1104057020308,538.3,127.02952028758604,37.55646956038131,297,229,242.5675,183.1893,59.3782,24.48,thermal_robust
1104057020309,330.5,127.02771619409744,37.55497657788918,285,225,235.9299,182.4397,53.4902,22.67,thermal_robust
1104057020310,615.7,127.02721129279954,37.55559984239406,284,206,233.3621,168.1773,65.1848,27.93,moderate
1104057020311,1.2,127.02800420862803,37.55633152558329,294,224,243.1112,181.5655,61.5457,25.32,thermal_robust
1104057020403,45.8,127.03187561667382,37.55687369053027,300,225,247.4425,180.7931,66.6494,26.94,thermal_robust
1104057020401,10.1,127.03223057037968,37.55652261774424,310,205,256.1781,171.0698,85.1083,33.22,moderate
1104057020402,149.5,127.03122306151133,37.55665249811852,300,225,247.4425,180.7931,66.6494,26.94,thermal_robust
1104058010001,192.6,127.03734769296923,37.551446205388245,202,0,151.8608,0.0,151.8608,100.0,thermal_prone
1104058010106,308.5,127.03572305954604,37.55424669730447,320,172,256.0227,136.7619,119.2608,46.58,thermal_prone
1104058010101,321.3,127.03498202710225,37.553587319156755,308,165,242.8617,128.995,113.8667,46.89,thermal_prone
1104058010103,535.6,127.03549692396533,37.55298835781499,308,161,242.5551,124.3213,118.2338,48.75,thermal_prone
1104058010102,670.4,127.0357249208022,37.552492748551515,337,164,270.1103,127.8153,142.295,52.68,thermal_prone
1104058010105,413.2,127.03646918161728,37.55340029045741,313,163,247.7992,126.4087,121.3905,48.99,thermal_prone
1104058010104,343.0,127.03503684957307,37.55439504466657,309,165,245.1209,130.2013,114.9196,46.88,thermal_prone
1104058010107,582.9,127.03597465814111,37.55374365088171,308,158,242.3393,122.0773,120.262,49.63,thermal_prone
1104058010201,2.4,127.0377777814603,37.55312982280734,322,169,257.5114,133.7136,123.7978,48.07,thermal_prone
1104058010202,3.2,127.03707560688532,37.55310616820124,320,167,255.6979,132.1809,123.517,48.31,thermal_prone
1104058020004,8.8,127.02989704350912,37.55343185909637,304,212,251.6381,167.7245,83.9136,33.35,moderate
1104058020005,216.0,127.0311962606756,37.55271679883642,316,212,260.1843,167.8716,92.3127,35.48,moderate
1104058020002,1077.9,127.02957376406096,37.552331389440944,307,211,252.7214,166.8122,85.9092,33.99,moderate
1104058020003,10.1,127.03019565438252,37.55263740227938,302,215,250.245,169.3738,80.8712,32.32,moderate
1104058020001,930.8,127.03041835128802,37.552050667651464,310,199,253.9787,155.2989,98.6798,38.85,moderate
1104058020102,34.4,127.03292150304227,37.55347004208157,325,13,261.6918,12.504,249.1878,95.22,thermal_prone
1104058020101,635.0,127.03201392235036,37.55216260560584,286,13,223.7883,12.1449,211.6434,94.57,thermal_prone
1104058020201,28.7,127.02951252484804,37.54961494631983,318,178,263.9919,140.6683,123.3236,46.71,thermal_prone
1104058020202,855.2,127.0296869653915,37.550994369057776,309,206,255.7784,160.6173,95.1611,37.2,moderate
1104058020203,335.8,127.0294524975764,37.550148283310186,293,188,242.0441,151.4645,90.5796,37.42,moderate
1104058020304,1063.6,127.0311656745636,37.55075705858972,263,0,208.5735,0.0,208.5735,100.0,thermal_prone
1104058020302,1018.9,127.03037447214986,37.55042950152441,310,0,252.7822,0.0,252.7822,100.0,thermal_prone
1104058020303,783.6,127.0316590851373,37.551330476978045,272,0,219.1224,0.0,219.1224,100.0,thermal_prone
1104058020301,995.3,127.03081627422904,37.55160040861412,254,0,201.1025,0.0,201.1025,100.0,thermal_prone
1104058030003,565.5,127.03063989520126,37.54880080221942,305,13,246.3829,12.6234,233.7595,94.88,thermal_prone
1104058030002,287.7,127.0336096542667,37.5489825420089,333,13,264.698,12.5962,252.1018,95.24,thermal_prone
1104058030001,291.3,127.0319647800405,37.5495744938144,328,13,265.0447,12.7454,252.2993,95.19,thermal_prone
1104058030105,17.6,127.03282375042303,37.55125207155656,317,13,251.1113,12.3949,238.7164,95.06,thermal_prone
1104058030104,76.8,127.03211653761328,37.55039948429767,312,13,245.4175,12.4638,232.9537,94.92,thermal_prone
1104058030103,6.8,127.0329745979132,37.552200341466104,306,13,243.9208,12.3621,231.5587,94.93,thermal_prone
1104058030102,124.1,127.03433862629828,37.55259368403599,328,13,258.1635,12.0924,246.0711,95.32,thermal_prone
1104058030101,17.2,127.03402670569204,37.553575230308994,303,13,238.4497,11.9701,226.4796,94.98,thermal_prone
1104058030106,15.1,127.03344795036202,37.552278611820995,337,13,268.2168,12.3861,255.8307,95.38,thermal_prone
1104059010001,3530.6,127.02311677532887,37.55425181277799,296,200,244.97,167.7384,77.2316,31.53,moderate
1104059020004,14.1,127.02424601639872,37.55678984243635,289,209,240.679,173.4949,67.1841,27.91,moderate
1104059020005,862.9,127.02194180606791,37.55639078062016,262,163,209.599,133.6958,75.9032,36.21,moderate
1104059020002,3.9,127.0202559290585,37.557336541979225,254,162,202.421,131.5892,70.8318,34.99,moderate
1104059020003,3.7,127.02034831075122,37.556984266288154,257,163,206.9211,133.846,73.0751,35.32,moderate
1104059020001,11.2,127.02446296818736,37.556140511200965,294,210,244.9173,174.7553,70.162,28.65,moderate
1104059020301,1115.1,127.02261496443448,37.555965819763415,283,191,232.4962,159.8924,72.6038,31.23,moderate
1104059030002,17.5,127.02837635226896,37.5531821623159,287,195,238.5803,151.4716,87.1087,36.51,moderate
1104059030001,1150.2,127.02621034978286,37.55031174621454,281,159,238.254,134.9616,103.2924,43.35,thermal_prone
1104059030103,1603.8,127.02712441079883,37.54950751456074,270,160,227.9534,133.8075,94.1459,41.3,moderate
1104059030102,50.0,127.02821073495056,37.549045093788514,298,0,251.0697,0.0,251.0697,100.0,thermal_prone
1104059030101,31.5,127.02709189026892,37.548590447384406,283,155,240.9828,128.023,112.9598,46.87,thermal_prone
1104059030207,1266.5,127.02697175388204,37.55143721602141,265,178,219.4306,147.9859,71.4447,32.56,moderate
1104059030205,57.5,127.02830380730444,37.5500963046935,273,162,227.0455,133.8001,93.2454,41.07,moderate
1104059030204,46.8,127.02605720694342,37.55459343909667,276,198,228.4605,163.6681,64.7924,28.36,moderate
1104059030203,9.9,127.02554724617777,37.554180523989814,276,198,228.4605,163.6681,64.7924,28.36,moderate
1104059030202,244.4,127.02739906496944,37.550947251866155,276,180,230.8076,150.6051,80.2025,34.75,moderate
1104059030201,528.9,127.02614174738078,37.552198165079666,274,174,224.0929,145.7237,78.3692,34.97,moderate
1104059030213,394.9,127.02650766537228,37.55317319180003,263,181,215.0792,147.8562,67.223,31.25,moderate
1104059030212,8.7,127.02659080892444,37.55383158760176,270,191,222.199,157.9363,64.2627,28.92,moderate
1104059030209,20.2,127.02731366955726,37.552849356222886,278,185,229.4077,154.2731,75.1346,32.75,moderate
1104059030208,272.6,127.02537454666738,37.55502075602306,296,207,247.9747,173.7904,74.1843,29.92,moderate
1104059030211,486.8,127.02792852613828,37.552341976112615,262,178,215.1964,147.1317,68.0647,31.63,moderate
1104059030210,1058.5,127.02839337927166,37.55121429502892,269,177,222.9861,147.4727,75.5134,33.86,moderate
1104062010001,1452.5,127.0180083798173,37.54662486049356,234,163,197.2826,135.161,62.1216,31.49,moderate
1104062010003,43.1,127.01687478333724,37.54787853282521,234,166,196.0057,138.4872,57.5185,29.35,moderate
1104062010002,943.9,127.02019691399582,37.54774085067784,240,171,207.5741,141.026,66.5481,32.06,moderate
1104062010004,313.5,127.01891110311924,37.54793032786091,240,175,204.574,145.7892,58.7848,28.74,moderate
1104062010101,273.8,127.01727719510532,37.547027067025994,231,163,193.4307,137.3941,56.0366,28.97,moderate
1104062020002,5.8,127.01604165917718,37.54580756021818,190,92,159.0373,76.1247,82.9126,52.13,thermal_prone
1104062020001,864.9,127.0153505002506,37.54779178108751,222,83,184.9539,67.967,116.9869,63.25,thermal_prone
1104062020201,1078.2,127.0158384672445,37.546793489565715,185,91,152.9021,75.3565,77.5456,50.72,thermal_prone
1104062030003,35.3,127.02247907338564,37.546927722909984,252,170,217.251,139.4906,77.7604,35.79,moderate
1104062030002,273.6,127.02081955692351,37.54719204190818,243,180,209.8315,146.3043,63.5272,30.28,moderate
1104062030001,1163.0,127.0272636114248,37.54486403617943,266,0,212.3387,0.0,212.3387,100.0,thermal_prone
1104062030109,180.4,127.02269368150404,37.54658121986081,255,159,217.1684,130.3764,86.792,39.97,moderate
1104062030108,284.9,127.02233379271463,37.54676611785129,255,161,218.4018,132.6095,85.7923,39.28,moderate
1104062030107,0.8,127.02146943478824,37.546751862928474,245,179,211.3054,145.0775,66.2279,31.34,moderate
1104062030106,273.7,127.02030099108184,37.54641397327467,240,174,204.9388,141.7571,63.1817,30.83,moderate
1104062030105,301.3,127.0205902771114,37.54597479344353,187,86,149.9166,67.271,82.6456,55.13,thermal_prone
1104062030104,115.0,127.01889588974149,37.546230670866045,235,135,197.769,109.8929,87.8761,44.43,thermal_prone
1104062030103,527.0,127.01941370274592,37.54587431812781,235,135,197.769,109.8929,87.8761,44.43,thermal_prone
1104062030102,32.5,127.01823453898298,37.54560109576545,230,113,193.4361,92.9868,100.4493,51.93,thermal_prone
1104062030101,318.2,127.0194003539591,37.545298494169856,203,96,164.0859,75.5721,88.5138,53.94,thermal_prone
1104062030205,130.9,127.02356293512686,37.544452362858166,257,133,212.3873,108.7594,103.6279,48.79,thermal_prone
1104062030204,250.3,127.02309874030804,37.54538971827812,245,122,196.4208,97.6862,98.7346,50.27,thermal_prone
1104062030203,22.3,127.02229171960632,37.54379822892348,250,129,204.5695,103.9068,100.6627,49.21,thermal_prone
1104062030202,1053.6,127.02077041345323,37.54393719190915,172,0,136.1138,0.0,136.1138,100.0,thermal_prone
1104062030201,23.8,127.02214832504664,37.544994438938595,245,122,197.3356,97.7847,99.5509,50.45,thermal_prone
1104062030303,391.1,127.02404621149684,37.545557195115016,260,133,215.0456,109.0227,106.0229,49.3,thermal_prone
1104062030302,409.6,127.02392590941552,37.54634265374002,255,159,217.1684,130.3764,86.792,39.97,moderate
1104062030301,369.9,127.0239718038994,37.5470734145154,262,147,225.2625,122.1189,103.1436,45.79,thermal_prone
1104065010001,500.9,127.04997560880192,37.54129378014551,105,86,91.8958,76.1239,15.7719,17.16,thermal_robust
1104065010002,756.7,127.04988792750648,37.542404482189255,131,91,111.7595,81.6339,30.1256,26.96,thermal_robust
1104065010101,629.8,127.05042003896548,37.541971042565045,118,95,104.1325,86.0381,18.0944,17.38,thermal_robust
1104065010201,452.9,127.05000994338756,37.54057226572581,112,90,99.7909,81.4696,18.3213,18.36,thermal_robust
1104065020004,0.5,127.0449095201436,37.54184668783222,175,84,138.8661,71.769,67.0971,48.32,thermal_prone
1104065020002,22.1,127.04708451452532,37.54210921370875,144,86,118.8893,76.0646,42.8247,36.02,moderate
1104065020003,232.9,127.047992659485,37.543454191554474,139,89,116.3598,79.1448,37.215,31.98,moderate
1104065020001,1150.2,127.04559571720011,37.54456718694228,192,86,150.9469,71.8607,79.0862,52.39,thermal_prone
1104065020101,538.5,127.04599008157304,37.5429389923056,145,86,119.7839,75.6973,44.0866,36.81,moderate
1104065020201,19.7,127.04646774387494,37.54471328548029,171,87,137.1139,74.098,63.0159,45.96,thermal_prone
1104065020202,81.3,127.04572763956423,37.54413447468609,172,86,137.1523,72.373,64.7793,47.23,thermal_prone
1104065020302,202.6,127.04535024390572,37.54205115174605,148,86,120.9174,75.2262,45.6912,37.79,moderate
1104065020301,95.5,127.04656156260717,37.54156546612831,136,86,113.6362,76.1942,37.442,32.95,moderate
1104065030006,30.2,127.04751076624432,37.53586122962179,99,86,84.8197,73.7594,11.0603,13.04,thermal_robust
1104065030005,427.5,127.04885980482904,37.53511388907572,99,86,84.8197,73.7594,11.0603,13.04,thermal_robust
1104065030004,305.0,127.0480762620899,37.53830607049977,102,88,89.804,76.9877,12.8163,14.27,thermal_robust
1104065030003,668.3,127.04989018320896,37.53763749487917,105,90,92.1152,79.2711,12.8441,13.94,thermal_robust
1104065030002,5.0,127.04614664949337,37.53612763184445,98,83,83.2267,69.6949,13.5318,16.26,thermal_robust
1104065030001,2295.3,127.03929282073044,37.54128206323307,153,0,115.5463,0.0,115.5463,100.0,thermal_prone
1104065030101,169.6,127.04247354953682,37.545794921098334,220,69,168.3922,52.4331,115.9591,68.86,thermal_prone
1104065030201,2.2,127.04632964841092,37.53765362572675,98,84,85.6502,73.0348,12.6154,14.73,thermal_robust
1104065040004,132.2,127.04726117135324,37.540044671346635,109,86,96.0485,76.7432,19.3053,20.1,thermal_robust
1104065040005,31.5,127.0442321786519,37.540968548971335,154,83,122.77,69.8936,52.8764,43.07,thermal_prone
1104065040001,78.6,127.04799470768224,37.5392610086722,106,85,93.3921,74.7166,18.6755,20.0,thermal_robust
1104065040002,480.6,127.05013192634726,37.538547121753766,107,90,95.5922,80.8571,14.7351,15.41,thermal_robust
1104065040003,396.4,127.05014344828884,37.53932704194098,107,90,95.8085,81.0386,14.7699,15.42,thermal_robust
1104065040101,1100.5,127.04502692005336,37.54003778575639,127,83,104.915,69.959,34.956,33.32,moderate
1104065040102,629.9,127.04569791103624,37.540508458672704,122,85,103.5992,74.5639,29.0353,28.03,moderate
1104065040103,1736.4,127.04451720771203,37.54056196156142,154,83,122.77,69.8936,52.8764,43.07,thermal_prone
1104065040201,456.5,127.04588830898632,37.54101977731413,150,85,122.5112,74.6223,47.8889,39.09,moderate
1104065040202,352.8,127.04476349054649,37.54131398910735,155,84,124.2396,71.9248,52.3148,42.11,moderate
1104066010003,560.4,127.04659284986708,37.55062405203698,235,83,182.0558,66.6984,115.3574,63.36,thermal_prone
1104066010002,30.7,127.04824210604444,37.54953887612787,211,94,164.5208,78.0682,86.4526,52.55,thermal_prone
1104066010005,28.3,127.04866819771064,37.55014338301212,209,91,161.6373,75.3986,86.2387,53.35,thermal_prone
1104066010004,70.2,127.0502670468629,37.54923480874102,177,98,139.9261,81.8875,58.0386,41.48,moderate
1104066010007,20.5,127.04637247396477,37.5483031625958,216,92,168.7567,76.2441,92.5126,54.82,thermal_prone
1104066010006,992.0,127.04943290898532,37.547440694030165,167,97,135.2875,83.0473,52.2402,38.61,moderate
1104066010009,457.1,127.04778848901532,37.551570020781405,237,89,184.1152,71.4533,112.6619,61.19,thermal_prone
1104066010008,856.5,127.05116835751726,37.55065894219968,188,96,146.4233,78.9958,67.4275,46.05,thermal_prone
1104066010010,36.8,127.04579156500276,37.54942649293482,219,85,169.5837,69.987,99.5967,58.73,thermal_prone
1104066010001,85.6,127.0448916838176,37.55125675417231,254,1,198.8374,0.9994,197.838,99.5,thermal_prone
1104066010104,272.9,127.04662871032276,37.549453288927396,216,86,167.3359,71.3066,96.0293,57.39,thermal_prone
1104066010101,80.4,127.04716871289338,37.54925153410999,197,86,151.9239,71.4497,80.4742,52.97,thermal_prone
1104066010103,638.6,127.0470475685329,37.550084703754486,220,85,169.6244,69.6885,99.9359,58.92,thermal_prone
1104066010102,110.0,127.04753891821036,37.54899087468355,200,87,154.3664,72.2975,82.0689,53.17,thermal_prone
1104066010201,5.6,127.05027883707112,37.54816713560343,162,98,130.5176,82.4749,48.0427,36.81,moderate
1104066010202,7.1,127.05008179944176,37.54861961087392,166,97,132.6956,81.1172,51.5784,38.87,moderate
1104066010401,1031.4,127.04897022872991,37.55084831794228,203,92,156.949,75.7245,81.2245,51.75,thermal_prone
1104066010402,131.0,127.04807089278457,37.55088603301496,217,91,167.4361,75.1201,92.316,55.14,thermal_prone
1104066010501,568.6,127.04905127883168,37.54766789482019,190,95,150.7696,82.3576,68.412,45.38,thermal_prone
1104066010601,796.1,127.04757338023852,37.54778023969579,183,94,144.7248,79.7409,64.9839,44.9,thermal_prone
1104066020006,144.2,127.04307220592972,37.55173556356492,256,0,198.4784,0.0,198.4784,100.0,thermal_prone
1104066020007,33.1,127.043710894468,37.5491499487547,231,79,179.2394,64.0781,115.1613,64.25,thermal_prone
1104066020004,3280.5,127.03807766147276,37.54878003283706,221,0,166.2692,0.0,166.2692,100.0,thermal_prone
1104066020005,317.0,127.04226972713865,37.546645549707826,223,69,171.0799,52.295,118.7849,69.43,thermal_prone
1104066020002,741.6,127.04259162959046,37.54862838062567,240,76,186.129,60.5452,125.5838,67.47,thermal_prone
1104066020003,845.7,127.04235476700688,37.54745570692431,233,71,178.8835,54.7191,124.1644,69.41,thermal_prone
1104066020001,8.1,127.0401814814328,37.54738232666061,239,66,182.0358,49.9663,132.0695,72.55,thermal_prone
1104066020008,124.9,127.04380806574858,37.54699478119112,233,75,180.0629,59.0324,121.0305,67.22,thermal_prone
1104066020101,6.7,127.04071617207065,37.5480515160872,250,71,191.5222,54.4978,137.0244,71.54,thermal_prone
1104066030002,1859.5,127.04566768481013,37.54695921058551,217,87,170.1101,73.0836,97.0265,57.04,thermal_prone
1104066030001,1224.8,127.04840593181189,37.54603397984286,173,94,140.355,83.2865,57.0685,40.66,moderate
1104066030101,294.8,127.0479585328322,37.54549997809491,174,91,140.4944,79.7909,60.7035,43.21,thermal_prone
1104067010001,1298.1,127.05368232846034,37.540461898620585,112,98,99.5197,88.2117,11.308,11.36,thermal_robust
1104067010003,264.3,127.0546736575163,37.54215011102966,113,98,100.7465,88.6955,12.051,11.96,thermal_robust
1104067010002,708.6,127.05289915864736,37.54232986148033,113,98,101.2449,89.0172,12.2277,12.08,thermal_robust
1104067010101,407.5,127.05154076564182,37.541439671133205,113,94,100.6531,84.8431,15.81,15.71,thermal_robust
1104067010102,16.4,127.052459435985,37.54114088781944,110,95,98.569,85.1784,13.3906,13.59,thermal_robust
1104067020002,231.5,127.0561062177044,37.539163237124136,111,98,97.3033,86.7691,10.5342,10.83,thermal_robust
1104067020003,1228.1,127.05861872652866,37.538690328515386,111,98,96.3847,86.4684,9.9163,10.29,thermal_robust
1104067020001,595.1,127.05969534006265,37.54022199798949,108,99,94.2027,86.8888,7.3139,7.76,thermal_robust
1104067020006,2174.7,127.06127416513807,37.53910470863352,104,96,88.245,81.682,6.563,7.44,thermal_robust
1104067020004,182.3,127.0573603568038,37.54073832193406,112,98,98.3754,87.9266,10.4488,10.62,thermal_robust
1104067020005,1387.1,127.06040642117075,37.53907563247825,103,95,85.9359,79.5128,6.4231,7.47,thermal_robust
1104067020101,1.6,127.05730740205284,37.53920668492724,111,98,96.8029,86.6893,10.1136,10.45,thermal_robust
1104067030009,6.3,127.05782580548409,37.53740165639352,111,98,95.4476,85.0121,10.4355,10.93,thermal_robust
1104067030012,688.8,127.055305701224,37.538070251479496,111,96,97.2673,85.4499,11.8174,12.15,thermal_robust
1104067030011,13.7,127.05671744588658,37.537671663182245,111,98,95.9802,84.9073,11.0729,11.54,thermal_robust
1104067030007,518.5,127.05510567566688,37.53712047108296,110,97,95.6121,84.9611,10.651,11.14,thermal_robust
1104067030006,413.5,127.05726512145768,37.53233429525379,76,0,59.8376,0.0,59.8376,100.0,thermal_prone
1104067030005,1039.5,127.05972970488284,37.53684806936768,104,93,87.5659,77.771,9.7949,11.19,thermal_robust
1104067030004,335.8,127.05663311316174,37.53520333070754,99,89,82.7155,75.207,7.5085,9.08,thermal_robust
1104067030003,279.2,127.05512161010638,37.53236242085596,0,0,0.0,0.0,0.0,0.0,no_access
1104067030002,68.5,127.05407480539918,37.53582798407933,106,92,90.4004,79.2768,11.1236,12.3,thermal_robust
1104067030001,25.2,127.05974818155786,37.53594876754527,101,92,84.4031,76.0097,8.3934,9.94,thermal_robust
1104067030008,215.4,127.05542084124892,37.53632724556764,109,95,92.5504,81.958,10.5924,11.45,thermal_robust
1104067030010,169.5,127.05746298505606,37.536073713285575,111,97,93.9662,82.8743,11.0919,11.8,thermal_robust
1104067030201,4.8,127.05840381760596,37.53720963324587,108,92,91.2521,75.9551,15.297,16.76,thermal_robust
1104067030301,592.2,127.05360153152913,37.53294597399344,0,0,0.0,0.0,0.0,0.0,no_access
1104067030401,458.1,127.05703599175972,37.53523581431892,98,88,80.9829,73.3903,7.5926,9.38,thermal_robust
1104067030501,217.4,127.05760165852423,37.535254667751815,104,94,87.2381,79.2432,7.9949,9.16,thermal_robust
1104067040006,471.5,127.05300394248984,37.5368058459785,107,93,92.835,81.4273,11.4077,12.29,thermal_robust
1104067040001,547.8,127.05206509010158,37.53703284444647,106,91,92.462,80.1436,12.3184,13.32,thermal_robust
1104067040002,14.7,127.05272130372607,37.53887648428726,109,95,96.2372,84.5937,11.6435,12.1,thermal_robust
1104067040003,623.9,127.05052275367478,37.53439179760168,104,90,88.869,77.6919,11.1771,12.58,thermal_robust
1104067040004,25.8,127.05224444540876,37.53804935190181,107,92,94.7925,81.998,12.7945,13.5,thermal_robust
1104067040005,988.7,127.053971138094,37.537763185102385,108,94,94.8771,82.5222,12.3549,13.02,thermal_robust
1104067040101,544.2,127.0519538776556,37.53357206024032,0,0,0.0,0.0,0.0,0.0,no_access
1104067040201,405.5,127.05098294757715,37.536389360795425,104,90,88.869,77.6919,11.1771,12.58,thermal_robust
1104068010004,1137.7,127.05481343450384,37.54934401532432,139,99,112.8004,83.3692,29.4312,26.09,thermal_robust
1104068010006,3.4,127.05628217127318,37.54663024963194,127,99,106.796,86.4766,20.3194,19.03,thermal_robust
1104068010001,382.0,127.05262212804357,37.54967446094849,165,98,128.7686,79.2065,49.5621,38.49,moderate
1104068010003,220.4,127.05340937825794,37.54886072822216,146,99,118.3431,82.8978,35.4453,29.95,moderate
1104068010002,1925.4,127.0535827395243,37.54653903757426,130,98,105.7374,81.7732,23.9642,22.66,thermal_robust
1104068010005,754.5,127.05624152990264,37.548221002326414,122,99,101.4068,84.6917,16.7151,16.48,thermal_robust
1104068010101,502.3,127.05614123792738,37.54714960855138,127,99,106.796,86.4766,20.3194,19.03,thermal_robust
1104068010103,573.3,127.05711693110042,37.54740903778673,116,100,97.1666,85.665,11.5016,11.84,thermal_robust
1104068010102,642.1,127.05716677779964,37.54689212359867,115,100,98.2138,87.4075,10.8063,11.0,thermal_robust
1104068010104,386.7,127.05627292919128,37.54796042868696,122,99,101.4068,84.6917,16.7151,16.48,thermal_robust
1104068010201,20.7,127.05551152024428,37.54598249091236,117,99,101.5553,88.2862,13.2691,13.07,thermal_robust
1104068010203,469.9,127.05632867947811,37.54570094601138,111,99,96.5726,87.1544,9.4182,9.75,thermal_robust
1104068010202,42.6,127.05602219234648,37.54659059621751,126,99,105.9464,85.9097,20.0367,18.91,thermal_robust
1104068010301,10.5,127.0517533325596,37.548445635820904,159,98,128.7728,83.317,45.4558,35.3,moderate
1104068020002,912.3,127.06166324119248,37.54390369521867,108,100,91.3054,85.5213,5.7841,6.33,thermal_robust
1104068020001,10281.8,127.06205362777476,37.546554100226544,102,98,84.5095,81.2764,3.2331,3.83,thermal_robust
1104068020101,2094.6,127.06540623802624,37.545416349741906,88,85,72.5284,69.969,2.5594,3.53,thermal_robust
1104068020301,219.4,127.05977211460444,37.54663600981234,109,100,91.6547,85.2095,6.4452,7.03,thermal_robust
1104068030003,897.5,127.05430081380848,37.544244639008454,118,98,103.649,88.828,14.821,14.3,thermal_robust
1104068030002,404.2,127.05328980192913,37.5438675673003,126,98,109.4251,88.6057,20.8194,19.03,thermal_robust
1104068030001,670.7,127.05078768648706,37.54464346819336,140,95,117.6455,85.1129,32.5326,27.65,moderate
1104068030101,3.3,127.05314120009211,37.54368330519074,126,98,109.5464,88.6522,20.8942,19.07,thermal_robust
1104068040001,294.4,127.06005550995236,37.54220476701404,107,99,93.4446,87.0005,6.4441,6.9,thermal_robust
1104069010009,568.9,127.07223355777944,37.55890835173092,23,23,18.2005,18.1546,0.0459,0.25,thermal_robust
1104069010008,733.2,127.06673988220216,37.55040294958318,77,72,60.0994,56.1846,3.9148,6.51,thermal_robust
1104069010006,705.7,127.06689102911034,37.55126570722243,69,67,53.939,51.9641,1.9749,3.66,thermal_robust
1104069010001,347.8,127.07026406441136,37.55428760820733,39,35,31.2203,28.6143,2.606,8.35,thermal_robust
1104069010003,367.5,127.06574775024464,37.551530189559585,81,77,62.6926,59.4082,3.2844,5.24,thermal_robust
1104069010002,704.9,127.06861743971312,37.55156005346737,61,56,47.5531,43.995,3.5581,7.48,thermal_robust
1104069010005,849.8,127.07177709463195,37.556631558779785,31,29,24.5709,23.2787,1.2922,5.26,thermal_robust
1104069010004,1046.2,127.07059193941872,37.557422473125165,31,28,24.1846,22.2364,1.9482,8.06,thermal_robust
1104069010007,454.5,127.0675306110452,37.5497047721624,69,67,54.7855,52.8404,1.9451,3.55,thermal_robust
1104069010012,328.9,127.06785815630016,37.55222364054608,66,60,50.7886,46.5141,4.2745,8.42,thermal_robust
1104069010011,948.3,127.06792966131816,37.5505814226924,68,64,52.8832,49.8588,3.0244,5.72,thermal_robust
1104069010014,197.4,127.06733919171825,37.553411990412506,55,51,42.9459,40.0602,2.8857,6.72,thermal_robust
1104069010013,451.4,127.06825374606562,37.554692743681706,12,0,8.6969,0.0,8.6969,100.0,thermal_prone
1104069010010,588.1,127.06954952972656,37.55497243263847,35,33,28.6947,27.277,1.4177,4.94,thermal_robust
1104069010101,520.4,127.07052706439416,37.55570543195329,33,33,26.7331,26.6097,0.1234,0.46,thermal_robust
1104069010102,442.2,127.06993672903748,37.556382807591,33,33,26.2455,26.0766,0.1689,0.64,thermal_robust
1104069010201,431.0,127.06909532832452,37.55254899944965,55,54,43.1308,42.1092,1.0216,2.37,thermal_robust
1104069010202,12.9,127.06940521474232,37.55322151091737,45,41,36.0013,33.2162,2.7851,7.74,thermal_robust
1104069020001,3.1,127.06317395117595,37.548861892649064,94,90,75.2952,71.8563,3.4389,4.57,thermal_robust
1104069020004,57.5,127.064481638324,37.54961793437435,89,86,70.4663,67.6933,2.773,3.94,thermal_robust
1104069020005,718.1,127.0555894368475,37.55049707659016,147,100,116.6698,79.7282,36.9416,31.66,moderate
1104069020002,13.8,127.06604485826934,37.54939208715305,83,80,65.6067,62.766,2.8407,4.33,thermal_robust
1104069020003,11.6,127.06641868350016,37.548709470181954,84,78,66.7481,61.1043,5.6438,8.46,thermal_robust
1104070010004,1294.9,127.0579559419022,37.56175629449497,64,13,48.295,12.2859,36.0091,74.56,thermal_prone
1104070010001,487.3,127.06962539732656,37.55898266721672,9,0,6.5054,0.0,6.5054,100.0,thermal_prone
1104070010003,71.6,127.06273411416711,37.561341428772984,31,13,24.461,12.2048,12.2562,50.11,thermal_prone
1104070010002,3818.8,127.061611014963,37.5560305110464,22,0,16.6937,0.0,16.6937,100.0,thermal_prone
1104070020025,325.9,127.05261164699836,37.56192079225632,118,13,91.4391,11.6414,79.7977,87.27,thermal_prone
1104070020022,591.7,127.05258837279548,37.56464841638034,95,13,72.9264,11.7692,61.1572,83.86,thermal_prone
1104070020023,263.7,127.05155091915891,37.565851651260125,96,13,73.4987,11.5439,61.9548,84.29,thermal_prone
1104070020020,408.4,127.05096766151456,37.56477170030061,113,13,86.9934,11.4568,75.5366,86.83,thermal_prone
1104070020021,433.5,127.05385569915816,37.56172160461722,115,13,88.97,11.8086,77.1614,86.73,thermal_prone
1104070020008,161.4,127.05424616766184,37.56122007754328,107,13,82.8057,11.815,70.9907,85.73,thermal_prone
1104070020009,1037.7,127.05380883670446,37.562875585167546,110,13,85.6184,11.9769,73.6415,86.01,thermal_prone
1104070020016,240.5,127.04891735006078,37.56626638827937,88,0,67.144,0.0,67.144,100.0,thermal_prone
1104070020017,251.5,127.0553448900619,37.56374117193607,95,13,73.2577,12.1549,61.1028,83.41,thermal_prone
1104070020014,224.6,127.05194799309656,37.563097776110766,133,13,105.2554,11.617,93.6384,88.96,thermal_prone
1104070020015,241.6,127.04869600665224,37.56716415066661,88,0,67.144,0.0,67.144,100.0,thermal_prone
1104070020012,706.1,127.05324724329776,37.56588122274947,98,13,75.171,11.7643,63.4067,84.35,thermal_prone
1104070020013,200.1,127.05483842577344,37.5625071825331,105,13,81.4516,12.0317,69.4199,85.23,thermal_prone
1104070020010,545.0,127.05181080807814,37.5637762534071,108,13,83.4387,11.5866,71.8521,86.11,thermal_prone
1104070020011,292.9,127.05465724598812,37.56438940534661,101,13,77.481,12.0336,65.4474,84.47,thermal_prone
1104070020024,418.2,127.04963652547644,37.56524203744664,115,13,88.4012,11.2461,77.1551,87.28,thermal_prone
1104070020019,498.5,127.0449322850117,37.570564933388845,60,0,44.4975,0.0,44.4975,100.0,thermal_prone
1104070020018,474.6,127.05139423127338,37.56678973729973,77,13,58.6246,11.3725,47.2521,80.6,thermal_prone
1104070020001,975.6,127.0505513406721,37.56696936908715,85,13,64.3835,11.4629,52.9206,82.2,thermal_prone
1104070020006,373.3,127.04972286494348,37.56817235989377,63,9,45.3132,7.5192,37.794,83.41,thermal_prone
1104070020007,655.6,127.05034403149574,37.563851692546926,122,13,94.363,11.2637,83.0993,88.06,thermal_prone
1104070020004,196.0,127.05331734403715,37.5643291580201,119,13,92.8714,11.8829,80.9885,87.2,thermal_prone
1104070020005,441.8,127.0532749036714,37.5634672511278,119,13,92.9755,11.8848,81.0907,87.22,thermal_prone
1104070020002,470.5,127.05284955671382,37.56289340175349,125,13,99.0419,11.6942,87.3477,88.19,thermal_prone
1104070020003,622.1,127.053103382476,37.55646485367276,73,9,54.5873,7.1989,47.3884,86.81,thermal_prone
1104070020301,124.4,127.05546235420348,37.56317227371194,89,13,68.6973,12.2043,56.493,82.23,thermal_prone
1104071010001,443.2,127.0311783635082,37.56732357580982,235,186,184.7841,148.1701,36.614,19.81,thermal_robust
1104071010002,752.6,127.03308384741392,37.567178012820854,233,187,185.0753,149.7812,35.2941,19.07,thermal_robust
1104071010201,291.8,127.03135204853484,37.56742357798932,235,186,184.7841,148.1701,36.614,19.81,thermal_robust
1104071010303,264.8,127.03077049727594,37.56932922619286,185,149,142.7768,115.3424,27.4344,19.21,thermal_robust
1104071010302,668.8,127.03136461783072,37.56819839191567,192,157,150.2258,123.4654,26.7604,17.81,thermal_robust
1104071010305,181.4,127.03077594245455,37.568628788020895,191,156,148.0938,121.3708,26.723,18.04,thermal_robust
1104071010304,482.4,127.03216768970626,37.568728817844274,202,164,157.9991,129.4187,28.5804,18.09,thermal_robust
1104071010307,401.0,127.03198709401968,37.569554162518656,182,145,142.2659,114.7769,27.489,19.32,thermal_robust
1104071010306,2.3,127.03327816551992,37.56880007781599,207,172,161.8329,134.8304,27.0025,16.69,thermal_robust
1104071010301,48.5,127.0327625957592,37.56906690858593,197,163,154.4703,128.3659,26.1044,16.9,thermal_robust
1104071020001,338.6,127.02696100106976,37.57042537779117,126,99,97.0397,77.3352,19.7045,20.31,thermal_robust
1104071020002,7.2,127.02776503358166,37.56759788424431,194,111,150.2821,84.8628,65.4193,43.53,thermal_prone
1104071020003,49.2,127.0247032750856,37.56790615085938,106,70,80.5509,54.6997,25.8512,32.09,moderate
1104071020103,7.4,127.02489871139753,37.57037003377156,106,84,81.1332,64.9581,16.1751,19.94,thermal_robust
1104071020101,429.1,127.02386863909584,37.56874993357245,123,91,93.7403,69.582,24.1583,25.77,thermal_robust
1104071020106,760.8,127.02444129850409,37.569575438615125,114,87,86.9511,66.3589,20.5922,23.68,thermal_robust
1104071020104,1166.9,127.02499538584732,37.568548019656546,136,106,104.2097,80.4661,23.7436,22.78,thermal_robust
1104071020105,2194.0,127.02380472007124,37.570280442622746,99,81,75.8132,62.3044,13.5088,17.82,thermal_robust
1104071020102,472.7,127.02556790304538,37.5696126476793,135,103,103.595,79.36,24.235,23.39,thermal_robust
1104071020204,1852.1,127.0282697605273,37.56871716099635,167,114,129.6079,88.4563,41.1516,31.75,moderate
1104071020205,796.5,127.02915798200677,37.56823833465614,154,89,119.0257,69.0728,49.9529,41.97,moderate
1104071020202,330.3,127.0285879184304,37.56760165980986,186,100,143.9354,77.3819,66.5535,46.24,thermal_prone
1104071020203,201.4,127.0285810624924,37.569326957306394,162,126,126.3947,98.1009,28.2938,22.39,thermal_robust
1104071020201,57.3,127.0296533678224,37.56743256778422,211,91,165.5147,70.5274,94.9873,57.39,thermal_prone
1104071020208,293.0,127.02674867545284,37.567884599966966,163,120,126.458,90.9504,35.5076,28.08,moderate
1104071020206,2107.2,127.02677495731793,37.56923739775433,148,101,113.9377,78.775,35.1627,30.86,moderate
1104071020207,3.9,127.02979216766666,37.56887604779891,179,99,137.5904,77.0299,60.5605,44.02,thermal_prone
1104071030001,7217.6,127.0268027182717,37.5661029567738,192,166,148.5089,126.5693,21.9396,14.77,thermal_robust
1104071040002,626.7,127.03379690707618,37.56588186633499,255,201,205.6745,163.7015,41.973,20.41,thermal_robust
1104071040003,832.8,127.03214753815216,37.56401519467928,263,208,216.6321,170.5891,46.043,21.25,thermal_robust
1104071040008,368.6,127.03101094143204,37.56620238218801,248,198,196.8129,158.445,38.3679,19.49,thermal_robust
1104071040009,1213.8,127.03551060084251,37.56527015164402,256,196,209.7211,161.0286,48.6925,23.22,thermal_robust
1104071040010,1149.1,127.0334035702369,37.564165386748336,264,207,215.8875,168.9565,46.931,21.74,thermal_robust
1104071040011,35.0,127.0345199055517,37.56335174576866,267,207,222.1222,170.0125,52.1097,23.46,thermal_robust
1104071040004,101.6,127.03374403113526,37.563108455887864,271,209,225.2355,172.1033,53.1322,23.59,thermal_robust
1104071040005,447.7,127.03180193075244,37.56575649147055,254,202,204.5393,163.7995,40.7398,19.92,thermal_robust
1104071040006,963.9,127.03303514496216,37.5650846181552,260,207,212.6414,169.7273,42.9141,20.18,thermal_robust
1104071040007,595.4,127.03088312329928,37.56462061046357,256,204,208.7048,165.335,43.3698,20.78,thermal_robust
1104071040001,2385.9,127.03536267387273,37.56282187107659,270,204,223.9376,166.6723,57.2653,25.57,thermal_robust
1104071040301,67.7,127.0349663634146,37.564650851821995,258,202,211.2036,165.0334,46.1702,21.86,thermal_robust
1104071040302,12.0,127.03490296039104,37.56423681388347,264,205,217.995,168.4471,49.5479,22.73,thermal_robust
1104072010013,242.6,127.02187449656849,37.55204908124914,266,182,222.4049,152.3189,70.086,31.51,moderate
1104072010012,61.8,127.0198426587487,37.55013248904789,242,174,206.1587,142.0249,64.1338,31.11,moderate
1104072010015,94.1,127.0207315842642,37.55112865804376,254,184,214.6007,152.8396,61.7611,28.78,moderate
1104072010014,279.0,127.02474938773568,37.54984138050863,250,165,214.6692,137.7842,76.885,35.82,moderate
1104072010017,4.5,127.0213745939654,37.55053807490552,250,187,213.0341,154.7618,58.2723,27.35,moderate
1104072010016,1364.6,127.02107754797548,37.55240321114866,266,182,222.4049,152.3189,70.086,31.51,moderate
1104072010009,265.5,127.02386725804055,37.5483998714945,259,143,224.2764,118.8472,105.4292,47.01,thermal_prone
1104072010008,543.5,127.02014673776044,37.553024726280206,274,186,230.2287,156.3827,73.846,32.08,moderate
1104072010001,30.0,127.02309389298506,37.549575742791234,245,167,211.0862,140.3344,70.7518,33.52,moderate
1104072010002,147.1,127.02529349150674,37.54911287863538,259,162,222.403,135.6763,86.7267,39.0,moderate
1104072010003,840.6,127.02183328322418,37.5489485882012,244,187,212.2359,154.8506,57.3853,27.04,thermal_robust
1104072010004,1671.9,127.0200549940723,37.55134857960758,248,181,208.1873,148.8493,59.338,28.5,moderate
1104072010005,190.3,127.02244252006516,37.55149329118439,264,175,224.1073,146.4926,77.6147,34.63,moderate
1104072010006,1067.9,127.02043780757546,37.548658687573,242,186,209.359,153.855,55.504,26.51,thermal_robust
1104072010007,250.9,127.02326580898784,37.55039230623071,256,167,219.3785,140.8386,78.5399,35.8,moderate
1104072010011,116.2,127.02399803976058,37.54988714937002,249,167,214.6541,140.2382,74.4159,34.67,moderate
1104072010010,9.6,127.02351758963304,37.54903294051368,247,166,212.8488,139.2663,73.5825,34.57,moderate
1104072010101,796.8,127.02371727776178,37.55145709932784,273,162,226.4409,134.6816,91.7593,40.52,moderate
1104072010103,474.8,127.02526787794508,37.550492225077434,281,158,239.4023,133.2464,106.1559,44.34,thermal_prone
1104072010102,337.3,127.02430451174448,37.55105671600109,244,154,205.2691,127.9997,77.2694,37.64,moderate
1104072010104,754.5,127.0247510320084,37.55187092654659,273,162,226.4409,134.6816,91.7593,40.52,moderate
1104072010202,277.5,127.02289850821435,37.55129688466414,271,170,229.1205,142.6467,86.4738,37.74,moderate
1104072010201,599.5,127.02318044971504,37.55194596282645,274,170,228.4508,140.391,88.0598,38.55,moderate
1104072010301,284.8,127.02298606835232,37.55279586664068,274,170,228.4508,140.391,88.0598,38.55,moderate
1104072010302,409.2,127.02172430537888,37.55296218275816,271,176,226.2012,149.1475,77.0537,34.06,moderate
1104072010401,53.7,127.02050705052731,37.549436423107494,241,177,203.9842,145.3828,58.6014,28.73,moderate
1104072010402,609.3,127.0208469955002,37.55034138074991,244,186,209.9959,154.3051,55.6908,26.52,thermal_robust
1104072010501,1621.0,127.0219579071938,37.54988382370919,249,178,214.9695,148.3646,66.6049,30.98,moderate
1104072010502,3.1,127.02184878157465,37.55085086357909,250,187,213.0341,154.7618,58.2723,27.35,moderate
1104072020005,273.9,127.0188200426055,37.55125706935231,240,161,200.6119,134.1738,66.4381,33.12,moderate
1104072020002,1352.1,127.01615877107584,37.551132886361856,171,103,134.601,80.3052,54.2958,40.34,moderate
1104072020003,807.2,127.01857972926584,37.55350176490441,258,163,212.7235,136.5168,76.2067,35.82,moderate
1104072020001,40.9,127.01867200716352,37.54912686669962,233,166,194.8719,136.6131,58.2588,29.9,moderate
1104072020103,475.4,127.01538950432332,37.5500795846688,210,147,172.2862,114.0609,58.2253,33.8,moderate
1104072020101,601.0,127.01632545113536,37.54885190779854,227,158,190.4266,129.0535,61.3731,32.23,moderate
1104072020106,442.7,127.01587565082414,37.549453580121686,200,147,162.919,114.385,48.534,29.79,moderate
1104072020107,15.7,127.01583165114847,37.55083273828977,176,110,139.0213,85.3993,53.622,38.57,moderate
1104072020104,19.5,127.01652780969722,37.551170150038345,163,99,127.7816,76.71,51.0716,39.97,moderate
1104072020105,327.9,127.016525873988,37.55005755054192,187,129,151.0106,100.482,50.5286,33.46,moderate
1104072020102,286.5,127.0175569771744,37.54942961725019,203,148,165.341,115.4199,49.9211,30.19,moderate
1104072020201,506.7,127.01794895634583,37.5503416898379,227,148,183.4773,121.682,61.7953,33.68,moderate
1104072020402,1289.1,127.01880514732446,37.55484538103696,273,173,223.5954,144.805,78.7904,35.24,moderate
1104072020403,337.8,127.0177580199027,37.55573513037794,248,160,198.5615,129.8415,68.72,34.61,moderate
1104072020401,1026.5,127.01930126470208,37.55609782774684,268,163,215.7248,134.9684,80.7564,37.43,moderate
1104072020404,637.1,127.0176909347866,37.55464981262753,248,160,198.5615,129.8415,68.72,34.61,moderate
1104073020002,445.4,127.01045001900552,37.540344568741965,114,63,93.9967,53.8573,40.1394,42.7,thermal_prone
1104073020003,824.6,127.01544766837632,37.54458012674341,203,113,169.6479,93.568,76.0799,44.85,thermal_prone
1104073020102,974.7,127.01043213727355,37.54190535365349,128,64,105.2335,55.5967,49.6368,47.17,thermal_prone
1104073020103,14.9,127.00935531041956,37.54219067642679,101,54,82.7179,46.7906,35.9273,43.43,thermal_prone
1104073020101,698.9,127.0100412174239,37.54154963480071,123,63,101.045,54.518,46.527,46.05,thermal_prone
1104073020202,95.3,127.01265973523692,37.54345956902242,151,76,125.4226,65.5512,59.8714,47.74,thermal_prone
1104073020203,281.7,127.01199974756794,37.54331070864025,137,70,111.9769,59.7754,52.2015,46.62,thermal_prone
1104073020201,553.9,127.01114190867692,37.542514899821086,130,69,106.543,58.6667,47.8763,44.94,thermal_prone
1104073020606,1046.7,127.01313533590526,37.54457700185028,160,85,133.1857,71.8064,61.3793,46.09,thermal_prone
1104073020607,1210.0,127.0141014001911,37.54474582815088,160,85,133.1857,71.8064,61.3793,46.09,thermal_prone
1104073020604,10.3,127.01448730238222,37.546452679136515,186,98,153.7421,80.5283,73.2138,47.62,thermal_prone
1104073020605,1133.9,127.01457495003342,37.54434177149316,192,105,159.7007,87.2079,72.4928,45.39,thermal_prone
1104073020602,299.9,127.01400974824688,37.54591338213846,186,98,153.7421,80.5283,73.2138,47.62,thermal_prone
1104073020603,283.5,127.0148409836836,37.54533202423352,203,109,168.9175,89.9804,78.9371,46.73,thermal_prone
1104073020601,597.6,127.01346544336582,37.54547689444136,163,83,134.2754,68.2087,66.0667,49.2,thermal_prone
1104073020608,4.6,127.01245766816326,37.54511097823661,142,0,114.9186,0.0,114.9186,100.0,thermal_prone
1104073020609,215.2,127.01525408244862,37.5454454561545,203,109,168.9175,89.9804,78.9371,46.73,thermal_prone
1104073030003,1247.8,127.01230846196776,37.541346878890906,134,63,109.746,55.0605,54.6855,49.83,thermal_prone
1104073030002,1430.7,127.01574278638682,37.541806705858875,180,85,147.6217,71.7812,75.8405,51.37,thermal_prone
1104073030001,213.7,127.01547659850372,37.543332302368675,187,104,154.9553,85.7205,69.2348,44.68,thermal_prone
1104073030203,1339.5,127.01247624565808,37.539807534639394,116,63,95.575,54.0304,41.5446,43.47,thermal_prone
1104073030202,353.0,127.01461245822112,37.54019886082889,100,47,80.1965,41.8969,38.2996,47.76,thermal_prone
1104073030201,292.5,127.01426553750603,37.53925670040746,89,47,70.5553,40.67,29.8853,42.36,thermal_prone
1104073030306,2.0,127.01379482499458,37.54252654032367,154,78,128.0031,66.7092,61.2939,47.88,thermal_prone
1104073030305,80.6,127.0133503163837,37.541886950192215,151,75,124.59,64.1789,60.4111,48.49,thermal_prone
1104073030304,6.3,127.01459648183096,37.54269950250645,174,91,144.1596,76.4946,67.665,46.94,thermal_prone
1104073030303,308.0,127.01431555857344,37.54181172576742,152,76,126.1804,65.2552,60.9252,48.28,thermal_prone
1104073030302,1061.4,127.01270124538668,37.54221834216868,151,75,124.3425,64.0683,60.2742,48.47,thermal_prone
1104073030301,152.7,127.01367218385238,37.541030702373774,137,68,113.4309,58.5563,54.8746,48.38,thermal_prone
1104073030307,6.0,127.01486824741797,37.543069887908835,174,91,144.1596,76.4946,67.665,46.94,thermal_prone
1104073030604,184.5,127.01585175684762,37.540663665463825,160,74,130.5116,62.96,67.5516,51.76,thermal_prone
1104073030603,311.5,127.01674796261264,37.540652227531055,170,74,138.0862,63.3339,74.7523,54.13,thermal_prone
1104073030602,563.6,127.01576241003038,37.53975929801792,149,71,121.734,60.1673,61.5667,50.57,thermal_prone
1104073030601,820.5,127.0182752114532,37.53743807501212,0,0,0.0,0.0,0.0,0.0,no_access
1104073040001,3098.6,127.02658136781648,37.5391611911968,37,0,25.8081,0.0,25.8081,100.0,thermal_prone
1104073040201,84.6,127.0190953570288,37.54173708579417,215,0,172.5901,0.0,172.5901,100.0,thermal_prone
1104073040202,7.5,127.01962916236866,37.54225964920921,215,0,172.5901,0.0,172.5901,100.0,thermal_prone
1104073040301,554.3,127.01924215082369,37.54326413081144,161,113,132.1558,91.4506,40.7052,30.8,moderate
1104073040302,801.5,127.01817200290122,37.543295311244336,167,115,137.1251,93.6185,43.5066,31.73,moderate
1104073040303,121.2,127.01927844508768,37.544193866125966,152,109,123.1243,86.3122,36.8121,29.9,moderate
1104073040501,621.7,127.01804002494868,37.54251438009539,195,0,155.5601,0.0,155.5601,100.0,thermal_prone
1104073040502,79.1,127.0183954895432,37.5422472107237,195,0,155.5601,0.0,155.5601,100.0,thermal_prone
1104059030206,1199.5,127.0254085813003,37.55357493446358,283,191,232.2464,158.5793,73.6671,31.72,moderate
1104072020405,461.7,127.01858203098844,37.556450810054955,253,2,201.6123,2.0,199.6123,99.01,thermal_prone
1104073020204,4054.1,127.01147494246833,37.54633893218001,150,74,121.7768,60.5869,61.1899,50.25,thermal_prone
