집계구코드,residential_pop,lon,lat,a_classic,a_thermal_h10,a_thermal_h13,a_thermal_h14,aal_h10,tarr_h10,aal_h13,tarr_h13,aal_h14,tarr_h14,category
1104052010012,114.7,127.02888923856707,37.56091344278083,241.3722,241.3722,190.4836,59.9928,0.0,0.0,50.8886,21.08,181.3794,75.15,thermal_robust
1104052010001,13.6,127.02743263000936,37.562785956675654,192.5032,192.5032,134.5015,0.0,0.0,0.0,58.0017,30.13,192.5032,100.0,thermal_prone
1104052010003,813.6,127.032537020366,37.562201079953745,234.7525,234.7525,181.7458,72.0391,0.0,0.0,53.0067,22.58,162.7134,69.31,thermal_robust
1104052010002,837.8,127.02709416292386,37.563843297710655,185.8899,185.8899,135.8261,0.0,0.0,0.0,50.0638,26.93,185.8899,100.0,thermal_prone
1104052010005,880.2,127.02746873088816,37.56445672114859,189.4012,189.4012,145.46,57.5401,0.0,0.0,43.9412,23.2,131.8611,69.62,thermal_robust
1104052010004,602.1,127.0258825731047,37.56041802978655,230.7288,230.7288,0.0,0.0,0.0,0.0,230.7288,100.0,230.7288,100.0,thermal_prone
1104052010007,516.3,127.029559683564,37.56261075631823,220.7347,220.7347,175.2507,0.0,0.0,0.0,45.484,20.61,220.7347,100.0,thermal_prone
1104052010006,1113.1,127.03147940535658,37.562835686736705,230.5713,230.5713,179.7565,70.9165,0.0,0.0,50.8148,22.04,159.6548,69.24,thermal_robust
1104052010009,220.1,127.03163704001896,37.56105516952331,238.9822,238.9822,183.8418,0.0,0.0,0.0,55.1404,23.07,238.9822,100.0,thermal_prone
1104052010008,329.8,127.03023194679544,37.56111961425364,239.6519,239.6519,184.6386,62.6741,0.0,0.0,55.0133,22.96,176.9778,73.85,thermal_robust
1104052010010,497.1,127.03047924322566,37.561839603361,225.1215,225.1215,177.3072,0.0,0.0,0.0,47.8143,21.24,225.1215,100.0,thermal_prone
1104052010011,485.1,127.02954670782688,37.56391046316543,208.4163,208.4163,167.2165,63.21,0.0,0.0,41.1998,19.77,145.2063,69.67,thermal_robust
1104052010101,371.4,127.02350252733017,37.55809396431887,242.0769,242.0769,179.6976,22.7945,0.0,0.0,62.3793,25.77,219.2824,90.58,moderate
1104052010103,475.9,127.02332565312574,37.55865405804703,192.2058,192.2058,122.8883,4.9891,0.0,0.0,69.3175,36.06,187.2167,97.4,moderate
1104052010102,938.5,127.02335740378118,37.55960206798054,229.529,229.529,157.5913,18.0214,0.0,0.0,71.9377,31.34,211.5076,92.15,moderate
1104052010203,1743.8,127.0241929276859,37.5590194026384,192.2058,192.2058,122.8883,4.9891,0.0,0.0,69.3175,36.06,187.2167,97.4,moderate
1104052010202,3.3,127.02563713474048,37.55923622407253,231.8438,231.8438,174.6703,31.5501,0.0,0.0,57.1735,24.66,200.2937,86.39,moderate
1104052010205,7.0,127.02657356727606,37.55972821705692,244.4252,244.4252,193.2553,34.8841,0.0,0.0,51.1699,20.93,209.5411,85.73,moderate
1104052010204,626.4,127.02551559701094,37.55847195609596,244.2619,244.2619,173.6242,44.6358,0.0,0.0,70.6377,28.92,199.6261,81.73,moderate
1104052010201,686.6,127.02460872648848,37.55840873055128,242.0769,242.0769,179.6976,22.7945,0.0,0.0,62.3793,25.77,219.2824,90.58,moderate
1104052010401,857.3,127.0255510849931,37.56108293540485,185.996,185.996,132.9406,21.8058,0.0,0.0,53.0554,28.53,164.1902,88.28,moderate
1104052010403,430.1,127.02538995579712,37.561965005888005,200.8391,200.8391,150.6705,23.6323,0.0,0.0,50.1686,24.98,177.2068,88.23,moderate
1104052010402,724.5,127.02628258071444,37.56167605133117,185.996,185.996,132.9406,21.8058,0.0,0.0,53.0554,28.53,164.1902,88.28,moderate
1104052010501,813.5,127.02790185758244,37.56134488116058,225.7638,225.7638,179.3498,33.6211,0.0,0.0,46.414,20.56,192.1427,85.11,moderate
1104052010502,537.2,127.0279146609241,37.56075403706805,243.5005,243.5005,192.5811,37.2926,0.0,0.0,50.9194,20.91,206.2079,84.68,moderate
1104052010801,12.1,127.02682239768356,37.56308993635441,0.0,0.0,0.0,0.0,0.0,0.0,0.0,0.0,0.0,0.0,no_access
1104052010901,1010.2,127.02832783191865,37.56230061213213,183.2454,183.2454,137.9262,0.0,0.0,0.0,45.3192,24.73,183.2454,100.0,thermal_prone
1104052010903,443.4,127.02895900369948,37.562127641810456,181.5511,181.5511,135.8704,0.0,0.0,0.0,45.6807,25.16,181.5511,100.0,thermal_prone
1104052010902,398.8,127.02782235823236,37.56250243901373,181.1065,181.1065,134.3161,0.0,0.0,0.0,46.7904,25.84,181.1065,100.0,thermal_prone
1104052011101,824.7,127.02668797263526,37.56078428935383,240.0883,240.0883,192.2602,33.8467,0.0,0.0,47.8281,19.92,206.2416,85.9,moderate
1104054010001,381.6,127.03767554906788,37.567111792324354,183.3991,183.3991,134.6506,0.0,0.0,0.0,48.7485,26.58,183.3991,100.0,thermal_prone
1104054010003,956.1,127.0405833061432,37.5701590023215,130.6111,130.6111,74.4892,0.0,0.0,0.0,56.1219,42.97,130.6111,100.0,thermal_prone
1104054010002,761.5,127.04051064471672,37.567758966690576,152.3275,152.3275,106.4974,0.0,0.0,0.0,45.8301,30.09,152.3275,100.0,thermal_prone
1104054010004,666.6,127.04519654516947,37.56875815638988,127.1008,127.1008,88.4778,1.9973,0.0,0.0,38.623,30.39,125.1035,98.43,moderate
1104054010103,6.3,127.04082151448011,37.565896652789576,166.3753,166.3753,120.9189,35.19,0.0,0.0,45.4564,27.32,131.1853,78.85,thermal_robust
1104054010102,464.9,127.0399319682526,37.56636609351371,171.3545,171.3545,122.0741,35.2273,0.0,0.0,49.2804,28.76,136.1272,79.44,thermal_robust
1104054010101,226.6,127.0394515362438,37.565958365500634,187.7101,187.7101,137.1209,35.2824,0.0,0.0,50.5892,26.95,152.4277,81.2,moderate
1104054010301,679.9,127.03891573453704,37.56677494430081,159.1998,159.1998,118.2697,34.6614,0.0,0.0,40.9301,25.71,124.5384,78.23,thermal_robust
1104054010302,471.7,127.0382434265457,37.5669311940186,183.3991,183.3991,134.6506,0.0,0.0,0.0,48.7485,26.58,183.3991,100.0,thermal_prone
1104054010601,270.6,127.04432216735697,37.56967694996839,122.4273,122.4273,88.8855,2.0,0.0,0.0,33.5418,27.4,120.4273,98.37,moderate
1104054010602,301.4,127.0434581699092,37.56858317842452,135.8524,135.8524,100.4375,1.9958,0.0,0.0,35.4149,26.07,133.8566,98.53,moderate
1104054010701,163.3,127.04302672457888,37.56911774158525,135.8524,135.8524,100.4375,1.9958,0.0,0.0,35.4149,26.07,133.8566,98.53,moderate
1104054010703,374.6,127.04288051099896,37.56957230896986,119.5481,119.5481,1.0,1.0,0.0,0.0,118.5481,99.16,118.5481,99.16,moderate
1104054010702,334.9,127.04177025575082,37.569385604949275,139.4789,139.4789,102.5161,0.0,0.0,0.0,36.9628,26.5,139.4789,100.0,thermal_prone
1104054010705,236.2,127.04238055316527,37.57052713858784,122.2271,122.2271,88.7273,0.0,0.0,0.0,33.4998,27.41,122.2271,100.0,thermal_prone
1104054010704,188.0,127.0437753594574,37.570165266152635,39.3565,39.3565,0.0,0.0,0.0,0.0,39.3565,100.0,39.3565,100.0,thermal_prone
1104054010707,396.2,127.042613418096,37.56885450386474,135.8524,135.8524,100.4375,1.9958,0.0,0.0,35.4149,26.07,133.8566,98.53,moderate
1104054010706,154.3,127.04311310741936,37.57046913835008,119.5481,119.5481,1.0,1.0,0.0,0.0,118.5481,99.16,118.5481,99.16,moderate
1104054020008,112.9,127.03482740435892,37.569573623837826,141.5913,141.5913,110.3593,0.0,0.0,0.0,31.232,22.06,141.5913,100.0,thermal_prone
1104054020009,91.1,127.03603547686744,37.56691846753145,187.3729,187.3729,149.8867,0.0,0.0,0.0,37.4862,20.01,187.3729,100.0,thermal_prone
1104054020010,951.4,127.03668353368418,37.571532701899784,123.7553,123.7553,90.7236,2.9912,0.0,0.0,33.0317,26.69,120.7641,97.58,moderate
1104054020006,268.4,127.0348804914484,37.56690218843373,185.4335,185.4335,149.7196,0.0,0.0,0.0,35.7139,19.26,185.4335,100.0,thermal_prone
1104054020007,280.2,127.0364693675262,37.569418339312186,159.7798,159.7798,114.3266,2.9737,0.0,0.0,45.4532,28.45,156.8061,98.14,moderate
1104054020004,24.6,127.03485841571484,37.570851948644936,129.5957,129.5957,84.69,0.0,0.0,0.0,44.9057,34.65,129.5957,100.0,thermal_prone
1104054020005,209.2,127.03353779768383,37.56987213022567,141.4947,141.4947,113.5405,0.0,0.0,0.0,27.9542,19.76,141.4947,100.0,thermal_prone
1104054020002,724.6,127.03402747349568,37.56806949391659,167.6391,167.6391,0.0,0.0,0.0,0.0,167.6391,100.0,167.6391,100.0,thermal_prone
1104054020003,571.0,127.03685420653244,37.57034086897949,147.0913,147.0913,107.912,2.9919,0.0,0.0,39.1793,26.64,144.0994,97.97,moderate
1104054020001,156.6,127.03584335367368,37.56839691682267,172.2129,172.2129,130.5987,0.0,0.0,0.0,41.6142,24.16,172.2129,100.0,thermal_prone
1104054030001,201.9,127.0424714826867,37.56345720372831,167.6163,167.6163,119.9157,0.0,0.0,0.0,47.7006,28.46,167.6163,100.0,thermal_prone
1104054030006,884.9,127.04270123014538,37.565188272749154,162.3152,162.3152,97.1858,0.0,0.0,0.0,65.1294,40.13,162.3152,100.0,thermal_prone
1104054030005,828.7,127.04419280293892,37.56579889141116,153.3233,153.3233,97.5532,0.0,0.0,0.0,55.7701,36.37,153.3233,100.0,thermal_prone
1104054030004,1090.4,127.04653330248676,37.566726105831464,127.733,127.733,0.0,0.0,0.0,0.0,127.733,100.0,127.733,100.0,thermal_prone
1104054030003,613.8,127.04568560792733,37.56374791270627,156.9003,156.9003,93.1187,0.0,0.0,0.0,63.7816,40.65,156.9003,100.0,thermal_prone
1104054030002,272.8,127.04348207812892,37.56300969050845,143.4952,143.4952,0.0,0.0,0.0,0.0,143.4952,100.0,143.4952,100.0,thermal_prone
1104054030104,35.5,127.04462712544569,37.56525499679663,153.3233,153.3233,97.5532,0.0,0.0,0.0,55.7701,36.37,153.3233,100.0,thermal_prone
1104054030103,1261.4,127.04464512128074,37.56416575755745,156.0669,156.0669,75.4712,0.0,0.0,0.0,80.5957,51.64,156.0669,100.0,thermal_prone
1104054030102,164.3,127.0452818240462,37.564930005882744,153.3233,153.3233,97.5532,0.0,0.0,0.0,55.7701,36.37,153.3233,100.0,thermal_prone
1104054030101,41.8,127.04595832196004,37.565323997668415,134.4956,134.4956,79.8906,1.9784,0.0,0.0,54.605,40.6,132.5172,98.53,moderate
1104054040001,680.3,127.03881104275604,37.564789040452645,189.6716,189.6716,134.2622,35.7688,0.0,0.0,55.4094,29.21,153.9028,81.14,moderate
1104054040002,489.6,127.03960154582884,37.56298877719727,205.0077,205.0077,132.7597,36.7848,0.0,0.0,72.248,35.24,168.2229,82.06,moderate
1104054040003,768.8,127.04085074361603,37.5644860019107,190.3233,190.3233,128.1734,0.0,0.0,0.0,62.1499,32.65,190.3233,100.0,thermal_prone
1104054040201,351.5,127.0391101581956,37.565411847678256,189.398,189.398,139.4263,35.3653,0.0,0.0,49.9717,26.38,154.0327,81.33,moderate
1104054040301,378.1,127.04112613182944,37.56247263866612,200.8092,200.8092,129.0069,37.3738,0.0,0.0,71.8023,35.76,163.4354,81.39,moderate
1104054040302,728.6,127.04040862442145,37.56315454951469,197.9648,197.9648,126.3817,36.2209,0.0,0.0,71.5831,36.16,161.7439,81.7,moderate
1104054040501,511.8,127.04017249285415,37.56454959518327,193.3227,193.3227,126.0375,0.0,0.0,0.0,67.2852,34.8,193.3227,100.0,thermal_prone
1104054040502,334.1,127.0393583724436,37.5641683820125,192.7714,192.7714,125.1506,0.0,0.0,0.0,67.6208,35.08,192.7714,100.0,thermal_prone
1104055010004,1308.6,127.04058225293416,37.56029444339171,237.9863,237.9863,139.7071,37.7136,0.0,0.0,98.2792,41.3,200.2727,84.15,moderate
1104055010001,412.3,127.04007523184228,37.55885255056481,240.4308,240.4308,138.6342,37.052,0.0,0.0,101.7966,42.34,203.3788,84.59,moderate
1104055010003,603.9,127.03966558045904,37.56092593689968,232.9925,232.9925,142.7854,37.6192,0.0,0.0,90.2071,38.72,195.3733,83.85,moderate
1104055010002,940.1,127.04074732465996,37.561298497447495,218.492,218.492,134.2519,37.6474,0.0,0.0,84.2401,38.56,180.8446,82.77,moderate
1104055010005,1013.2,127.0397005187298,37.56181527935899,215.2628,215.2628,136.9938,37.4685,0.0,0.0,78.269,36.36,177.7943,82.59,moderate
1104055020009,259.6,127.048152721006,37.56299347480758,130.3971,130.3971,68.8035,33.1703,0.0,0.0,61.5936,47.24,97.2268,74.56,thermal_robust
1104055020010,664.0,127.04562826822216,37.5604339560262,179.8524,179.8524,107.1468,36.4466,0.0,0.0,72.7056,40.43,143.4058,79.74,thermal_robust
1104055020011,1015.5,127.04815221499004,37.55936463586922,141.7543,141.7543,82.809,0.0,0.0,0.0,58.9453,41.58,141.7543,100.0,thermal_prone
1104055020012,431.7,127.0431788639686,37.56136149415404,198.288,198.288,118.4974,0.0,0.0,0.0,79.7906,40.24,198.288,100.0,thermal_prone
1104055020013,1787.8,127.04669683220465,37.556212603859805,0.0,0.0,0.0,0.0,0.0,0.0,0.0,0.0,0.0,0.0,no_access
1104055020006,1443.5,127.04320973464556,37.55926289892274,205.4464,205.4464,118.8459,36.9341,0.0,0.0,86.6005,42.15,168.5123,82.02,moderate
1104055020007,301.4,127.04783564900042,37.56073840981191,145.778,145.778,84.5022,0.0,0.0,0.0,61.2758,42.03,145.778,100.0,thermal_prone
1104055020004,473.5,127.0473309486559,37.56192351134187,146.0139,146.0139,85.1531,0.0,0.0,0.0,60.8608,41.68,146.0139,100.0,thermal_prone
1104055020005,612.7,127.04664049268293,37.56071733246887,157.9469,157.9469,93.4969,0.0,0.0,0.0,64.45,40.8,157.9469,100.0,thermal_prone
1104055020002,901.0,127.0500799473367,37.55957537596788,128.158,128.158,69.6209,33.483,0.0,0.0,58.5371,45.68,94.675,73.87,thermal_robust
1104055020003,171.1,127.04763918825194,37.56468465641806,133.4732,133.4732,68.2317,0.0,0.0,0.0,65.2415,48.88,133.4732,100.0,thermal_prone
1104055020001,200.4,127.04746841475978,37.56385266427793,142.3461,142.3461,82.3593,0.0,0.0,0.0,59.9868,42.14,142.3461,100.0,thermal_prone
1104055020014,469.1,127.04729314857472,37.560032501117185,159.6412,159.6412,93.8871,0.0,0.0,0.0,65.7541,41.19,159.6412,100.0,thermal_prone
1104055020008,417.4,127.04609359490816,37.56169378582893,157.2839,157.2839,97.7041,0.0,0.0,0.0,59.5798,37.88,157.2839,100.0,thermal_prone
1104055020201,556.7,127.04946207228812,37.560455329378115,136.5812,136.5812,79.6891,34.1335,0.0,0.0,56.8921,41.65,102.4477,75.01,thermal_robust
1104055020301,496.5,127.0491355762294,37.561877893952,143.8861,143.8861,80.8173,34.4866,0.0,0.0,63.0688,43.83,109.3995,76.03,thermal_robust
1104055030002,1833.2,127.04149642539628,37.55455725858832,225.8886,225.8886,0.0,0.0,0.0,0.0,225.8886,100.0,225.8886,100.0,thermal_prone
1104055030001,454.5,127.04181326171587,37.556616794568576,249.32,249.32,94.1529,0.0,0.0,0.0,155.1671,62.24,249.32,100.0,thermal_prone
1104055030103,356.2,127.04021483091384,37.5563293132235,257.0003,257.0003,1.9819,1.9819,0.0,0.0,255.0184,99.23,255.0184,99.23,moderate
1104055030102,12.4,127.04024469990384,37.55548107442123,241.0315,241.0315,121.2206,37.1884,0.0,0.0,119.8109,49.71,203.8431,84.57,moderate
1104055030101,836.5,127.04008147377095,37.557302940807034,259.9745,259.9745,148.1797,46.745,0.0,0.0,111.7948,43.0,213.2295,82.02,moderate
1104056010001,870.9,127.03749524939028,37.56228113496782,225.3498,225.3498,129.8527,35.8779,0.0,0.0,95.4971,42.38,189.4719,84.08,moderate
1104056010101,203.9,127.03767110132054,37.55984991620436,249.5957,249.5957,130.3527,35.902,0.0,0.0,119.243,47.77,213.6937,85.62,moderate
1104056010103,691.3,127.03718442472776,37.56063458725755,249.079,249.079,133.6193,35.9917,0.0,0.0,115.4597,46.35,213.0873,85.55,moderate
1104056010102,270.1,127.03798575540053,37.559073168177115,263.06,263.06,146.7486,36.7024,0.0,0.0,116.3114,44.21,226.3576,86.05,moderate
1104056010201,5.5,127.03733304425214,37.56500547629556,197.1332,197.1332,116.8841,33.4928,0.0,0.0,80.2491,40.71,163.6404,83.01,moderate
1104056010202,4.2,127.03727688381974,37.5643693529961,205.794,205.794,137.7228,34.374,0.0,0.0,68.0712,33.08,171.42,83.3,moderate
1104056020006,199.9,127.03120654729578,37.558509303876846,261.1406,261.1406,185.0942,0.0,0.0,0.0,76.0464,29.12,261.1406,100.0,thermal_prone
1104056020004,239.7,127.03255622237268,37.56013138289478,249.3998,249.3998,184.5634,72.5519,0.0,0.0,64.8364,26.0,176.8479,70.91,thermal_robust
1104056020005,175.0,127.03165229981562,37.559948562219425,250.5854,250.5854,183.697,0.0,0.0,0.0,66.8884,26.69,250.5854,100.0,thermal_prone
1104056020002,3465.5,127.03302049797392,37.559328063023585,251.4495,251.4495,183.1351,0.0,0.0,0.0,68.3144,27.17,251.4495,100.0,thermal_prone
1104056020003,464.2,127.0342365336269,37.561519996739136,242.2404,242.2404,176.8418,78.4077,0.0,0.0,65.3986,27.0,163.8327,67.63,thermal_robust
1104056020001,404.2,127.03340158670456,37.56102862817154,247.0652,247.0652,180.9445,79.0668,0.0,0.0,66.1207,26.76,167.9984,68.0,thermal_robust
1104056030007,425.4,127.03619256062504,37.55755178382965,267.1904,267.1904,179.6586,0.0,0.0,0.0,87.5318,32.76,267.1904,100.0,thermal_prone
1104056030006,253.2,127.03709916899255,37.55835038028147,266.7822,266.7822,173.5474,57.3294,0.0,0.0,93.2348,34.95,209.4528,78.51,thermal_robust
1104056030005,544.6,127.03719638457294,37.55733863412541,269.546,269.546,176.9429,0.0,0.0,0.0,92.6031,34.36,269.546,100.0,thermal_prone
1104056030004,1086.0,127.03848245695195,37.55602497282823,250.8695,250.8695,146.5158,0.0,0.0,0.0,104.3537,41.6,250.8695,100.0,thermal_prone
1104056030003,253.5,127.03574436755162,37.556913078867424,261.5413,261.5413,174.6039,0.0,0.0,0.0,86.9374,33.24,261.5413,100.0,thermal_prone
1104056030002,9048.3,127.03513180274813,37.558687332236616,266.0362,266.0362,180.3423,83.3755,0.0,0.0,85.6939,32.21,182.6607,68.66,thermal_robust
1104056030001,651.9,127.03708380677472,37.556326101854104,245.4327,245.4327,142.9576,0.0,0.0,0.0,102.4751,41.75,245.4327,100.0,thermal_prone
1104056030108,1210.9,127.03632137244642,37.55480877000216,262.7869,262.7869,146.142,67.6541,0.0,0.0,116.6449,44.39,195.1328,74.26,thermal_robust
1104056030107,32.8,127.0373498188412,37.55420509504347,249.3212,249.3212,134.9713,61.565,0.0,0.0,114.3499,45.86,187.7562,75.31,thermal_robust
1104056030106,34.3,127.03591127017282,37.55607338560722,258.1154,258.1154,156.1055,63.9877,0.0,0.0,102.0099,39.52,194.1277,75.21,thermal_robust
1104056030105,861.3,127.03482208221064,37.555016978934354,272.4555,272.4555,157.2146,70.9301,0.0,0.0,115.2409,42.3,201.5254,73.97,thermal_robust
1104056030104,58.2,127.03589525045469,37.55533066581215,269.6873,269.6873,159.0323,68.0352,0.0,0.0,110.655,41.03,201.6521,74.77,thermal_robust
1104056030103,47.3,127.03512030347372,37.55573684250681,259.445,259.445,161.9776,67.4238,0.0,0.0,97.4674,37.57,192.0212,74.01,thermal_robust
1104056030102,1568.9,127.03711267644948,37.555243460057824,229.0581,229.0581,133.6907,57.9744,0.0,0.0,95.3674,41.63,171.0837,74.69,thermal_robust
1104056030101,290.1,127.03674274606496,37.554533904900566,232.4569,232.4569,133.3105,57.8548,0.0,0.0,99.1464,42.65,174.6021,75.11,thermal_robust
1104057010001,758.7,127.03019089858462,37.55851497219054,255.0339,255.0339,182.7505,0.0,0.0,0.0,72.2834,28.34,255.0339,100.0,thermal_prone
1104057010003,285.7,127.02991479656365,37.560010260467024,239.1047,239.1047,181.0663,59.2412,0.0,0.0,58.0384,24.27,179.8635,75.22,thermal_robust
1104057010002,947.4,127.02931194045476,37.55947418755024,246.1307,246.1307,186.6866,33.6143,0.0,0.0,59.4441,24.15,212.5164,86.34,moderate
1104057010115,491.6,127.0250367546232,37.55771670663545,242.4396,242.4396,172.5394,44.2901,0.0,0.0,69.9002,28.83,198.1495,81.73,moderate
1104057010114,689.6,127.02651783759828,37.55831186142298,246.8736,246.8736,186.1217,50.5477,0.0,0.0,60.7519,24.61,196.3259,79.52,thermal_robust
1104057010117,149.9,127.02728548020136,37.558426422435154,232.1554,232.1554,164.324,48.0289,0.0,0.0,67.8314,29.22,184.1265,79.31,thermal_robust
1104057010116,415.8,127.02618919783724,37.55759921488106,231.611,231.611,167.3937,42.7062,0.0,0.0,64.2173,27.73,188.9048,81.56,moderate
1104057010101,794.0,127.0285506819385,37.55830149591259,232.6893,232.6893,162.5665,49.4828,0.0,0.0,70.1228,30.14,183.2065,78.73,thermal_robust
1104057010103,413.8,127.02583942506438,37.55802785673343,244.2619,244.2619,173.6242,44.6358,0.0,0.0,70.6377,28.92,199.6261,81.73,moderate
1104057010102,1295.4,127.0287037440166,37.55760436536085,245.4251,245.4251,185.7097,55.2769,0.0,0.0,59.7154,24.33,190.1482,77.48,thermal_robust
1104057010105,374.9,127.0264022458408,37.55624558229662,242.2279,242.2279,170.4036,49.5855,0.0,0.0,71.8243,29.65,192.6424,79.53,thermal_robust
1104057010104,212.3,127.02786227401492,37.55938142739309,232.1286,232.1286,180.0923,44.5324,0.0,0.0,52.0363,22.42,187.5962,80.82,moderate
1104057010107,536.5,127.02545068037529,37.55727177949348,242.4396,242.4396,172.5394,44.2901,0.0,0.0,69.9002,28.83,198.1495,81.73,moderate
1104057010106,836.4,127.02834265778772,37.55991316752317,229.1654,229.1654,181.4804,42.4923,0.0,0.0,47.685,20.81,186.6731,81.46,moderate
1104057010119,38.3,127.02745120637135,37.55680101697395,248.4612,248.4612,176.9832,55.1041,0.0,0.0,71.478,28.77,193.3571,77.82,thermal_robust
1104057010118,307.9,127.02832234803786,37.558870332695335,227.0573,227.0573,160.8341,47.7156,0.0,0.0,66.2232,29.17,179.3417,78.99,thermal_robust
1104057010108,786.7,127.02560158256632,37.55663201342095,231.5991,231.5991,166.6104,44.4628,0.0,0.0,64.9887,28.06,187.1363,80.8,moderate
1104057010109,117.2,127.0264141407192,37.55699221051535,232.1018,232.1018,167.4274,45.2806,0.0,0.0,64.6744,27.86,186.8212,80.49,moderate
1104057010111,24.6,127.02760655164624,37.55725288933834,255.9024,255.9024,186.0422,57.4418,0.0,0.0,69.8602,27.3,198.4606,77.55,thermal_robust
1104057010110,161.4,127.02526124974963,37.55602661299926,239.5579,239.5579,171.1925,47.6245,0.0,0.0,68.3654,28.54,191.9334,80.12,thermal_robust
1104057010113,118.3,127.02700606017348,37.5593217879346,237.6268,237.6268,187.4877,46.9605,0.0,0.0,50.1391,21.1,190.6663,80.24,moderate
1104057010112,940.5,127.02737981335709,37.5577714307154,247.4151,247.4151,179.0029,55.4439,0.0,0.0,68.4122,27.65,191.9712,77.59,thermal_robust
1104057010201,591.9,127.02980227869452,37.55861817065451,226.5781,226.5781,160.4648,47.7875,0.0,0.0,66.1133,29.18,178.7906,78.91,thermal_robust
1104057020002,13.2,127.03031068802716,37.55442609687923,239.5335,239.5335,159.4395,72.0584,0.0,0.0,80.094,33.44,167.4751,69.92,thermal_robust
1104057020001,339.4,127.03264307735512,37.55739700021859,256.1781,256.1781,171.0698,78.9066,0.0,0.0,85.1083,33.22,177.2715,69.2,thermal_robust
1104057020104,625.2,127.0320213308072,37.55425982668655,245.7049,245.7049,157.7032,73.4831,0.0,0.0,88.0017,35.82,172.2218,70.09,thermal_robust
1104057020102,363.6,127.03219824228724,37.55355700828617,240.4911,240.4911,156.6698,73.0452,0.0,0.0,83.8213,34.85,167.4459,69.63,thermal_robust
1104057020103,642.4,127.03283809112634,37.55438323981688,258.8815,258.8815,170.1363,76.3044,0.0,0.0,88.7452,34.28,182.5771,70.53,thermal_robust
1104057020101,964.7,127.03383337317167,37.555002273032656,258.0527,258.0527,169.9862,76.2474,0.0,0.0,88.0665,34.13,181.8053,70.45,thermal_robust
1104057020202,648.3,127.03326415079444,37.555777306898094,268.5924,268.5924,181.7488,81.2159,0.0,0.0,86.8436,32.33,187.3765,69.76,thermal_robust
1104057020203,515.6,127.03164643869316,37.55467775066194,251.2395,251.2395,173.6288,77.9655,0.0,0.0,77.6107,30.89,173.274,68.97,thermal_robust
1104057020201,10.7,127.0326436409888,37.55519340375085,261.293,261.293,179.442,81.0673,0.0,0.0,81.851,31.33,180.2257,68.97,thermal_robust
1104057020306,210.8,127.030864315343,37.55612067156302,246.9719,246.9719,187.6508,60.245,0.0,0.0,59.3211,24.02,186.7269,75.61,thermal_robust
1104057020307,273.1,127.02680690590935,37.55487750602682,243.5952,243.5952,179.2921,58.8409,0.0,0.0,64.3031,26.4,184.7543,75.84,thermal_robust
1104057020304,244.4,127.02617744172356,37.5551528149872,230.4686,230.4686,170.2264,56.5582,0.0,0.0,60.2422,26.14,173.9104,75.46,thermal_robust
1104057020305,5.2,127.02845841896745,37.55602705247592,238.1869,238.1869,172.5575,56.9336,0.0,0.0,65.6294,27.55,181.2533,76.1,thermal_robust
1104057020302,6.2,127.02867827599574,37.55542131036787,244.4178,244.4178,189.4767,65.7344,0.0,0.0,54.9411,22.48,178.6834,73.11,thermal_robust
1104057020303,20.5,127.03094471752688,37.5555156293687,240.0757,240.0757,181.7652,60.1413,0.0,0.0,58.3105,24.29,179.9344,74.95,thermal_robust
1104057020301,1465.3,127.02993641547408,37.55627754625827,253.6545,253.6545,195.9799,59.0442,0.0,0.0,57.6746,22.74,194.6103,76.72,thermal_robust
1104057020312,474.1,127.02659683015108,37.555546906391534,227.6247,227.6247,166.7532,54.7476,0.0,0.0,60.8715,26.74,172.8771,75.95,thermal_robust
1104057020313,244.4,127.02587613753164,37.55549857940326,229.8366,229.8366,169.147,56.3869,0.0,0.0,60.6896,26.41,173.4497,75.47,thermal_robust
1104057020314,750.6,127.0294306315453,37.55701865058805,242.5675,242.5675,183.1893,54.9208,0.0,0.0,59.3782,24.48,187.6467,77.36,thermal_robust
1104057020315,939.4,127.02970062392036,37.55546717273008,243.7308,243.7308,189.9943,66.6961,0.0,0.0,53.7365,22.05,177.0347,72.64,thermal_robust
1104057020308,538.3,127.02952028758604,37.55646956038131,242.5675,242.5675,183.1893,54.9208,0.0,0.0,59.3782,24.48,187.6467,77.36,thermal_robust
1104057020309,330.5,127.02771619409744,37.55497657788918,235.9299,235.9299,182.4397,61.7917,0.0,0.0,53.4902,22.67,174.1382,73.81,thermal_robust
1104057020310,615.7,127.02721129279954,37.55559984239406,233.3621,233.3621,168.1773,55.7472,0.0,0.0,65.1848,27.93,177.6149,76.11,thermal_robust
1104057020311,1.2,127.02800420862803,37.55633152558329,243.1112,243.1112,181.5655,58.9334,0.0,0.0,61.5457,25.32,184.1778,75.76,thermal_robust
1104057020403,45.8,127.03187561667382,37.55687369053027,247.4425,247.4425,180.7931,1.9929,0.0,0.0,66.6494,26.94,245.4496,99.19,moderate
1104057020401,10.1,127.03223057037968,37.55652261774424,256.1781,256.1781,171.0698,78.9066,0.0,0.0,85.1083,33.22,177.2715,69.2,thermal_robust
1104057020402,149.5,127.03122306151133,37.55665249811852,247.4425,247.4425,180.7931,1.9929,0.0,0.0,66.6494,26.94,245.4496,99.19,moderate
1104058010001,192.6,127.03734769296923,37.551446205388245,151.8608,151.8608,0.0,0.0,0.0,0.0,151.8608,100.0,151.8608,100.0,thermal_prone
1104058010106,308.5,127.03572305954604,37.55424669730447,256.0227,256.0227,136.7619,64.3872,0.0,0.0,119.2608,46.58,191.6355,74.85,thermal_robust
1104058010101,321.3,127.03498202710225,37.553587319156755,242.8617,242.8617,128.995,61.7171,0.0,0.0,113.8667,46.89,181.1446,74.59,thermal_robust
1104058010103,535.6,127.03549692396533,37.55298835781499,242.5551,242.5551,124.3213,58.2523,0.0,0.0,118.2338,48.75,184.3028,75.98,thermal_robust
1104058010102,670.4,127.0357249208022,37.552492748551515,270.1103,270.1103,127.8153,61.356,0.0,0.0,142.295,52.68,208.7543,77.28,thermal_robust
1104058010105,413.2,127.03646918161728,37.55340029045741,247.7992,247.7992,126.4087,61.0444,0.0,0.0,121.3905,48.99,186.7548,75.37,thermal_robust
1104058010104,343.0,127.03503684957307,37.55439504466657,245.1209,245.1209,130.2013,62.2099,0.0,0.0,114.9196,46.88,182.911,74.62,thermal_robust
1104058010107,582.9,127.03597465814111,37.55374365088171,242.3393,242.3393,122.0773,58.0844,0.0,0.0,120.262,49.63,184.2549,76.03,thermal_robust
1104058010201,2.4,127.0377777814603,37.55312982280734,257.5114,257.5114,133.7136,58.2446,0.0,0.0,123.7978,48.07,199.2668,77.38,thermal_robust
1104058010202,3.2,127.03707560688532,37.55310616820124,255.6979,255.6979,132.1809,58.1165,0.0,0.0,123.517,48.31,197.5814,77.27,thermal_robust
1104058020004,8.8,127.02989704350912,37.55343185909637,251.6381,251.6381,167.7245,74.0298,0.0,0.0,83.9136,33.35,177.6083,70.58,thermal_robust
1104058020005,216.0,127.0311962606756,37.55271679883642,260.1843,260.1843,167.8716,74.027,0.0,0.0,92.3127,35.48,186.1573,71.55,thermal_robust
1104058020002,1077.9,127.02957376406096,37.552331389440944,252.7214,252.7214,166.8122,69.4506,0.0,0.0,85.9092,33.99,183.2708,72.52,thermal_robust
1104058020003,10.1,127.03019565438252,37.55263740227938,250.245,250.245,169.3738,70.1303,0.0,0.0,80.8712,32.32,180.1147,71.98,thermal_robust
1104058020001,930.8,127.03041835128802,37.552050667651464,253.9787,253.9787,155.2989,68.0641,0.0,0.0,98.6798,38.85,185.9146,73.2,thermal_robust
1104058020102,34.4,127.03292150304227,37.55347004208157,261.6918,261.6918,12.504,7.6818,0.0,0.0,249.1878,95.22,254.01,97.06,moderate
1104058020101,635.0,127.03201392235036,37.55216260560584,223.7883,223.7883,12.1449,7.4528,0.0,0.0,211.6434,94.57,216.3355,96.67,moderate
1104058020201,28.7,127.02951252484804,37.54961494631983,263.9919,263.9919,140.6683,54.6479,0.0,0.0,123.3236,46.71,209.344,79.3,thermal_robust
1104058020202,855.2,127.0296869653915,37.550994369057776,255.7784,255.7784,160.6173,67.3465,0.0,0.0,95.1611,37.2,188.4319,73.67,thermal_robust
1104058020203,335.8,127.0294524975764,37.550148283310186,242.0441,242.0441,151.4645,61.4116,0.0,0.0,90.5796,37.42,180.6325,74.63,thermal_robust
1104058020304,1063.6,127.0311656745636,37.55075705858972,208.5735,208.5735,0.0,0.0,0.0,0.0,208.5735,100.0,208.5735,100.0,thermal_prone
1104058020302,1018.9,127.03037447214986,37.55042950152441,252.7822,252.7822,0.0,0.0,0.0,0.0,252.7822,100.0,252.7822,100.0,thermal_prone
1104058020303,783.6,127.0316590851373,37.551330476978045,219.1224,219.1224,0.0,0.0,0.0,0.0,219.1224,100.0,219.1224,100.0,thermal_prone
1104058020301,995.3,127.03081627422904,37.55160040861412,201.1025,201.1025,0.0,0.0,0.0,0.0,201.1025,100.0,201.1025,100.0,thermal_prone
1104058030003,565.5,127.03063989520126,37.54880080221942,246.3829,246.3829,12.6234,0.0,0.0,0.0,233.7595,94.88,246.3829,100.0,thermal_prone
1104058030002,287.7,127.0336096542667,37.5489825420089,264.698,264.698,12.5962,0.0,0.0,0.0,252.1018,95.24,264.698,100.0,thermal_prone
1104058030001,291.3,127.0319647800405,37.5495744938144,265.0447,265.0447,12.7454,0.0,0.0,0.0,252.2993,95.19,265.0447,100.0,thermal_prone
1104058030105,17.6,127.03282375042303,37.55125207155656,251.1113,251.1113,12.3949,1.9927,0.0,0.0,238.7164,95.06,249.1186,99.21,moderate
1104058030104,76.8,127.03211653761328,37.55039948429767,245.4175,245.4175,12.4638,1.996,0.0,0.0,232.9537,94.92,243.4215,99.19,moderate
1104058030103,6.8,127.0329745979132,37.552200341466104,243.9208,243.9208,12.3621,7.591,0.0,0.0,231.5587,94.93,236.3298,96.89,moderate
1104058030102,124.1,127.03433862629828,37.55259368403599,258.1635,258.1635,12.0924,1.9719,0.0,0.0,246.0711,95.32,256.1916,99.24,thermal_prone
1104058030101,17.2,127.03402670569204,37.553575230308994,238.4497,238.4497,11.9701,1.9615,0.0,0.0,226.4796,94.98,236.4882,99.18,moderate
1104058030106,15.1,127.03344795036202,37.552278611820995,268.2168,268.2168,12.3861,1.9922,0.0,0.0,255.8307,95.38,266.2246,99.26,thermal_prone
1104059010001,3530.6,127.02311677532887,37.55425181277799,244.97,244.97,167.7384,11.7282,0.0,0.0,77.2316,31.53,233.2418,95.21,moderate
1104059020004,14.1,127.02424601639872,37.55678984243635,240.679,240.679,173.4949,2.995,0.0,0.0,67.1841,27.91,237.684,98.76,moderate
1104059020005,862.9,127.02194180606791,37.55639078062016,209.599,209.599,133.6958,11.2338,0.0,0.0,75.9032,36.21,198.3652,94.64,moderate
1104059020002,3.9,127.0202559290585,37.557336541979225,202.421,202.421,131.5892,0.9975,0.0,0.0,70.8318,34.99,201.4235,99.51,thermal_prone
1104059020003,3.7,127.02034831075122,37.556984266288154,206.9211,206.9211,133.846,0.9988,0.0,0.0,73.0751,35.32,205.9223,99.52,thermal_prone
1104059020001,11.2,127.02446296818736,37.556140511200965,244.9173,244.9173,174.7553,2.9976,0.0,0.0,70.162,28.65,241.9197,98.78,moderate
1104059020301,1115.1,127.02261496443448,37.555965819763415,232.4962,232.4962,159.8924,11.6087,0.0,0.0,72.6038,31.23,220.8875,95.01,moderate
1104059030002,17.5,127.02837635226896,37.5531821623159,238.5803,238.5803,151.4716,67.2327,0.0,0.0,87.1087,36.51,171.3476,71.82,thermal_robust
1104059030001,1150.2,127.02621034978286,37.55031174621454,238.254,238.254,134.9616,0.0,0.0,0.0,103.2924,43.35,238.254,100.0,thermal_prone
1104059030103,1603.8,127.02712441079883,37.54950751456074,227.9534,227.9534,133.8075,0.0,0.0,0.0,94.1459,41.3,227.9534,100.0,thermal_prone
1104059030102,50.0,127.02821073495056,37.549045093788514,251.0697,251.0697,0.0,0.0,0.0,0.0,251.0697,100.0,251.0697,100.0,thermal_prone
1104059030101,31.5,127.02709189026892,37.548590447384406,240.9828,240.9828,128.023,3.0,0.0,0.0,112.9598,46.87,237.9828,98.76,moderate
1104059030207,1266.5,127.02697175388204,37.55143721602141,219.4306,219.4306,147.9859,46.9492,0.0,0.0,71.4447,32.56,172.4814,78.6,thermal_robust
1104059030205,57.5,127.02830380730444,37.5500963046935,227.0455,227.0455,133.8001,40.6193,0.0,0.0,93.2454,41.07,186.4262,82.11,moderate
1104059030204,46.8,127.02605720694342,37.55459343909667,228.4605,228.4605,163.6681,34.8439,0.0,0.0,64.7924,28.36,193.6166,84.75,moderate
1104059030203,9.9,127.02554724617777,37.554180523989814,228.4605,228.4605,163.6681,34.8439,0.0,0.0,64.7924,28.36,193.6166,84.75,moderate
1104059030202,244.4,127.02739906496944,37.550947251866155,230.8076,230.8076,150.6051,47.0343,0.0,0.0,80.2025,34.75,183.7733,79.62,thermal_robust
1104059030201,528.9,127.02614174738078,37.552198165079666,224.0929,224.0929,145.7237,39.28,0.0,0.0,78.3692,34.97,184.8129,82.47,moderate
1104059030213,394.9,127.02650766537228,37.55317319180003,215.0792,215.0792,147.8562,33.2448,0.0,0.0,67.223,31.25,181.8344,84.54,moderate
1104059030212,8.7,127.02659080892444,37.55383158760176,222.199,222.199,157.9363,37.3681,0.0,0.0,64.2627,28.92,184.8309,83.18,moderate
1104059030209,20.2,127.02731366955726,37.552849356222886,229.4077,229.4077,154.2731,47.0242,0.0,0.0,75.1346,32.75,182.3835,79.5,thermal_robust
1104059030208,272.6,127.02537454666738,37.55502075602306,247.9747,247.9747,173.7904,35.7494,0.0,0.0,74.1843,29.92,212.2253,85.58,moderate
1104059030211,486.8,127.02792852613828,37.552341976112615,215.1964,215.1964,147.1317,42.6392,0.0,0.0,68.0647,31.63,172.5572,80.19,moderate
1104059030210,1058.5,127.02839337927166,37.55121429502892,222.9861,222.9861,147.4727,46.8242,0.0,0.0,75.5134,33.86,176.1619,79.0,thermal_robust
1104062010001,1452.5,127.0180083798173,37.54662486049356,197.2826,197.2826,135.161,0.0,0.0,0.0,62.1216,31.49,197.2826,100.0,thermal_prone
1104062010003,43.1,127.01687478333724,37.54787853282521,196.0057,196.0057,138.4872,0.0,0.0,0.0,57.5185,29.35,196.0057,100.0,thermal_prone
1104062010002,943.9,127.02019691399582,37.54774085067784,207.5741,207.5741,141.026,0.0,0.0,0.0,66.5481,32.06,207.5741,100.0,thermal_prone
1104062010004,313.5,127.01891110311924,37.54793032786091,204.574,204.574,145.7892,0.0,0.0,0.0,58.7848,28.74,204.574,100.0,thermal_prone
1104062010101,273.8,127.01727719510532,37.547027067025994,193.4307,193.4307,137.3941,0.0,0.0,0.0,56.0366,28.97,193.4307,100.0,thermal_prone
1104062020002,5.8,127.01604165917718,37.54580756021818,159.0373,159.0373,76.1247,0.0,0.0,0.0,82.9126,52.13,159.0373,100.0,thermal_prone
1104062020001,864.9,127.0153505002506,37.54779178108751,184.9539,184.9539,67.967,0.0,0.0,0.0,116.9869,63.25,184.9539,100.0,thermal_prone
1104062020201,1078.2,127.0158384672445,37.546793489565715,152.9021,152.9021,75.3565,0.9834,0.0,0.0,77.5456,50.72,151.9187,99.36,thermal_prone
1104062030003,35.3,127.02247907338564,37.546927722909984,217.251,217.251,139.4906,4.9143,0.0,0.0,77.7604,35.79,212.3367,97.74,moderate
1104062030002,273.6,127.02081955692351,37.54719204190818,209.8315,209.8315,146.3043,0.0,0.0,0.0,63.5272,30.28,209.8315,100.0,thermal_prone
1104062030001,1163.0,127.0272636114248,37.54486403617943,212.3387,212.3387,0.0,0.0,0.0,0.0,212.3387,100.0,212.3387,100.0,thermal_prone
1104062030109,180.4,127.02269368150404,37.54658121986081,217.1684,217.1684,130.3764,4.946,0.0,0.0,86.792,39.97,212.2224,97.72,moderate
1104062030108,284.9,127.02233379271463,37.54676611785129,218.4018,218.4018,132.6095,4.9443,0.0,0.0,85.7923,39.28,213.4575,97.74,moderate
1104062030107,0.8,127.02146943478824,37.546751862928474,211.3054,211.3054,145.0775,4.96,0.0,0.0,66.2279,31.34,206.3454,97.65,moderate
1104062030106,273.7,127.02030099108184,37.54641397327467,204.9388,204.9388,141.7571,2.0,0.0,0.0,63.1817,30.83,202.9388,99.02,moderate
1104062030105,301.3,127.0205902771114,37.54597479344353,149.9166,149.9166,67.271,4.849,0.0,0.0,82.6456,55.13,145.0676,96.77,moderate
1104062030104,115.0,127.01889588974149,37.546230670866045,197.769,197.769,109.8929,4.9916,0.0,0.0,87.8761,44.43,192.7774,97.48,moderate
1104062030103,527.0,127.01941370274592,37.54587431812781,197.769,197.769,109.8929,4.9916,0.0,0.0,87.8761,44.43,192.7774,97.48,moderate
1104062030102,32.5,127.01823453898298,37.54560109576545,193.4361,193.4361,92.9868,0.0,0.0,0.0,100.4493,51.93,193.4361,100.0,thermal_prone
1104062030101,318.2,127.0194003539591,37.545298494169856,164.0859,164.0859,75.5721,4.8986,0.0,0.0,88.5138,53.94,159.1873,97.01,moderate
1104062030205,130.9,127.02356293512686,37.544452362858166,212.3873,212.3873,108.7594,4.9758,0.0,0.0,103.6279,48.79,207.4115,97.66,moderate
1104062030204,250.3,127.02309874030804,37.54538971827812,196.4208,196.4208,97.6862,4.9316,0.0,0.0,98.7346,50.27,191.4892,97.49,moderate
1104062030203,22.3,127.02229171960632,37.54379822892348,204.5695,204.5695,103.9068,4.9597,0.0,0.0,100.6627,49.21,199.6098,97.58,moderate
1104062030202,1053.6,127.02077041345323,37.54393719190915,136.1138,136.1138,0.0,0.0,0.0,0.0,136.1138,100.0,136.1138,100.0,thermal_prone
1104062030201,23.8,127.02214832504664,37.544994438938595,197.3356,197.3356,97.7847,4.9375,0.0,0.0,99.5509,50.45,192.3981,97.5,moderate
1104062030303,391.1,127.02404621149684,37.545557195115016,215.0456,215.0456,109.0227,4.9777,0.0,0.0,106.0229,49.3,210.0679,97.69,moderate
1104062030302,409.6,127.02392590941552,37.54634265374002,217.1684,217.1684,130.3764,4.946,0.0,0.0,86.792,39.97,212.2224,97.72,moderate
1104062030301,369.9,127.0239718038994,37.5470734145154,225.2625,225.2625,122.1189,4.9362,0.0,0.0,103.1436,45.79,220.3263,97.81,moderate
1104065010001,500.9,127.04997560880192,37.54129378014551,91.8958,91.8958,76.1239,16.7555,0.0,0.0,15.7719,17.16,75.1403,81.77,moderate
1104065010002,756.7,127.04988792750648,37.542404482189255,111.7595,111.7595,81.6339,2.9912,0.0,0.0,30.1256,26.96,108.7683,97.32,moderate
1104065010101,629.8,127.05042003896548,37.541971042565045,104.1325,104.1325,86.0381,28.2781,0.0,0.0,18.0944,17.38,75.8544,72.84,thermal_robust
1104065010201,452.9,127.05000994338756,37.54057226572581,99.7909,99.7909,81.4696,22.8192,0.0,0.0,18.3213,18.36,76.9717,77.13,thermal_robust
1104065020004,0.5,127.0449095201436,37.54184668783222,138.8661,138.8661,71.769,2.9945,0.0,0.0,67.0971,48.32,135.8716,97.84,moderate
1104065020002,22.1,127.04708451452532,37.54210921370875,118.8893,118.8893,76.0646,2.9844,0.0,0.0,42.8247,36.02,115.9049,97.49,moderate
1104065020003,232.9,127.047992659485,37.543454191554474,116.3598,116.3598,79.1448,2.986,0.0,0.0,37.215,31.98,113.3738,97.43,moderate
1104065020001,1150.2,127.04559571720011,37.54456718694228,150.9469,150.9469,71.8607,29.847,0.0,0.0,79.0862,52.39,121.0999,80.23,moderate
1104065020101,538.5,127.04599008157304,37.5429389923056,119.7839,119.7839,75.6973,2.9886,0.0,0.0,44.0866,36.81,116.7953,97.51,moderate
1104065020201,19.7,127.04646774387494,37.54471328548029,137.1139,137.1139,74.098,31.2293,0.0,0.0,63.0159,45.96,105.8846,77.22,thermal_robust
1104065020202,81.3,127.04572763956423,37.54413447468609,137.1523,137.1523,72.373,30.0884,0.0,0.0,64.7793,47.23,107.0639,78.06,thermal_robust
1104065020302,202.6,127.04535024390572,37.54205115174605,120.9174,120.9174,75.2262,2.996,0.0,0.0,45.6912,37.79,117.9214,97.52,moderate
1104065020301,95.5,127.04656156260717,37.54156546612831,113.6362,113.6362,76.1942,0.996,0.0,0.0,37.442,32.95,112.6402,99.12,moderate
1104065030006,30.2,127.04751076624432,37.53586122962179,84.8197,84.8197,73.7594,0.0,0.0,0.0,11.0603,13.04,84.8197,100.0,thermal_prone
1104065030005,427.5,127.04885980482904,37.53511388907572,84.8197,84.8197,73.7594,0.0,0.0,0.0,11.0603,13.04,84.8197,100.0,thermal_prone
1104065030004,305.0,127.0480762620899,37.53830607049977,89.804,89.804,76.9877,0.0,0.0,0.0,12.8163,14.27,89.804,100.0,thermal_prone
1104065030003,668.3,127.04989018320896,37.53763749487917,92.1152,92.1152,79.2711,0.0,0.0,0.0,12.8441,13.94,92.1152,100.0,thermal_prone
1104065030002,5.0,127.04614664949337,37.53612763184445,83.2267,83.2267,69.6949,0.0,0.0,0.0,13.5318,16.26,83.2267,100.0,thermal_prone
1104065030001,2295.3,127.03929282073044,37.54128206323307,115.5463,115.5463,0.0,0.0,0.0,0.0,115.5463,100.0,115.5463,100.0,thermal_prone
1104065030101,169.6,127.04247354953682,37.545794921098334,168.3922,168.3922,52.4331,0.0,0.0,0.0,115.9591,68.86,168.3922,100.0,thermal_prone
1104065030201,2.2,127.04632964841092,37.53765362572675,85.6502,85.6502,73.0348,0.0,0.0,0.0,12.6154,14.73,85.6502,100.0,thermal_prone
1104065040004,132.2,127.04726117135324,37.540044671346635,96.0485,96.0485,76.7432,0.0,0.0,0.0,19.3053,20.1,96.0485,100.0,thermal_prone
1104065040005,31.5,127.0442321786519,37.540968548971335,122.77,122.77,69.8936,0.9869,0.0,0.0,52.8764,43.07,121.7831,99.2,moderate
1104065040001,78.6,127.04799470768224,37.5392610086722,93.3921,93.3921,74.7166,0.0,0.0,0.0,18.6755,20.0,93.3921,100.0,thermal_prone
1104065040002,480.6,127.05013192634726,37.538547121753766,95.5922,95.5922,80.8571,0.0,0.0,0.0,14.7351,15.41,95.5922,100.0,thermal_prone
1104065040003,396.4,127.05014344828884,37.53932704194098,95.8085,95.8085,81.0386,0.0,0.0,0.0,14.7699,15.42,95.8085,100.0,thermal_prone
1104065040101,1100.5,127.04502692005336,37.54003778575639,104.915,104.915,69.959,0.0,0.0,0.0,34.956,33.32,104.915,100.0,thermal_prone
1104065040102,629.9,127.04569791103624,37.540508458672704,103.5992,103.5992,74.5639,0.9983,0.0,0.0,29.0353,28.03,102.6009,99.04,moderate
1104065040103,1736.4,127.04451720771203,37.54056196156142,122.77,122.77,69.8936,0.9869,0.0,0.0,52.8764,43.07,121.7831,99.2,moderate
1104065040201,456.5,127.04588830898632,37.54101977731413,122.5112,122.5112,74.6223,2.9942,0.0,0.0,47.8889,39.09,119.517,97.56,moderate
1104065040202,352.8,127.04476349054649,37.54131398910735,124.2396,124.2396,71.9248,0.9912,0.0,0.0,52.3148,42.11,123.2484,99.2,moderate
1104066010003,560.4,127.04659284986708,37.55062405203698,182.0558,182.0558,66.6984,28.4751,0.0,0.0,115.3574,63.36,153.5807,84.36,moderate
1104066010002,30.7,127.04824210604444,37.54953887612787,164.5208,164.5208,78.0682,33.9165,0.0,0.0,86.4526,52.55,130.6043,79.38,thermal_robust
1104066010005,28.3,127.04866819771064,37.55014338301212,161.6373,161.6373,75.3986,34.4654,0.0,0.0,86.2387,53.35,127.1719,78.68,thermal_robust
1104066010004,70.2,127.0502670468629,37.54923480874102,139.9261,139.9261,81.8875,38.7924,0.0,0.0,58.0386,41.48,101.1337,72.28,thermal_robust
1104066010007,20.5,127.04637247396477,37.5483031625958,168.7567,168.7567,76.2441,32.688,0.0,0.0,92.5126,54.82,136.0687,80.63,moderate
1104066010006,992.0,127.04943290898532,37.547440694030165,135.2875,135.2875,83.0473,41.0102,0.0,0.0,52.2402,38.61,94.2773,69.69,thermal_robust
1104066010009,457.1,127.04778848901532,37.551570020781405,184.1152,184.1152,71.4533,30.7288,0.0,0.0,112.6619,61.19,153.3864,83.31,moderate
1104066010008,856.5,127.05116835751726,37.55065894219968,146.4233,146.4233,78.9958,35.8663,0.0,0.0,67.4275,46.05,110.557,75.51,thermal_robust
1104066010010,36.8,127.04579156500276,37.54942649293482,169.5837,169.5837,69.987,31.2693,0.0,0.0,99.5967,58.73,138.3144,81.56,moderate
1104066010001,85.6,127.0448916838176,37.55125675417231,198.8374,198.8374,0.9994,0.9994,0.0,0.0,197.838,99.5,197.838,99.5,thermal_prone
1104066010104,272.9,127.04662871032276,37.549453288927396,167.3359,167.3359,71.3066,32.3972,0.0,0.0,96.0293,57.39,134.9387,80.64,moderate
1104066010101,80.4,127.04716871289338,37.54925153410999,151.9239,151.9239,71.4497,32.4665,0.0,0.0,80.4742,52.97,119.4574,78.63,thermal_robust
1104066010103,638.6,127.0470475685329,37.550084703754486,169.6244,169.6244,69.6885,31.2816,0.0,0.0,99.9359,58.92,138.3428,81.56,moderate
1104066010102,110.0,127.04753891821036,37.54899087468355,154.3664,154.3664,72.2975,32.5885,0.0,0.0,82.0689,53.17,121.7779,78.89,thermal_robust
1104066010201,5.6,127.05027883707112,37.54816713560343,130.5176,130.5176,82.4749,40.3781,0.0,0.0,48.0427,36.81,90.1395,69.06,thermal_robust
1104066010202,7.1,127.05008179944176,37.54861961087392,132.6956,132.6956,81.1172,39.9951,0.0,0.0,51.5784,38.87,92.7005,69.86,thermal_robust
1104066010401,1031.4,127.04897022872991,37.55084831794228,156.949,156.949,75.7245,34.7173,0.0,0.0,81.2245,51.75,122.2317,77.88,thermal_robust
1104066010402,131.0,127.04807089278457,37.55088603301496,167.4361,167.4361,75.1201,34.0801,0.0,0.0,92.316,55.14,133.356,79.65,thermal_robust
1104066010501,568.6,127.04905127883168,37.54766789482019,150.7696,150.7696,82.3576,40.1483,0.0,0.0,68.412,45.38,110.6213,73.37,thermal_robust
1104066010601,796.1,127.04757338023852,37.54778023969579,144.7248,144.7248,79.7409,36.0299,0.0,0.0,64.9839,44.9,108.6949,75.1,thermal_robust
1104066020006,144.2,127.04307220592972,37.55173556356492,198.4784,198.4784,0.0,0.0,0.0,0.0,198.4784,100.0,198.4784,100.0,thermal_prone
1104066020007,33.1,127.043710894468,37.5491499487547,179.2394,179.2394,64.0781,0.0,0.0,0.0,115.1613,64.25,179.2394,100.0,thermal_prone
1104066020004,3280.5,127.03807766147276,37.54878003283706,166.2692,166.2692,0.0,0.0,0.0,0.0,166.2692,100.0,166.2692,100.0,thermal_prone
1104066020005,317.0,127.04226972713865,37.546645549707826,171.0799,171.0799,52.295,0.0,0.0,0.0,118.7849,69.43,171.0799,100.0,thermal_prone
1104066020002,741.6,127.04259162959046,37.54862838062567,186.129,186.129,60.5452,0.0,0.0,0.0,125.5838,67.47,186.129,100.0,thermal_prone
1104066020003,845.7,127.04235476700688,37.54745570692431,178.8835,178.8835,54.7191,0.0,0.0,0.0,124.1644,69.41,178.8835,100.0,thermal_prone
1104066020001,8.1,127.0401814814328,37.54738232666061,182.0358,182.0358,49.9663,0.0,0.0,0.0,132.0695,72.55,182.0358,100.0,thermal_prone
1104066020008,124.9,127.04380806574858,37.54699478119112,180.0629,180.0629,59.0324,0.0,0.0,0.0,121.0305,67.22,180.0629,100.0,thermal_prone
1104066020101,6.7,127.04071617207065,37.5480515160872,191.5222,191.5222,54.4978,0.0,0.0,0.0,137.0244,71.54,191.5222,100.0,thermal_prone
1104066030002,1859.5,127.04566768481013,37.54695921058551,170.1101,170.1101,73.0836,29.1258,0.0,0.0,97.0265,57.04,140.9843,82.88,moderate
1104066030001,1224.8,127.04840593181189,37.54603397984286,140.355,140.355,83.2865,41.5126,0.0,0.0,57.0685,40.66,98.8424,70.42,thermal_robust
1104066030101,294.8,127.0479585328322,37.54549997809491,140.4944,140.4944,79.7909,34.118,0.0,0.0,60.7035,43.21,106.3764,75.72,thermal_robust
1104067010001,1298.1,127.05368232846034,37.540461898620585,99.5197,99.5197,88.2117,42.575,0.0,0.0,11.308,11.36,56.9447,57.22,thermal_robust
1104067010003,264.3,127.0546736575163,37.54215011102966,100.7465,100.7465,88.6955,44.1067,0.0,0.0,12.051,11.96,56.6398,56.22,thermal_robust
1104067010002,708.6,127.05289915864736,37.54232986148033,101.2449,101.2449,89.0172,37.6592,0.0,0.0,12.2277,12.08,63.5857,62.8,thermal_robust
1104067010101,407.5,127.05154076564182,37.541439671133205,100.6531,100.6531,84.8431,29.3166,0.0,0.0,15.81,15.71,71.3365,70.87,thermal_robust
1104067010102,16.4,127.052459435985,37.54114088781944,98.569,98.569,85.1784,32.5544,0.0,0.0,13.3906,13.59,66.0146,66.97,thermal_robust
1104067020002,231.5,127.0561062177044,37.539163237124136,97.3033,97.3033,86.7691,0.0,0.0,0.0,10.5342,10.83,97.3033,100.0,thermal_prone
1104067020003,1228.1,127.05861872652866,37.538690328515386,96.3847,96.3847,86.4684,36.571,0.0,0.0,9.9163,10.29,59.8137,62.06,thermal_robust
1104067020001,595.1,127.05969534006265,37.54022199798949,94.2027,94.2027,86.8888,39.977,0.0,0.0,7.3139,7.76,54.2257,57.56,thermal_robust
1104067020006,2174.7,127.06127416513807,37.53910470863352,88.245,88.245,81.682,35.4742,0.0,0.0,6.563,7.44,52.7708,59.8,thermal_robust
1104067020004,182.3,127.0573603568038,37.54073832193406,98.3754,98.3754,87.9266,41.7204,0.0,0.0,10.4488,10.62,56.655,57.59,thermal_robust
1104067020005,1387.1,127.06040642117075,37.53907563247825,85.9359,85.9359,79.5128,32.8656,0.0,0.0,6.4231,7.47,53.0703,61.76,thermal_robust
1104067020101,1.6,127.05730740205284,37.53920668492724,96.8029,96.8029,86.6893,35.4236,0.0,0.0,10.1136,10.45,61.3793,63.41,thermal_robust
1104067030009,6.3,127.05782580548409,37.53740165639352,95.4476,95.4476,85.0121,26.8355,0.0,0.0,10.4355,10.93,68.6121,71.88,thermal_robust
1104067030012,688.8,127.055305701224,37.538070251479496,97.2673,97.2673,85.4499,38.3719,0.0,0.0,11.8174,12.15,58.8954,60.55,thermal_robust
1104067030011,13.7,127.05671744588658,37.537671663182245,95.9802,95.9802,84.9073,0.0,0.0,0.0,11.0729,11.54,95.9802,100.0,thermal_prone
1104067030007,518.5,127.05510567566688,37.53712047108296,95.6121,95.6121,84.9611,1.0,0.0,0.0,10.651,11.14,94.6121,98.95,moderate
1104067030006,413.5,127.05726512145768,37.53233429525379,59.8376,59.8376,0.0,0.0,0.0,0.0,59.8376,100.0,59.8376,100.0,thermal_prone
1104067030005,1039.5,127.05972970488284,37.53684806936768,87.5659,87.5659,77.771,0.0,0.0,0.0,9.7949,11.19,87.5659,100.0,thermal_prone
1104067030004,335.8,127.05663311316174,37.53520333070754,82.7155,82.7155,75.207,0.0,0.0,0.0,7.5085,9.08,82.7155,100.0,thermal_prone
1104067030003,279.2,127.05512161010638,37.53236242085596,0.0,0.0,0.0,0.0,0.0,0.0,0.0,0.0,0.0,0.0,no_access
1104067030002,68.5,127.05407480539918,37.53582798407933,90.4004,90.4004,79.2768,0.992,0.0,0.0,11.1236,12.3,89.4084,98.9,moderate
1104067030001,25.2,127.05974818155786,37.53594876754527,84.4031,84.4031,76.0097,0.0,0.0,0.0,8.3934,9.94,84.4031,100.0,thermal_prone
1104067030008,215.4,127.05542084124892,37.53632724556764,92.5504,92.5504,81.958,0.0,0.0,0.0,10.5924,11.45,92.5504,100.0,thermal_prone
1104067030010,169.5,127.05746298505606,37.536073713285575,93.9662,93.9662,82.8743,10.7427,0.0,0.0,11.0919,11.8,83.2235,88.57,moderate
1104067030201,4.8,127.05840381760596,37.53720963324587,91.2521,91.2521,75.9551,1.0,0.0,0.0,15.297,16.76,90.2521,98.9,moderate
1104067030301,592.2,127.05360153152913,37.53294597399344,0.0,0.0,0.0,0.0,0.0,0.0,0.0,0.0,0.0,0.0,no_access
1104067030401,458.1,127.05703599175972,37.53523581431892,80.9829,80.9829,73.3903,14.2471,0.0,0.0,7.5926,9.38,66.7358,82.41,moderate
1104067030501,217.4,127.05760165852423,37.535254667751815,87.2381,87.2381,79.2432,14.3332,0.0,0.0,7.9949,9.16,72.9049,83.57,moderate
1104067040006,471.5,127.05300394248984,37.5368058459785,92.835,92.835,81.4273,0.0,0.0,0.0,11.4077,12.29,92.835,100.0,thermal_prone
1104067040001,547.8,127.05206509010158,37.53703284444647,92.462,92.462,80.1436,0.0,0.0,0.0,12.3184,13.32,92.462,100.0,thermal_prone
1104067040002,14.7,127.05272130372607,37.53887648428726,96.2372,96.2372,84.5937,0.9999,0.0,0.0,11.6435,12.1,95.2373,98.96,moderate
1104067040003,623.9,127.05052275367478,37.53439179760168,88.869,88.869,77.6919,0.975,0.0,0.0,11.1771,12.58,87.894,98.9,moderate
1104067040004,25.8,127.05224444540876,37.53804935190181,94.7925,94.7925,81.998,1.0,0.0,0.0,12.7945,13.5,93.7925,98.95,moderate
1104067040005,988.7,127.053971138094,37.537763185102385,94.8771,94.8771,82.5222,0.0,0.0,0.0,12.3549,13.02,94.8771,100.0,thermal_prone
1104067040101,544.2,127.0519538776556,37.53357206024032,0.0,0.0,0.0,0.0,0.0,0.0,0.0,0.0,0.0,0.0,no_access
1104067040201,405.5,127.05098294757715,37.536389360795425,88.869,88.869,77.6919,0.975,0.0,0.0,11.1771,12.58,87.894,98.9,moderate
1104068010004,1137.7,127.05481343450384,37.54934401532432,112.8004,112.8004,83.3692,41.356,0.0,0.0,29.4312,26.09,71.4444,63.34,thermal_robust
1104068010006,3.4,127.05628217127318,37.54663024963194,106.796,106.796,86.4766,46.2221,0.0,0.0,20.3194,19.03,60.5739,56.72,thermal_robust
1104068010001,382.0,127.05262212804357,37.54967446094849,128.7686,128.7686,79.2065,36.4228,0.0,0.0,49.5621,38.49,92.3458,71.71,thermal_robust
1104068010003,220.4,127.05340937825794,37.54886072822216,118.3431,118.3431,82.8978,40.6867,0.0,0.0,35.4453,29.95,77.6564,65.62,thermal_robust
1104068010002,1925.4,127.0535827395243,37.54653903757426,105.7374,105.7374,81.7732,39.7946,0.0,0.0,23.9642,22.66,65.9428,62.36,thermal_robust
1104068010005,754.5,127.05624152990264,37.548221002326414,101.4068,101.4068,84.6917,43.3759,0.0,0.0,16.7151,16.48,58.0309,57.23,thermal_robust
1104068010101,502.3,127.05614123792738,37.54714960855138,106.796,106.796,86.4766,46.2221,0.0,0.0,20.3194,19.03,60.5739,56.72,thermal_robust
1104068010103,573.3,127.05711693110042,37.54740903778673,97.1666,97.1666,85.665,46.1225,0.0,0.0,11.5016,11.84,51.0441,52.53,thermal_robust
1104068010102,642.1,127.05716677779964,37.54689212359867,98.2138,98.2138,87.4075,47.426,0.0,0.0,10.8063,11.0,50.7878,51.71,thermal_robust
1104068010104,386.7,127.05627292919128,37.54796042868696,101.4068,101.4068,84.6917,43.3759,0.0,0.0,16.7151,16.48,58.0309,57.23,thermal_robust
1104068010201,20.7,127.05551152024428,37.54598249091236,101.5553,101.5553,88.2862,46.4956,0.0,0.0,13.2691,13.07,55.0597,54.22,thermal_robust
1104068010203,469.9,127.05632867947811,37.54570094601138,96.5726,96.5726,87.1544,45.2224,0.0,0.0,9.4182,9.75,51.3502,53.17,thermal_robust
1104068010202,42.6,127.05602219234648,37.54659059621751,105.9464,105.9464,85.9097,45.2337,0.0,0.0,20.0367,18.91,60.7127,57.31,thermal_robust
1104068010301,10.5,127.0517533325596,37.548445635820904,128.7728,128.7728,83.317,41.8311,0.0,0.0,45.4558,35.3,86.9417,67.52,thermal_robust
1104068020002,912.3,127.06166324119248,37.54390369521867,91.3054,91.3054,85.5213,48.0613,0.0,0.0,5.7841,6.33,43.2441,47.36,thermal_robust
1104068020001,10281.8,127.06205362777476,37.546554100226544,84.5095,84.5095,81.2764,43.5176,0.0,0.0,3.2331,3.83,40.9919,48.51,thermal_robust
1104068020101,2094.6,127.06540623802624,37.545416349741906,72.5284,72.5284,69.969,38.5632,0.0,0.0,2.5594,3.53,33.9652,46.83,thermal_robust
1104068020301,219.4,127.05977211460444,37.54663600981234,91.6547,91.6547,85.2095,47.1252,0.0,0.0,6.4452,7.03,44.5295,48.58,thermal_robust
1104068030003,897.5,127.05430081380848,37.544244639008454,103.649,103.649,88.828,46.8477,0.0,0.0,14.821,14.3,56.8013,54.8,thermal_robust
1104068030002,404.2,127.05328980192913,37.5438675673003,109.4251,109.4251,88.6057,44.9592,0.0,0.0,20.8194,19.03,64.4659,58.91,thermal_robust
1104068030001,670.7,127.05078768648706,37.54464346819336,117.6455,117.6455,85.1129,0.0,0.0,0.0,32.5326,27.65,117.6455,100.0,thermal_prone
1104068030101,3.3,127.05314120009211,37.54368330519074,109.5464,109.5464,88.6522,44.9371,0.0,0.0,20.8942,19.07,64.6093,58.98,thermal_robust
1104068040001,294.4,127.06005550995236,37.54220476701404,93.4446,93.4446,87.0005,0.0,0.0,0.0,6.4441,6.9,93.4446,100.0,thermal_prone
1104069010009,568.9,127.07223355777944,37.55890835173092,18.2005,18.2005,18.1546,0.0,0.0,0.0,0.0459,0.25,18.2005,100.0,thermal_prone
1104069010008,733.2,127.06673988220216,37.55040294958318,60.0994,60.0994,56.1846,0.0,0.0,0.0,3.9148,6.51,60.0994,100.0,thermal_prone
1104069010006,705.7,127.06689102911034,37.55126570722243,53.939,53.939,51.9641,0.0,0.0,0.0,1.9749,3.66,53.939,100.0,thermal_prone
1104069010001,347.8,127.07026406441136,37.55428760820733,31.2203,31.2203,28.6143,15.4165,0.0,0.0,2.606,8.35,15.8038,50.62,thermal_robust
1104069010003,367.5,127.06574775024464,37.551530189559585,62.6926,62.6926,59.4082,0.0,0.0,0.0,3.2844,5.24,62.6926,100.0,thermal_prone
1104069010002,704.9,127.06861743971312,37.55156005346737,47.5531,47.5531,43.995,20.144,0.0,0.0,3.5581,7.48,27.4091,57.64,thermal_robust
1104069010005,849.8,127.07177709463195,37.556631558779785,24.5709,24.5709,23.2787,14.5317,0.0,0.0,1.2922,5.26,10.0392,40.86,thermal_robust
1104069010004,1046.2,127.07059193941872,37.557422473125165,24.1846,24.1846,22.2364,0.0,0.0,0.0,1.9482,8.06,24.1846,100.0,thermal_prone
1104069010007,454.5,127.0675306110452,37.5497047721624,54.7855,54.7855,52.8404,0.0,0.0,0.0,1.9451,3.55,54.7855,100.0,thermal_prone
1104069010012,328.9,127.06785815630016,37.55222364054608,50.7886,50.7886,46.5141,19.938,0.0,0.0,4.2745,8.42,30.8506,60.74,thermal_robust
1104069010011,948.3,127.06792966131816,37.5505814226924,52.8832,52.8832,49.8588,0.0,0.0,0.0,3.0244,5.72,52.8832,100.0,thermal_prone
1104069010014,197.4,127.06733919171825,37.553411990412506,42.9459,42.9459,40.0602,0.0,0.0,0.0,2.8857,6.72,42.9459,100.0,thermal_prone
1104069010013,451.4,127.06825374606562,37.554692743681706,8.6969,8.6969,0.0,0.0,0.0,0.0,8.6969,100.0,8.6969,100.0,thermal_prone
1104069010010,588.1,127.06954952972656,37.55497243263847,28.6947,28.6947,27.277,15.4226,0.0,0.0,1.4177,4.94,13.2721,46.25,thermal_robust
1104069010101,520.4,127.07052706439416,37.55570543195329,26.7331,26.7331,26.6097,14.5634,0.0,0.0,0.1234,0.46,12.1697,45.52,thermal_robust
1104069010102,442.2,127.06993672903748,37.556382807591,26.2455,26.2455,26.0766,0.0,0.0,0.0,0.1689,0.64,26.2455,100.0,thermal_prone
1104069010201,431.0,127.06909532832452,37.55254899944965,43.1308,43.1308,42.1092,23.2949,0.0,0.0,1.0216,2.37,19.8359,45.99,thermal_robust
1104069010202,12.9,127.06940521474232,37.55322151091737,36.0013,36.0013,33.2162,22.7646,0.0,0.0,2.7851,7.74,13.2367,36.77,thermal_robust
1104069020001,3.1,127.06317395117595,37.548861892649064,75.2952,75.2952,71.8563,0.0,0.0,0.0,3.4389,4.57,75.2952,100.0,thermal_prone
1104069020004,57.5,127.064481638324,37.54961793437435,70.4663,70.4663,67.6933,0.0,0.0,0.0,2.773,3.94,70.4663,100.0,thermal_prone
1104069020005,718.1,127.0555894368475,37.55049707659016,116.6698,116.6698,79.7282,1.0,0.0,0.0,36.9416,31.66,115.6698,99.14,moderate
1104069020002,13.8,127.06604485826934,37.54939208715305,65.6067,65.6067,62.766,0.0,0.0,0.0,2.8407,4.33,65.6067,100.0,thermal_prone
1104069020003,11.6,127.06641868350016,37.548709470181954,66.7481,66.7481,61.1043,0.0,0.0,0.0,5.6438,8.46,66.7481,100.0,thermal_prone
1104070010004,1294.9,127.0579559419022,37.56175629449497,48.295,48.295,12.2859,7.6087,0.0,0.0,36.0091,74.56,40.6863,84.25,moderate
1104070010001,487.3,127.06962539732656,37.55898266721672,6.5054,6.5054,0.0,0.0,0.0,0.0,6.5054,100.0,6.5054,100.0,thermal_prone
1104070010003,71.6,127.06273411416711,37.561341428772984,24.461,24.461,12.2048,7.8701,0.0,0.0,12.2562,50.11,16.5909,67.83,thermal_robust
1104070010002,3818.8,127.061611014963,37.5560305110464,16.6937,16.6937,0.0,0.0,0.0,0.0,16.6937,100.0,16.6937,100.0,thermal_prone
1104070020025,325.9,127.05261164699836,37.56192079225632,91.4391,91.4391,11.6414,6.5203,0.0,0.0,79.7977,87.27,84.9188,92.87,moderate
1104070020022,591.7,127.05258837279548,37.56464841638034,72.9264,72.9264,11.7692,0.0,0.0,0.0,61.1572,83.86,72.9264,100.0,thermal_prone
1104070020023,263.7,127.05155091915891,37.565851651260125,73.4987,73.4987,11.5439,6.3795,0.0,0.0,61.9548,84.29,67.1192,91.32,moderate
1104070020020,408.4,127.05096766151456,37.56477170030061,86.9934,86.9934,11.4568,0.0,0.0,0.0,75.5366,86.83,86.9934,100.0,thermal_prone
1104070020021,433.5,127.05385569915816,37.56172160461722,88.97,88.97,11.8086,6.3496,0.0,0.0,77.1614,86.73,82.6204,92.86,moderate
1104070020008,161.4,127.05424616766184,37.56122007754328,82.8057,82.8057,11.815,7.0388,0.0,0.0,70.9907,85.73,75.7669,91.5,moderate
1104070020009,1037.7,127.05380883670446,37.562875585167546,85.6184,85.6184,11.9769,7.0723,0.0,0.0,73.6415,86.01,78.5461,91.74,moderate
1104070020016,240.5,127.04891735006078,37.56626638827937,67.144,67.144,0.0,0.0,0.0,0.0,67.144,100.0,67.144,100.0,thermal_prone
1104070020017,251.5,127.0553448900619,37.56374117193607,73.2577,73.2577,12.1549,7.1771,0.0,0.0,61.1028,83.41,66.0806,90.2,moderate
1104070020014,224.6,127.05194799309656,37.563097776110766,105.2554,105.2554,11.617,6.6988,0.0,0.0,93.6384,88.96,98.5566,93.64,moderate
1104070020015,241.6,127.04869600665224,37.56716415066661,67.144,67.144,0.0,0.0,0.0,0.0,67.144,100.0,67.144,100.0,thermal_prone
1104070020012,706.1,127.05324724329776,37.56588122274947,75.171,75.171,11.7643,0.0,0.0,0.0,63.4067,84.35,75.171,100.0,thermal_prone
1104070020013,200.1,127.05483842577344,37.5625071825331,81.4516,81.4516,12.0317,7.1517,0.0,0.0,69.4199,85.23,74.2999,91.22,moderate
1104070020010,545.0,127.05181080807814,37.5637762534071,83.4387,83.4387,11.5866,0.0,0.0,0.0,71.8521,86.11,83.4387,100.0,thermal_prone
1104070020011,292.9,127.05465724598812,37.56438940534661,77.481,77.481,12.0336,0.0,0.0,0.0,65.4474,84.47,77.481,100.0,thermal_prone
1104070020024,418.2,127.04963652547644,37.56524203744664,88.4012,88.4012,11.2461,0.0,0.0,0.0,77.1551,87.28,88.4012,100.0,thermal_prone
1104070020019,498.5,127.0449322850117,37.570564933388845,44.4975,44.4975,0.0,0.0,0.0,0.0,44.4975,100.0,44.4975,100.0,thermal_prone
1104070020018,474.6,127.05139423127338,37.56678973729973,58.6246,58.6246,11.3725,0.0,0.0,0.0,47.2521,80.6,58.6246,100.0,thermal_prone
1104070020001,975.6,127.0505513406721,37.56696936908715,64.3835,64.3835,11.4629,0.0,0.0,0.0,52.9206,82.2,64.3835,100.0,thermal_prone
1104070020006,373.3,127.04972286494348,37.56817235989377,45.3132,45.3132,7.5192,0.0,0.0,0.0,37.794,83.41,45.3132,100.0,thermal_prone
1104070020007,655.6,127.05034403149574,37.563851692546926,94.363,94.363,11.2637,0.0,0.0,0.0,83.0993,88.06,94.363,100.0,thermal_prone
1104070020004,196.0,127.05331734403715,37.5643291580201,92.8714,92.8714,11.8829,0.0,0.0,0.0,80.9885,87.2,92.8714,100.0,thermal_prone
1104070020005,441.8,127.0532749036714,37.5634672511278,92.9755,92.9755,11.8848,6.9488,0.0,0.0,81.0907,87.22,86.0267,92.53,moderate
1104070020002,470.5,127.05284955671382,37.56289340175349,99.0419,99.0419,11.6942,0.0,0.0,0.0,87.3477,88.19,99.0419,100.0,thermal_prone
1104070020003,622.1,127.053103382476,37.55646485367276,54.5873,54.5873,7.1989,0.0,0.0,0.0,47.3884,86.81,54.5873,100.0,thermal_prone
1104070020301,124.4,127.05546235420348,37.56317227371194,68.6973,68.6973,12.2043,7.1028,0.0,0.0,56.493,82.23,61.5945,89.66,moderate
1104071010001,443.2,127.0311783635082,37.56732357580982,184.7841,184.7841,148.1701,48.5506,0.0,0.0,36.614,19.81,136.2335,73.73,thermal_robust
1104071010002,752.6,127.03308384741392,37.567178012820854,185.0753,185.0753,149.7812,55.5798,0.0,0.0,35.2941,19.07,129.4955,69.97,thermal_robust
1104071010201,291.8,127.03135204853484,37.56742357798932,184.7841,184.7841,148.1701,48.5506,0.0,0.0,36.614,19.81,136.2335,73.73,thermal_robust
1104071010303,264.8,127.03077049727594,37.56932922619286,142.7768,142.7768,115.3424,40.7598,0.0,0.0,27.4344,19.21,102.017,71.45,thermal_robust
1104071010302,668.8,127.03136461783072,37.56819839191567,150.2258,150.2258,123.4654,40.4019,0.0,0.0,26.7604,17.81,109.8239,73.11,thermal_robust
1104071010305,181.4,127.03077594245455,37.568628788020895,148.0938,148.0938,121.3708,41.3748,0.0,0.0,26.723,18.04,106.719,72.06,thermal_robust
1104071010304,482.4,127.03216768970626,37.568728817844274,157.9991,157.9991,129.4187,39.8314,0.0,0.0,28.5804,18.09,118.1677,74.79,thermal_robust
1104071010307,401.0,127.03198709401968,37.569554162518656,142.2659,142.2659,114.7769,37.8935,0.0,0.0,27.489,19.32,104.3724,73.36,thermal_robust
1104071010306,2.3,127.03327816551992,37.56880007781599,161.8329,161.8329,134.8304,36.1581,0.0,0.0,27.0025,16.69,125.6748,77.66,thermal_robust
1104071010301,48.5,127.0327625957592,37.56906690858593,154.4703,154.4703,128.3659,35.3763,0.0,0.0,26.1044,16.9,119.094,77.1,thermal_robust
1104071020001,338.6,127.02696100106976,37.57042537779117,97.0397,97.0397,77.3352,30.943,0.0,0.0,19.7045,20.31,66.0967,68.11,thermal_robust
1104071020002,7.2,127.02776503358166,37.56759788424431,150.2821,150.2821,84.8628,30.7992,0.0,0.0,65.4193,43.53,119.4829,79.51,thermal_robust
1104071020003,49.2,127.0247032750856,37.56790615085938,80.5509,80.5509,54.6997,30.0495,0.0,0.0,25.8512,32.09,50.5014,62.7,thermal_robust
1104071020103,7.4,127.02489871139753,37.57037003377156,81.1332,81.1332,64.9581,30.2821,0.0,0.0,16.1751,19.94,50.8511,62.68,thermal_robust
1104071020101,429.1,127.02386863909584,37.56874993357245,93.7403,93.7403,69.582,33.1822,0.0,0.0,24.1583,25.77,60.5581,64.6,thermal_robust
1104071020106,760.8,127.02444129850409,37.569575438615125,86.9511,86.9511,66.3589,30.4071,0.0,0.0,20.5922,23.68,56.544,65.03,thermal_robust
1104071020104,1166.9,127.02499538584732,37.568548019656546,104.2097,104.2097,80.4661,33.7556,0.0,0.0,23.7436,22.78,70.4541,67.61,thermal_robust
1104071020105,2194.0,127.02380472007124,37.570280442622746,75.8132,75.8132,62.3044,29.9985,0.0,0.0,13.5088,17.82,45.8147,60.43,thermal_robust
1104071020102,472.7,127.02556790304538,37.5696126476793,103.595,103.595,79.36,33.7353,0.0,0.0,24.235,23.39,69.8597,67.44,thermal_robust
1104071020204,1852.1,127.0282697605273,37.56871716099635,129.6079,129.6079,88.4563,35.34,0.0,0.0,41.1516,31.75,94.2679,72.73,thermal_robust
1104071020205,796.5,127.02915798200677,37.56823833465614,119.0257,119.0257,69.0728,30.4758,0.0,0.0,49.9529,41.97,88.5499,74.4,thermal_robust
1104071020202,330.3,127.0285879184304,37.56760165980986,143.9354,143.9354,77.3819,30.5952,0.0,0.0,66.5535,46.24,113.3402,78.74,thermal_robust
1104071020203,201.4,127.0285810624924,37.569326957306394,126.3947,126.3947,98.1009,38.3221,0.0,0.0,28.2938,22.39,88.0726,69.68,thermal_robust
1104071020201,57.3,127.0296533678224,37.56743256778422,165.5147,165.5147,70.5274,30.5287,0.0,0.0,94.9873,57.39,134.986,81.56,moderate
1104071020208,293.0,127.02674867545284,37.567884599966966,126.458,126.458,90.9504,30.4358,0.0,0.0,35.5076,28.08,96.0222,75.93,thermal_robust
1104071020206,2107.2,127.02677495731793,37.56923739775433,113.9377,113.9377,78.775,32.3017,0.0,0.0,35.1627,30.86,81.636,71.65,thermal_robust
1104071020207,3.9,127.02979216766666,37.56887604779891,137.5904,137.5904,77.0299,33.4532,0.0,0.0,60.5605,44.02,104.1372,75.69,thermal_robust
1104071030001,7217.6,127.0268027182717,37.5661029567738,148.5089,148.5089,126.5693,45.7737,0.0,0.0,21.9396,14.77,102.7352,69.18,thermal_robust
1104071040002,626.7,127.03379690707618,37.56588186633499,205.6745,205.6745,163.7015,59.0674,0.0,0.0,41.973,20.41,146.6071,71.28,thermal_robust
1104071040003,832.8,127.03214753815216,37.56401519467928,216.6321,216.6321,170.5891,59.8613,0.0,0.0,46.043,21.25,156.7708,72.37,thermal_robust
1104071040008,368.6,127.03101094143204,37.56620238218801,196.8129,196.8129,158.445,55.6422,0.0,0.0,38.3679,19.49,141.1707,71.73,thermal_robust
1104071040009,1213.8,127.03551060084251,37.56527015164402,209.7211,209.7211,161.0286,62.3991,0.0,0.0,48.6925,23.22,147.322,70.25,thermal_robust
1104071040010,1149.1,127.0334035702369,37.564165386748336,215.8875,215.8875,168.9565,0.0,0.0,0.0,46.931,21.74,215.8875,100.0,thermal_prone
1104071040011,35.0,127.0345199055517,37.56335174576866,222.1222,222.1222,170.0125,67.3804,0.0,0.0,52.1097,23.46,154.7418,69.67,thermal_robust
1104071040004,101.6,127.03374403113526,37.563108455887864,225.2355,225.2355,172.1033,69.6469,0.0,0.0,53.1322,23.59,155.5886,69.08,thermal_robust
1104071040005,447.7,127.03180193075244,37.56575649147055,204.5393,204.5393,163.7995,59.4283,0.0,0.0,40.7398,19.92,145.111,70.95,thermal_robust
1104071040006,963.9,127.03303514496216,37.5650846181552,212.6414,212.6414,169.7273,62.7301,0.0,0.0,42.9141,20.18,149.9113,70.5,thermal_robust
1104071040007,595.4,127.03088312329928,37.56462061046357,208.7048,208.7048,165.335,0.0,0.0,0.0,43.3698,20.78,208.7048,100.0,thermal_prone
1104071040001,2385.9,127.03536267387273,37.56282187107659,223.9376,223.9376,166.6723,65.2841,0.0,0.0,57.2653,25.57,158.6535,70.85,thermal_robust
1104071040301,67.7,127.0349663634146,37.564650851821995,211.2036,211.2036,165.0334,62.6645,0.0,0.0,46.1702,21.86,148.5391,70.33,thermal_robust
1104071040302,12.0,127.03490296039104,37.56423681388347,217.995,217.995,168.4471,65.4025,0.0,0.0,49.5479,22.73,152.5925,70.0,thermal_robust
1104072010013,242.6,127.02187449656849,37.55204908124914,222.4049,222.4049,152.3189,0.0,0.0,0.0,70.086,31.51,222.4049,100.0,thermal_prone
1104072010012,61.8,127.0198426587487,37.55013248904789,206.1587,206.1587,142.0249,0.0,0.0,0.0,64.1338,31.11,206.1587,100.0,thermal_prone
1104072010015,94.1,127.0207315842642,37.55112865804376,214.6007,214.6007,152.8396,0.0,0.0,0.0,61.7611,28.78,214.6007,100.0,thermal_prone
1104072010014,279.0,127.02474938773568,37.54984138050863,214.6692,214.6692,137.7842,0.0,0.0,0.0,76.885,35.82,214.6692,100.0,thermal_prone
1104072010017,4.5,127.0213745939654,37.55053807490552,213.0341,213.0341,154.7618,0.0,0.0,0.0,58.2723,27.35,213.0341,100.0,thermal_prone
1104072010016,1364.6,127.02107754797548,37.55240321114866,222.4049,222.4049,152.3189,0.0,0.0,0.0,70.086,31.51,222.4049,100.0,thermal_prone
1104072010009,265.5,127.02386725804055,37.5483998714945,224.2764,224.2764,118.8472,0.0,0.0,0.0,105.4292,47.01,224.2764,100.0,thermal_prone
1104072010008,543.5,127.02014673776044,37.553024726280206,230.2287,230.2287,156.3827,0.0,0.0,0.0,73.846,32.08,230.2287,100.0,thermal_prone
1104072010001,30.0,127.02309389298506,37.549575742791234,211.0862,211.0862,140.3344,0.0,0.0,0.0,70.7518,33.52,211.0862,100.0,thermal_prone
1104072010002,147.1,127.02529349150674,37.54911287863538,222.403,222.403,135.6763,0.0,0.0,0.0,86.7267,39.0,222.403,100.0,thermal_prone
1104072010003,840.6,127.02183328322418,37.5489485882012,212.2359,212.2359,154.8506,0.0,0.0,0.0,57.3853,27.04,212.2359,100.0,thermal_prone
1104072010004,1671.9,127.0200549940723,37.55134857960758,208.1873,208.1873,148.8493,0.0,0.0,0.0,59.338,28.5,208.1873,100.0,thermal_prone
1104072010005,190.3,127.02244252006516,37.55149329118439,224.1073,224.1073,146.4926,0.0,0.0,0.0,77.6147,34.63,224.1073,100.0,thermal_prone
1104072010006,1067.9,127.02043780757546,37.548658687573,209.359,209.359,153.855,0.0,0.0,0.0,55.504,26.51,209.359,100.0,thermal_prone
1104072010007,250.9,127.02326580898784,37.55039230623071,219.3785,219.3785,140.8386,0.0,0.0,0.0,78.5399,35.8,219.3785,100.0,thermal_prone
1104072010011,116.2,127.02399803976058,37.54988714937002,214.6541,214.6541,140.2382,0.0,0.0,0.0,74.4159,34.67,214.6541,100.0,thermal_prone
1104072010010,9.6,127.02351758963304,37.54903294051368,212.8488,212.8488,139.2663,0.0,0.0,0.0,73.5825,34.57,212.8488,100.0,thermal_prone
1104072010101,796.8,127.02371727776178,37.55145709932784,226.4409,226.4409,134.6816,11.2501,0.0,0.0,91.7593,40.52,215.1908,95.03,moderate
1104072010103,474.8,127.02526787794508,37.550492225077434,239.4023,239.4023,133.2464,0.0,0.0,0.0,106.1559,44.34,239.4023,100.0,thermal_prone
1104072010102,337.3,127.02430451174448,37.55105671600109,205.2691,205.2691,127.9997,0.0,0.0,0.0,77.2694,37.64,205.2691,100.0,thermal_prone
1104072010104,754.5,127.0247510320084,37.55187092654659,226.4409,226.4409,134.6816,11.2501,0.0,0.0,91.7593,40.52,215.1908,95.03,moderate
1104072010202,277.5,127.02289850821435,37.55129688466414,229.1205,229.1205,142.6467,11.1406,0.0,0.0,86.4738,37.74,217.9799,95.14,moderate
1104072010201,599.5,127.02318044971504,37.55194596282645,228.4508,228.4508,140.391,11.2883,0.0,0.0,88.0598,38.55,217.1625,95.06,moderate
1104072010301,284.8,127.02298606835232,37.55279586664068,228.4508,228.4508,140.391,11.2883,0.0,0.0,88.0598,38.55,217.1625,95.06,moderate
1104072010302,409.2,127.02172430537888,37.55296218275816,226.2012,226.2012,149.1475,0.0,0.0,0.0,77.0537,34.06,226.2012,100.0,thermal_prone
1104072010401,53.7,127.02050705052731,37.549436423107494,203.9842,203.9842,145.3828,0.0,0.0,0.0,58.6014,28.73,203.9842,100.0,thermal_prone
1104072010402,609.3,127.0208469955002,37.55034138074991,209.9959,209.9959,154.3051,0.0,0.0,0.0,55.6908,26.52,209.9959,100.0,thermal_prone
1104072010501,1621.0,127.0219579071938,37.54988382370919,214.9695,214.9695,148.3646,0.0,0.0,0.0,66.6049,30.98,214.9695,100.0,thermal_prone
1104072010502,3.1,127.02184878157465,37.55085086357909,213.0341,213.0341,154.7618,0.0,0.0,0.0,58.2723,27.35,213.0341,100.0,thermal_prone
1104072020005,273.9,127.0188200426055,37.55125706935231,200.6119,200.6119,134.1738,0.0,0.0,0.0,66.4381,33.12,200.6119,100.0,thermal_prone
1104072020002,1352.1,127.01615877107584,37.551132886361856,134.601,134.601,80.3052,12.4495,0.0,0.0,54.2958,40.34,122.1515,90.75,moderate
1104072020003,807.2,127.01857972926584,37.55350176490441,212.7235,212.7235,136.5168,0.0,0.0,0.0,76.2067,35.82,212.7235,100.0,thermal_prone
1104072020001,40.9,127.01867200716352,37.54912686669962,194.8719,194.8719,136.6131,0.0,0.0,0.0,58.2588,29.9,194.8719,100.0,thermal_prone
1104072020103,475.4,127.01538950432332,37.5500795846688,172.2862,172.2862,114.0609,12.3734,0.0,0.0,58.2253,33.8,159.9128,92.82,moderate
1104072020101,601.0,127.01632545113536,37.54885190779854,190.4266,190.4266,129.0535,12.6649,0.0,0.0,61.3731,32.23,177.7617,93.35,moderate
1104072020106,442.7,127.01587565082414,37.549453580121686,162.919,162.919,114.385,12.6694,0.0,0.0,48.534,29.79,150.2496,92.22,moderate
1104072020107,15.7,127.01583165114847,37.55083273828977,139.0213,139.0213,85.3993,12.4888,0.0,0.0,53.622,38.57,126.5325,91.02,moderate
1104072020104,19.5,127.01652780969722,37.551170150038345,127.7816,127.7816,76.71,12.3879,0.0,0.0,51.0716,39.97,115.3937,90.31,moderate
1104072020105,327.9,127.016525873988,37.55005755054192,151.0106,151.0106,100.482,12.6078,0.0,0.0,50.5286,33.46,138.4028,91.65,moderate
1104072020102,286.5,127.0175569771744,37.54942961725019,165.341,165.341,115.4199,12.5409,0.0,0.0,49.9211,30.19,152.8001,92.42,moderate
1104072020201,506.7,127.01794895634583,37.5503416898379,183.4773,183.4773,121.682,12.055,0.0,0.0,61.7953,33.68,171.4223,93.43,moderate
1104072020402,1289.1,127.01880514732446,37.55484538103696,223.5954,223.5954,144.805,3.9644,0.0,0.0,78.7904,35.24,219.631,98.23,moderate
1104072020403,337.8,127.0177580199027,37.55573513037794,198.5615,198.5615,129.8415,3.9643,0.0,0.0,68.72,34.61,194.5972,98.0,moderate
1104072020401,1026.5,127.01930126470208,37.55609782774684,215.7248,215.7248,134.9684,3.9424,0.0,0.0,80.7564,37.43,211.7824,98.17,moderate
1104072020404,637.1,127.0176909347866,37.55464981262753,198.5615,198.5615,129.8415,3.9643,0.0,0.0,68.72,34.61,194.5972,98.0,moderate
1104073020002,445.4,127.01045001900552,37.540344568741965,93.9967,93.9967,53.8573,2.9824,0.0,0.0,40.1394,42.7,91.0143,96.83,moderate
1104073020003,824.6,127.01544766837632,37.54458012674341,169.6479,169.6479,93.568,1.0,0.0,0.0,76.0799,44.85,168.6479,99.41,thermal_prone
1104073020102,974.7,127.01043213727355,37.54190535365349,105.2335,105.2335,55.5967,2.9898,0.0,0.0,49.6368,47.17,102.2437,97.16,moderate
1104073020103,14.9,127.00935531041956,37.54219067642679,82.7179,82.7179,46.7906,2.9431,0.0,0.0,35.9273,43.43,79.7748,96.44,moderate
1104073020101,698.9,127.0100412174239,37.54154963480071,101.045,101.045,54.518,2.9845,0.0,0.0,46.527,46.05,98.0605,97.05,moderate
1104073020202,95.3,127.01265973523692,37.54345956902242,125.4226,125.4226,65.5512,7.9722,0.0,0.0,59.8714,47.74,117.4504,93.64,moderate
1104073020203,281.7,127.01199974756794,37.54331070864025,111.9769,111.9769,59.7754,7.9209,0.0,0.0,52.2015,46.62,104.056,92.93,moderate
1104073020201,553.9,127.01114190867692,37.542514899821086,106.543,106.543,58.6667,7.9488,0.0,0.0,47.8763,44.94,98.5942,92.54,moderate
1104073020606,1046.7,127.01313533590526,37.54457700185028,133.1857,133.1857,71.8064,2.9977,0.0,0.0,61.3793,46.09,130.188,97.75,moderate
1104073020607,1210.0,127.0141014001911,37.54474582815088,133.1857,133.1857,71.8064,2.9977,0.0,0.0,61.3793,46.09,130.188,97.75,moderate
1104073020604,10.3,127.01448730238222,37.546452679136515,153.7421,153.7421,80.5283,2.9973,0.0,0.0,73.2138,47.62,150.7448,98.05,moderate
1104073020605,1133.9,127.01457495003342,37.54434177149316,159.7007,159.7007,87.2079,9.8833,0.0,0.0,72.4928,45.39,149.8174,93.81,moderate
1104073020602,299.9,127.01400974824688,37.54591338213846,153.7421,153.7421,80.5283,2.9973,0.0,0.0,73.2138,47.62,150.7448,98.05,moderate
1104073020603,283.5,127.0148409836836,37.54533202423352,168.9175,168.9175,89.9804,2.9961,0.0,0.0,78.9371,46.73,165.9214,98.23,moderate
1104073020601,597.6,127.01346544336582,37.54547689444136,134.2754,134.2754,68.2087,2.9811,0.0,0.0,66.0667,49.2,131.2943,97.78,moderate
1104073020608,4.6,127.01245766816326,37.54511097823661,114.9186,114.9186,0.0,0.0,0.0,0.0,114.9186,100.0,114.9186,100.0,thermal_prone
1104073020609,215.2,127.01525408244862,37.5454454561545,168.9175,168.9175,89.9804,2.9961,0.0,0.0,78.9371,46.73,165.9214,98.23,moderate
1104073030003,1247.8,127.01230846196776,37.541346878890906,109.746,109.746,55.0605,0.0,0.0,0.0,54.6855,49.83,109.746,100.0,thermal_prone
1104073030002,1430.7,127.01574278638682,37.541806705858875,147.6217,147.6217,71.7812,6.9668,0.0,0.0,75.8405,51.37,140.6549,95.28,moderate
1104073030001,213.7,127.01547659850372,37.543332302368675,154.9553,154.9553,85.7205,9.9048,0.0,0.0,69.2348,44.68,145.0505,93.61,moderate
1104073030203,1339.5,127.01247624565808,37.539807534639394,95.575,95.575,54.0304,2.9792,0.0,0.0,41.5446,43.47,92.5958,96.88,moderate
1104073030202,353.0,127.01461245822112,37.54019886082889,80.1965,80.1965,41.8969,2.9279,0.0,0.0,38.2996,47.76,77.2686,96.35,moderate
1104073030201,292.5,127.01426553750603,37.53925670040746,70.5553,70.5553,40.67,2.8837,0.0,0.0,29.8853,42.36,67.6716,95.91,moderate
1104073030306,2.0,127.01379482499458,37.54252654032367,128.0031,128.0031,66.7092,9.9302,0.0,0.0,61.2939,47.88,118.0729,92.24,moderate
1104073030305,80.6,127.0133503163837,37.541886950192215,124.59,124.59,64.1789,9.9002,0.0,0.0,60.4111,48.49,114.6898,92.05,moderate
1104073030304,6.3,127.01459648183096,37.54269950250645,144.1596,144.1596,76.4946,9.9245,0.0,0.0,67.665,46.94,134.2351,93.12,moderate
1104073030303,308.0,127.01431555857344,37.54181172576742,126.1804,126.1804,65.2552,9.9353,0.0,0.0,60.9252,48.28,116.2451,92.13,moderate
1104073030302,1061.4,127.01270124538668,37.54221834216868,124.3425,124.3425,64.0683,9.8813,0.0,0.0,60.2742,48.47,114.4612,92.05,moderate
1104073030301,152.7,127.01367218385238,37.541030702373774,113.4309,113.4309,58.5563,9.8453,0.0,0.0,54.8746,48.38,103.5856,91.32,moderate
1104073030307,6.0,127.01486824741797,37.543069887908835,144.1596,144.1596,76.4946,9.9245,0.0,0.0,67.665,46.94,134.2351,93.12,moderate
1104073030604,184.5,127.01585175684762,37.540663665463825,130.5116,130.5116,62.96,6.9256,0.0,0.0,67.5516,51.76,123.586,94.69,moderate
1104073030603,311.5,127.01674796261264,37.540652227531055,138.0862,138.0862,63.3339,6.9386,0.0,0.0,74.7523,54.13,131.1476,94.98,moderate
1104073030602,563.6,127.01576241003038,37.53975929801792,121.734,121.734,60.1673,6.8976,0.0,0.0,61.5667,50.57,114.8364,94.33,moderate
1104073030601,820.5,127.0182752114532,37.53743807501212,0.0,0.0,0.0,0.0,0.0,0.0,0.0,0.0,0.0,0.0,no_access
1104073040001,3098.6,127.02658136781648,37.5391611911968,25.8081,25.8081,0.0,0.0,0.0,0.0,25.8081,100.0,25.8081,100.0,thermal_prone
1104073040201,84.6,127.0190953570288,37.54173708579417,172.5901,172.5901,0.0,0.0,0.0,0.0,172.5901,100.0,172.5901,100.0,thermal_prone
1104073040202,7.5,127.01962916236866,37.54225964920921,172.5901,172.5901,0.0,0.0,0.0,0.0,172.5901,100.0,172.5901,100.0,thermal_prone
1104073040301,554.3,127.01924215082369,37.54326413081144,132.1558,132.1558,91.4506,1.972,0.0,0.0,40.7052,30.8,130.1838,98.51,moderate
1104073040302,801.5,127.01817200290122,37.543295311244336,137.1251,137.1251,93.6185,1.9774,0.0,0.0,43.5066,31.73,135.1477,98.56,moderate
1104073040303,121.2,127.01927844508768,37.544193866125966,123.1243,123.1243,86.3122,1.9541,0.0,0.0,36.8121,29.9,121.1702,98.41,moderate
1104073040501,621.7,127.01804002494868,37.54251438009539,155.5601,155.5601,0.0,0.0,0.0,0.0,155.5601,100.0,155.5601,100.0,thermal_prone
1104073040502,79.1,127.0183954895432,37.5422472107237,155.5601,155.5601,0.0,0.0,0.0,0.0,155.5601,100.0,155.5601,100.0,thermal_prone
1104059030206,1199.5,127.0254085813003,37.55357493446358,232.2464,232.2464,158.5793,37.3926,0.0,0.0,73.6671,31.72,194.8538,83.9,moderate
1104072020405,461.7,127.01858203098844,37.556450810054955,201.6123,201.6123,2.0,2.0,0.0,0.0,199.6123,99.01,199.6123,99.01,moderate
1104073020204,4054.1,127.01147494246833,37.54633893218001,121.7768,121.7768,60.5869,2.9555,0.0,0.0,61.1899,50.25,118.8213,97.57,moderate
