집계구코드,net_node,classic_cnt,tarr_single,tarr_median,tarr_p025,tarr_p975,tarr_std,tarr_ci_width
1104052010012,3833114297,83,50.602409638554214,48.663976368804086,0.0,100.0,36.128604117308996,100.0
1104052010001,3833114607,38,42.10526315789473,41.16438619070607,0.0,100.0,32.605300819607926,100.0
1104052010003,3832951948,86,59.30232558139535,57.223643909699476,0.0,100.0,30.691217534923055,100.0
1104052010002,8494029536,38,31.57894736842105,31.10850888482672,0.0,100.0,37.46144389854353,100.0
1104052010005,3833114691,48,43.75,42.81892383455289,0.0,100.0,31.762591480356143,100.0
1104052010004,8212501458,57,100.0,100.0,0.0,100.0,38.46424909520614,100.0
1104052010007,3833114569,66,54.54545454545454,53.055732680739155,0.0,100.0,34.6700855949819,100.0
1104052010006,3832951952,82,59.756097560975604,57.46701274446173,0.0,100.0,36.337934115639314,100.0
1104052010009,4200543504,89,64.04494382022472,61.132453882466564,0.0,100.0,36.89612167268131,100.0
1104052010008,3833114366,85,57.647058823529406,55.228451560815024,0.0,100.0,36.298184540030455,100.0
1104052010010,3833114432,72,55.55555555555556,53.817546713387614,0.0,100.0,35.27124959228581,100.0
1104052010011,8615050152,62,45.16129032258064,44.15212389809603,0.0,100.0,30.883319894105508,100.0
1104052010101,3833113884,71,74.64788732394366,68.98274783840631,0.0,95.91502041462407,37.88962250610432,95.91502041462407
1104052010103,8598774292,28,64.28571428571429,58.85887034996541,0.0,96.42857142857143,39.92809206179528,96.42857142857143
1104052010102,436840048,62,77.41935483870968,71.94102282007893,0.0,100.0,38.36499479240621,100.0
1104052010203,8598774292,28,64.28571428571429,58.85887034996541,0.0,96.42857142857143,39.92809206179528,96.42857142857143
1104052010202,8212501459,64,68.75,65.53778722920745,0.0,96.45798384831572,34.70530244616712,96.45798384831572
1104052010205,3833114120,76,51.31578947368421,48.493158572118226,0.0,97.4995585452409,33.898757101560946,97.4995585452409
1104052010204,4639723022,73,63.013698630136986,58.850640268466606,0.0,98.26453378482474,37.21928765369215,98.26453378482474
1104052010201,3833113884,71,74.64788732394366,68.98274783840631,0.0,95.91502041462407,37.88962250610432,95.91502041462407
1104052010401,4634232798,26,69.23076923076923,64.07403969906214,0.0,92.69101728608877,35.1037704860859,92.69101728608877
1104052010403,3833114426,37,56.75675675675676,53.37468549632184,0.0,93.87326935924881,34.825967267903806,93.87326935924881
1104052010402,4634232798,26,69.23076923076923,64.07403969906214,0.0,92.69101728608877,35.1037704860859,92.69101728608877
1104052010501,8493981052,56,44.642857142857146,42.248661288850286,0.0,100.0,35.51159203514124,100.0
1104052010502,3833114280,72,43.05555555555556,41.56583369084018,0.0,100.0,33.01305762077817,100.0
1104052010901,8493981080,36,38.88888888888889,38.39231493398377,0.0,100.0,34.67261784692441,100.0
1104052010903,8493981097,34,38.23529411764706,37.44661783632715,0.0,100.0,35.61068758867487,100.0
1104052010902,8493981068,34,41.17647058823529,40.38779430691538,0.0,100.0,35.28987028861155,100.0
1104052011101,3833114257,65,46.15384615384615,43.54110319111456,0.0,96.51247640449546,34.105665270421994,96.51247640449546
1104054010001,3832677068,55,80.0,74.79951639953904,0.0,100.0,38.852564105924756,100.0
1104054010003,3832677156,30,100.0,94.33905691408155,0.0,100.0,39.427633323708484,100.0
1104054010002,3832677105,45,100.0,92.45207588544207,0.0,100.0,41.7703719324002,100.0
1104054010004,4197387949,36,66.66666666666666,63.438935959783336,0.0,100.0,35.687020041259075,100.0
1104054010103,10857081080,56,44.642857142857146,41.9294351749827,0.0,98.86884791332326,34.51441851311265,98.86884791332326
1104054010102,5253517887,58,46.55172413793103,43.77775928639205,0.0,98.90785315769142,34.08699551549221,98.90785315769142
1104054010101,10857081045,69,53.62318840579711,50.25512158122321,0.0,99.08196352385656,35.34891842802391,99.08196352385656
1104054010301,5253517894,52,48.07692307692308,45.3266673266793,0.0,98.78183621434812,34.899563059574874,98.78183621434812
1104054010302,3832677068,55,80.0,74.79951639953904,0.0,100.0,38.852564105924756,100.0
1104054010601,3832677140,32,65.625,61.99380295475626,0.0,96.875,35.608837139754016,96.875
1104054010602,3832677103,40,67.5,63.47775096526847,0.0,98.41638707865256,37.17289785723091,98.41638707865256
1104054010701,3832677103,40,67.5,63.47775096526847,0.0,98.41638707865256,37.17289785723091,98.41638707865256
1104054010703,9009916688,27,96.29629629629629,96.29629629629629,0.0,96.29629629629629,28.476264190473714,96.29629629629629
1104054010702,3832677136,39,100.0,92.43679668682961,0.0,100.0,42.307010712869484,100.0
1104054010705,9009916695,28,100.0,92.65779938104563,0.0,100.0,40.9880368465753,100.0
1104054010704,2460188209,2,100.0,100.0,0.0,100.0,32.358460131425744,100.0
1104054010707,3832677103,40,67.5,63.47775096526847,0.0,98.41638707865256,37.17289785723091,98.41638707865256
1104054010706,9009916688,27,96.29629629629629,96.29629629629629,0.0,96.29629629629629,28.476264190473714,96.29629629629629
1104054020008,3832952868,44,54.54545454545454,51.29515229516644,0.0,100.0,38.85223543094455,100.0
1104054020009,3832677066,64,76.5625,71.95367298103679,0.0,100.0,38.47244355770139,100.0
1104054020010,3832677291,32,56.25,52.898125804390396,0.0,98.02048384831572,36.597106304481855,98.02048384831572
1104054020006,3832677058,62,70.96774193548387,66.93107623754543,0.0,100.0,37.106879619649995,100.0
1104054020007,3440267193,54,68.51851851851852,64.38040222764246,0.0,100.0,37.78371018833482,100.0
1104054020004,3832952887,33,63.63636363636363,58.76091026093148,0.0,100.0,40.228953056194996,100.0
1104054020005,3832952872,40,50.0,47.541958923219624,0.0,100.0,38.13135250830248,100.0
1104054020002,13543245071,56,100.0,100.0,0.0,100.0,29.571505120876548,100.0
1104054020003,3832677257,48,66.66666666666666,63.12857723796763,0.0,100.0,37.199962779153225,100.0
1104054020001,3832677099,51,100.0,92.63902137434754,0.0,100.0,41.68085182868104,100.0
1104054030001,3832903597,67,100.0,93.19619566264319,0.6623293456199901,100.0,40.58800667473169,99.33767065438
1104054030006,3832676317,66,100.0,100.0,0.6723646387354446,100.0,37.10501299053884,99.32763536126456
1104054030005,3832676320,62,83.87096774193549,80.41096857227396,0.715743002524828,100.0,36.58963735825575,99.28425699747517
1104054030004,436831391,42,100.0,100.0,0.0,100.0,29.571505120876548,100.0
1104054030003,4197392060,57,59.64912280701754,56.98330473331633,0.7785274764305148,100.0,36.52441004688869,99.22147252356949
1104054030002,3832903347,48,100.0,94.41354300731733,0.9245013782612362,100.0,39.322764956404534,99.07549862173876
1104054030104,3832676320,62,83.87096774193549,80.41096857227396,0.715743002524828,100.0,36.58963735825575,99.28425699747517
1104054030103,3832903628,63,100.0,94.60862563245863,0.7043820024847515,100.0,38.74068299778979,99.29561799751525
1104054030102,3832676320,62,83.87096774193549,80.41096857227396,0.715743002524828,100.0,36.58963735825575,99.28425699747517
1104054030101,3832676321,44,77.27272727272727,73.81928113179615,0.0,100.0,37.26088284294417,100.0
1104054040001,9083521251,72,48.61111111111111,45.631667381680344,0.6163342521741576,100.0,34.765902153685296,99.38366574782584
1104054040002,3832903321,75,44.0,41.61644501645539,0.5916808820871913,100.0,33.36120855323613,99.40831911791281
1104054040003,3832903635,76,43.42105263157895,41.53929869720163,0.583895607322886,100.0,37.8423233210995,99.41610439267711
1104054040201,10857081033,69,53.62318840579711,50.25512158122321,0.0,99.08196352385656,35.345022679437015,99.08196352385656
1104054040301,3832903120,74,39.189189189189186,37.37736529967048,0.599676569682964,100.0,33.39584835072637,99.40032343031703
1104054040302,3832903584,77,48.05194805194805,46.078550257130274,0.5763125474875239,100.0,36.34632070987041,99.42368745251248
1104054040501,3832903626,71,100.0,93.20183261735517,0.6250150162892866,100.0,39.62639679249605,99.37498498371072
1104054040502,3832903611,70,100.0,93.10471594046024,0.6339438022362763,100.0,39.521230947849354,99.36605619776373
1104055010004,3832902772,86,43.02325581395349,41.048508225842404,0.5160007692620854,100.0,38.234286568871774,99.48399923073791
1104055010001,3833006659,81,49.382716049382715,46.955021158735434,0.5478526685992512,100.0,38.045375115537276,99.45214733140075
1104055010003,3832902822,86,43.02325581395349,41.048508225842404,0.5160007692620854,100.0,33.67445867317334,99.48399923073791
1104055010002,3832903062,80,45.0,42.653688063073275,0.5547008269567418,100.0,33.709391871508096,99.44529917304325
1104055010005,3832903091,78,43.58974358974359,41.183269808280286,0.5689239250838377,100.0,32.61469619872478,99.43107607491616
1104055020009,6312216134,42,64.28571428571429,62.15754019326375,0.0,100.0,32.2420324413114,100.0
1104055020010,9809027078,56,44.642857142857146,42.567887402717865,0.7924297527953453,98.21428571428571,32.01412123214395,97.42185596149037
1104055020011,4632551827,36,100.0,93.54453858623336,1.2326685043483152,100.0,39.006313933720676,98.76733149565169
1104055020012,3832902845,68,100.0,92.63902137434754,0.652589208184402,100.0,41.8721351098066,99.3474107918156
1104055020006,1979127145,71,42.25352112676056,41.12049322965309,0.6250150162892866,98.21564741256627,30.3198527994237,97.59063239627699
1104055020007,3832902804,43,48.837209302325576,47.590000299308045,1.0320015385241708,100.0,35.842050953351226,98.96799846147583
1104055020004,4197387980,48,56.25,54.201632436016354,0.9245013782612362,100.0,35.95224581181589,99.07549862173876
1104055020005,3832902807,48,100.0,94.41354300731733,0.9245013782612362,100.0,38.66451678823085,99.07549862173876
1104055020002,4735613805,35,57.14285714285714,55.610571796292746,0.0,96.38031332263442,28.187585409406033,96.38031332263442
1104055020003,1945254550,42,100.0,100.0,0.0,100.0,36.30800046568069,100.0
1104055020001,4197392026,49,100.0,93.79789264485842,0.9056340031946805,100.0,39.44093988796932,99.09436599680532
1104055020014,3832897142,47,100.0,94.29468222023897,0.9441716203519008,100.0,38.423345411724995,99.0558283796481
1104055020008,4197392022,48,43.75,42.074062902195195,0.9245013782612362,100.0,37.58811809119831,99.07549862173876
1104055020201,4244222641,36,47.22222222222222,46.22907431241197,1.2326685043483152,97.22222222222221,34.50681650992629,95.9895537178739
1104055020301,3928116185,48,58.333333333333336,57.02982670170738,0.9245013782612362,98.6803225655438,29.517415940081715,97.75582118728256
1104055030002,6868623525,66,100.0,100.0,0.6723646387354446,100.0,33.2690569607553,99.32763536126456
1104055030001,13551152965,76,100.0,99.88239037910142,0.583895607322886,100.0,31.135600965541425,99.41610439267711
1104055030103,9083531581,88,48.86363636363637,47.44162912913532,0.5042734790515835,100.0,34.76419636065995,99.49572652094842
1104055030102,9083521282,72,68.05555555555556,66.06925973593505,0.6163342521741576,98.24043008739173,31.491283511112258,97.62409583521757
1104055030101,8332919083,96,53.125,51.54217051873991,0.4622506891306181,98.6803225655438,32.55917381913955,98.21807187641319
1104056010001,9483618374,77,58.44155844155844,55.53950286094407,0.5763125474875239,93.41875149569897,29.89498617908801,92.84243894821145
1104056010101,8431787751,87,56.32183908045977,53.65061366786667,0.5100697259372338,100.0,32.94273640897792,99.48993027406277
1104056010103,8431787766,92,60.86956521739131,57.95489200381774,0.4823485451797755,100.0,32.56984009378538,99.51765145482022
1104056010102,8431787733,98,53.06122448979592,51.23707526769546,0.45281700159734023,100.0,31.891144471469612,99.54718299840266
1104056010201,3832676325,76,77.63157894736842,75.0441672875996,0.0,93.33215612064238,30.870186628065905,93.33215612064238
1104056010202,2858053238,74,68.91891891891892,64.93290636197776,0.599676569682964,93.151944123903,32.44477952661511,92.55226755422002
1104056020006,3833113907,102,78.43137254901961,75.27666742373998,0.43505947212293467,100.0,36.97789709096451,99.56494052787707
1104056020004,1717109891,100,63.0,59.69281746033185,0.0,100.0,34.226490334185385,100.0
1104056020005,1717109884,104,65.38461538461539,62.89219611095696,0.0,100.0,36.402064381295176,100.0
1104056020002,3833114087,103,74.75728155339806,70.67862557427439,0.4308355937528091,100.0,37.48510349736792,99.5691644062472
1104056020003,3833114367,93,53.76344086021505,52.129552363430435,0.4771620016832188,100.0,30.13868032964569,99.52283799831677
1104056020001,3833114314,100,52.0,50.0335671385757,0.4437606615653934,100.0,36.27801762205938,99.55623933843461
1104056030007,3833006465,97,73.19587628865979,68.95708005503664,0.457485218108653,100.0,37.40211362263114,99.54251478189134
1104056030006,3833006533,99,39.39393939393939,38.1299329632718,0.896486184980593,100.0,37.21632408481837,99.10351381501941
1104056030005,3833006519,99,40.4040404040404,39.04974779975369,0.4482430924902965,100.0,37.544815189674,99.5517569075097
1104056030004,9083531541,84,47.61904761904761,45.91650834508718,0.5282865018635636,100.0,34.982220049751874,99.47171349813644
1104056030003,8495308966,87,67.81609195402298,64.117472151971,0.5100697259372338,100.0,37.12934514347785,99.48993027406277
1104056030002,4674043869,110,59.09090909090909,56.490667290678616,0.4034187832412667,100.0,31.488406633155808,99.59658121675874
1104056030001,9083531539,79,48.10126582278481,46.5172577641001,0.5617223564118904,100.0,34.53610143308402,99.43827764358811
1104056030108,2356306023,65,56.92307692307692,55.410436260442836,0.0,92.61435229040949,27.120124702648212,92.61435229040949
1104056030107,4636760143,67,67.16417910447761,65.1630601817256,0.6623293456199901,93.38191614959281,26.720009105784488,92.71958680397282
1104056030106,4636760130,76,65.78947368421053,62.96684278264455,0.583895607322886,94.1656366055621,28.665131173405026,93.58174099823921
1104056030105,4636760151,78,56.41025641025641,54.69134656635404,0.5689239250838377,94.31523566695793,28.03315791871028,93.7463117418741
1104056030104,4636760108,81,64.19753086419753,61.328436902523464,0.5478526685992512,94.52578249410763,29.824118291898746,93.97792982550838
1104056030103,4655066614,83,66.26506024096386,63.03433812471364,0.5346513994763776,94.65769134967131,29.710681036704504,94.12303995019494
1104056030102,4636760136,61,67.21311475409836,64.72210442293493,0.0,92.73095708233964,27.015130115929978,92.73095708233964
1104056030101,4636760141,61,67.21311475409836,64.86863444241513,0.0,92.73095708233964,26.890132907285125,92.73095708233964
1104057010001,3833113924,95,74.73684210526315,71.72603581025943,0.0,100.0,35.870689953216754,100.0
1104057010003,3833114126,85,62.35294117647059,59.829177076246886,0.0,100.0,33.86395739547888,100.0
1104057010002,3833114080,78,53.84615384615385,51.668868043877524,0.0,100.0,34.386831028252935,100.0
1104057010115,4639723023,73,68.4931506849315,63.84032075129991,0.0,98.26453378482474,37.684993750584056,98.26453378482474
1104057010114,4637843584,80,57.49999999999999,54.93022978336596,0.0,98.41638707865256,34.69070690115134,98.41638707865256
1104057010117,7991097578,67,56.71641791044776,53.78144349041149,0.0,98.10911889988367,34.69179971855767,98.10911889988367
1104057010116,4640923245,68,67.64705882352942,63.44078532315658,0.0,98.13692597488537,37.102603149398384,98.13692597488537
1104057010101,4640923221,70,57.14285714285714,54.716738677463525,0.0,98.19015666131722,33.780001377040826,98.19015666131722
1104057010103,4639723022,73,63.013698630136986,58.850640268466606,0.0,98.26453378482474,37.21928765369215,98.26453378482474
1104057010102,4637843577,83,56.62650602409639,54.47269127992958,0.0,98.47362609990608,34.23055682093023,98.47362609990608
1104057010105,4640923237,79,62.0253164556962,58.63101347280039,0.0,98.39634134547096,35.1458301334731,98.39634134547096
1104057010104,4640923232,65,56.92307692307692,54.17282117283314,0.0,98.05093794295699,35.38814150413251,98.05093794295699
1104057010107,4639723023,73,68.4931506849315,63.84032075129991,0.0,98.26453378482474,37.684993750584056,98.26453378482474
1104057010106,4640923230,50,44.0,41.13973401974647,0.0,97.46621932584411,36.29454113049791,97.46621932584411
1104057010119,4640923239,84,58.333333333333336,55.566707013147635,0.0,98.49179721776434,34.88357115689696,98.49179721776434
1104057010118,4640923217,60,53.333333333333336,50.50286179037411,0.0,97.88851610487009,34.615813150131075,97.88851610487009
1104057010108,4640923242,72,65.27777777777779,60.808612183631645,0.0,98.24043008739173,38.02720169320281,98.24043008739173
1104057010109,4640923250,70,65.71428571428571,61.24512012013957,0.0,98.19015666131722,37.91037720856965,98.19015666131722
1104057010111,4639723025,90,54.44444444444444,51.96157466991881,0.0,98.5923440699134,34.057967877951334,98.5923440699134
1104057010110,4639723027,74,63.51351351351351,59.16513617866862,0.0,98.28798603097574,37.4796980392485,98.28798603097574
1104057010113,4637862220,71,56.33802816901409,53.19072845482667,0.0,98.21564741256627,35.68287009053369,98.21564741256627
1104057010112,4640923218,84,57.14285714285714,54.80186564116154,0.0,98.49179721776434,34.11803683376676,98.49179721776434
1104057010201,4640923225,55,49.09090909090909,46.81569751570742,0.0,97.69656302349463,33.65627542672888,97.69656302349463
1104057020002,3833147120,76,46.05263157894737,44.5237065072658,0.0,100.0,31.367347109854,100.0
1104057020001,4697491689,90,51.11111111111111,49.42275966443368,0.0,100.0,30.30216350652276,100.0
1104057020104,4697513809,59,49.152542372881356,48.395056678958284,0.0,94.63182060560192,25.18272942894358,94.63182060560192
1104057020102,4697513812,56,48.214285714285715,47.25660737268297,0.0,94.34423956661631,25.3921370649801,94.34423956661631
1104057020103,4697514624,64,45.3125,44.334870026280534,0.0,95.05120962078927,26.672134639638582,95.05120962078927
1104057020101,4697513793,64,45.3125,44.334870026280534,0.0,95.05120962078927,26.672134639638582,95.05120962078927
1104057020202,4697491483,92,46.73913043478261,44.69885918528111,0.4823485451797755,96.5573632144621,29.90245624948353,96.07501466928233
1104057020203,4697491486,81,41.9753086419753,40.651111428894964,0.0,96.08984463864832,29.13390976939462,96.08984463864832
1104057020201,4697491482,83,43.373493975903614,41.973514392195185,0.0,96.18406524976521,28.74435272684457,96.18406524976521
1104057020306,4646375973,84,50.0,48.72309554452967,0.0,97.73769582664652,31.209239600251212,97.73769582664652
1104057020307,8214317351,79,53.16455696202531,49.54396711360312,0.0,97.59451201820643,35.95550880731031,97.59451201820643
1104057020304,8214317346,73,54.794520547945204,51.24367665122635,0.0,97.3968006772371,36.03397716783905,97.3968006772371
1104057020305,8214317371,74,52.702702702702695,49.92457273877401,0.0,97.43197904646361,34.237846251817174,97.43197904646361
1104057020302,8214317294,88,45.45454545454545,43.7278223840799,0.0,97.84052783452623,32.670318758276984,97.84052783452623
1104057020303,8214317195,70,41.42857142857143,39.89628608200704,0.0,97.28523499197584,32.55387958680093,97.28523499197584
1104057020301,4646375977,100,59.0,56.765417202926926,0.0,98.09966449438309,32.34780997717691,98.09966449438309
1104057020312,8214317358,70,58.57142857142858,54.996096096111664,0.0,97.28523499197584,36.10193110462575,97.28523499197584
1104057020313,8214317350,72,56.94444444444444,53.46842676010856,0.0,97.36064513108761,36.02611289079645,97.36064513108761
1104057020314,8214317241,71,47.88732394366197,45.99894411514951,0.0,96.80719670834091,33.02624625844906,96.80719670834091
1104057020315,8214317198,86,45.348837209302324,43.581957788360825,0.0,97.79030755160824,32.45674880250808,97.79030755160824
1104057020308,8214317241,71,47.88732394366197,45.99894411514951,0.0,96.80719670834091,33.02624625844906,96.80719670834091
1104057020309,8214317304,80,46.25,43.68022978336597,0.0,97.62458061797885,34.45565503304661,97.62458061797885
1104057020310,8214317367,70,55.714285714285715,52.649715021156936,0.0,97.28523499197584,35.23693625384956,97.28523499197584
1104057020311,8214317373,77,51.94805194805194,48.81383192098841,0.0,97.53203181088712,34.867348037165826,97.53203181088712
1104057020403,4697491695,89,65.1685393258427,63.46121763819137,0.0,100.0,33.315684599244946,100.0
1104057020401,4697491689,90,51.11111111111111,49.42275966443368,0.0,100.0,30.30216350652276,100.0
1104057020402,4697491695,89,65.1685393258427,63.46121763819137,0.0,100.0,33.315684599244946,100.0
1104058010001,7613988478,18,100.0,100.0,2.4653370086966304,100.0,32.57896842631495,97.53466299130336
1104058010106,4697491754,62,58.06451612903226,56.91118307247842,0.0,92.84819971004384,26.250575166294656,92.84819971004384
1104058010101,4697491761,56,60.71428571428571,59.27776820188159,0.0,92.08193539326282,25.767361112579835,92.08193539326282
1104058010103,4697491745,55,63.63636363636363,62.49875784876279,0.0,91.93797058223124,25.187927182875562,91.93797058223124
1104058010102,7838649561,63,68.25396825396825,67.11894207132795,0.0,100.0,27.880311675301815,100.0
1104058010105,4697491734,57,64.91228070175438,63.50096525097139,0.0,92.22084880741612,25.65283235122825,92.22084880741612
1104058010104,4697491757,57,57.89473684210527,56.64023421918705,0.0,92.22084880741612,25.35858368062176,92.22084880741612
1104058010107,4697491735,54,62.96296296296296,61.96981505315271,0.0,91.78867374116145,24.955253138988226,91.78867374116145
1104058010201,4697491696,75,73.33333333333333,71.78402259402932,0.5916808820871913,94.08784509363623,25.991444583915722,93.49616421154904
1104058010202,4697491701,73,72.6027397260274,71.25586790313403,0.6078913172128676,93.42373834077556,25.48905912779884,92.8158470235627
1104058020004,1717113976,86,50.0,48.440988746228086,0.0,100.0,30.720215696571813,100.0
1104058020005,1717115957,86,48.837209302325576,47.27819804855366,0.0,98.83720930232558,30.755750126364592,98.83720930232558
1104058020002,1717114445,86,52.32558139534884,50.66263605799214,0.0,100.0,28.61607688580249,100.0
1104058020003,1717113281,85,50.588235294117645,48.90572589396851,0.0,98.82352941176471,30.52712659124392,98.82352941176471
1104058020001,1717115788,87,56.32183908045977,54.883486935217334,0.0,100.0,29.78663013422177,100.0
1104058020102,1708191446,63,92.06349206349206,91.779735517832,0.0,98.99453147850956,28.26092458649193,98.99453147850956
1104058020101,1708191159,46,89.13043478260869,88.74181168746554,0.0,98.62294528578484,27.4422127228562,98.62294528578484
1104058020201,1708102182,93,65.59139784946237,64.63028696900082,0.0,91.82651395433582,25.707182541038353,91.82651395433582
1104058020202,1708118865,93,55.91397849462365,54.47231217393134,0.0,99.31887616286132,29.704871720876607,99.31887616286132
1104058020203,1708088445,83,60.24096385542169,58.41022132287989,0.0,90.84175659943652,27.079953060755113,90.84175659943652
1104058020304,1708114584,49,100.0,96.71653140021917,0.0,100.0,32.86749489119272,100.0
1104058020302,1708118192,78,100.0,96.10380435382132,0.0,100.0,33.60127080410658,100.0
1104058020303,1708113705,61,100.0,97.06939961039598,0.0,100.0,31.81199841392362,100.0
1104058020301,8495379222,46,100.0,96.69670369128329,0.0,100.0,33.06574024859635,100.0
1104058030003,1708135891,70,88.57142857142857,88.06066678924043,0.0,100.0,32.46391478074522,100.0
1104058030002,1708130109,67,85.07462686567165,84.80781100930471,0.0,100.0,32.16109659092174,100.0
1104058030001,1708151542,73,89.04109589041096,88.79621010443034,0.0,100.0,32.742088345005605,100.0
1104058030105,4697502660,62,90.32258064516128,90.32258064516128,0.0,98.97831424429198,29.31626001415252,98.97831424429198
1104058030104,4697502654,58,89.65517241379311,89.50106325537428,0.0,98.90785315769142,30.417447368917767,98.90785315769142
1104058030103,1708192432,56,91.07142857142857,90.75220245756098,0.0,98.86884791332326,27.801211949912084,98.86884791332326
1104058030102,8214317146,57,92.98245614035088,92.98245614035088,0.0,98.88869268677372,28.94577162888716,98.88869268677372
1104058030101,4697502644,50,92.0,92.0,0.0,98.73310966292205,28.56336075710434,98.73310966292205
1104058030106,8214317147,67,92.53731343283582,92.53731343283582,0.0,99.05455944994183,29.435303557191343,99.05455944994183
1104059010001,8598787935,75,80.0,73.80275704278401,0.0,96.13288599251078,39.15252327201512,96.13288599251078
1104059020004,3849606102,75,76.0,70.51782353784739,0.0,100.0,40.81542358700384,100.0
1104059020005,8598785464,54,77.77777777777779,72.64651357709147,0.0,95.30781356637797,37.07767006066789,95.30781356637797
1104059020002,3849606136,47,80.85106382978722,75.52610056867692,0.0,100.0,40.56899187659328,100.0
1104059020003,3849606114,53,79.24528301886792,74.01720251250829,0.0,100.0,40.25951913713436,100.0
1104059020001,3849606064,79,77.21518987341773,71.78430510078445,0.0,98.73417721518987,40.20160554345241,98.73417721518987
1104059020301,8598787931,68,76.47058823529412,71.08130031294142,0.0,96.27385194977074,37.61752057599564,96.27385194977074
1104059030002,10117694181,94,55.319148936170215,53.03702182426581,0.0,100.0,31.4141848323285,100.0
1104059030001,3833145730,91,91.20879120879121,87.86919494063805,0.0,100.0,36.05133758606988,100.0
1104059030103,3833145714,85,90.58823529411765,87.22321649381938,0.0,100.0,35.87207309066929,100.0
1104059030102,8495257895,97,100.0,100.0,0.0,100.0,29.571505120876548,100.0
1104059030101,3807096506,93,95.6989247311828,92.04670338542897,0.0,98.9247311827957,33.42373667235131,98.9247311827957
1104059030207,8214316991,71,64.7887323943662,61.89321665731378,0.0,89.29388447539762,29.579231221657974,89.29388447539762
1104059030205,8214317012,83,72.28915662650603,70.35072335675589,0.0,90.84175659943652,28.237417605630437,90.84175659943652
1104059030204,8214316859,76,60.526315789473685,56.52758867892187,0.0,89.99823418096356,33.885269371801,89.99823418096356
1104059030203,8214316859,76,60.526315789473685,56.52758867892187,0.0,89.99823418096356,33.885269371801,89.99823418096356
1104059030202,8214317025,85,70.58823529411765,68.16962803140326,0.0,91.05724467944978,29.262790354503284,91.05724467944978
1104059030201,8214316960,68,64.70588235294117,60.499608852568336,0.0,88.82155584931223,31.839928352896216,88.82155584931223
1104059030213,8214317072,67,71.64179104477611,66.97251355835478,0.0,88.65471339930197,33.98772459917902,88.65471339930197
1104059030212,8214316856,70,60.0,55.6585248514009,0.0,89.14093996790331,33.46659181719012,89.14093996790331
1104059030209,8214316974,73,64.38356164383562,60.46538906814585,0.0,89.08507280283737,31.617678895176894,89.08507280283737
1104059030208,4646012770,83,60.24096385542169,56.36409731592143,0.0,90.40012427237504,34.049517971917844,90.40012427237504
1104059030211,8214316979,64,62.5,58.44981868030506,0.0,88.12290308989424,31.328203117082566,88.12290308989424
1104059030210,8214316987,77,67.53246753246754,64.86257639830231,0.0,90.12812724354846,29.00125017024872,90.12812724354846
1104062010001,3807096256,69,100.0,94.42973563628162,0.0,100.0,40.47289509145622,100.0
1104062010003,3807096410,66,100.0,93.90568328070981,0.0,100.0,40.0712073576783,100.0
1104062010002,3807096449,83,100.0,95.04622608841632,0.0,100.0,39.354149305470436,100.0
1104062010004,3807096468,76,98.68421052631578,93.1565583440824,0.0,100.0,40.22643694535848,100.0
1104062010101,3807096338,67,98.50746268656717,93.03773763104502,0.0,100.0,39.12001477670952,100.0
1104062020002,3807096040,57,94.73684210526315,90.65970858077895,0.0,100.0,37.67364740951783,100.0
1104062020001,13233950654,67,95.52238805970148,92.72082156784867,0.0,100.0,32.28828510308648,100.0
1104062020201,8142947268,56,94.64285714285714,90.49291766257858,0.0,100.0,37.268841190718206,100.0
1104062030003,3807096345,78,91.02564102564102,86.78566341068186,0.0,98.37578161913083,36.25495964590867,98.37578161913083
1104062030002,3807096351,80,92.5,88.36602182541482,0.0,100.0,38.34197889785485,100.0
1104062030001,7276110364,45,100.0,100.0,0.0,100.0,29.571505120876548,100.0
1104062030109,3807096220,69,88.40579710144928,84.00140202316032,0.0,98.16392704771312,35.746283377982266,98.16392704771312
1104062030108,3807096262,73,89.04109589041096,84.51070884976966,0.0,98.26453378482474,36.08544773441626,98.26453378482474
1104062030107,3807096288,80,96.25,91.6691052660002,0.0,97.16638707865256,37.48309731107786,97.16638707865256
1104062030106,3807096290,81,97.53086419753086,93.00652371950636,0.0,98.76543209876543,38.45933357627463,98.76543209876543
1104062030105,3851468331,33,90.9090909090909,89.28393978394686,0.0,94.24140755873661,35.00593071796731,94.24140755873661
1104062030104,5062336386,72,95.83333333333334,92.48145913772373,0.0,96.85154119850286,37.51355249220911,96.85154119850286
1104062030103,5062336386,72,95.83333333333334,92.48145913772373,0.0,96.85154119850286,37.51355249220911,96.85154119850286
1104062030102,4201516964,70,100.0,96.16928663358902,0.0,100.0,39.27846245431495,100.0
1104062030101,3807095985,43,93.02325581395348,91.56817864376637,0.0,95.58061510321646,36.30898240128808,95.58061510321646
1104062030205,8168240298,61,86.88524590163934,83.2219954146343,0.0,97.92313059495419,32.675898336214765,97.92313059495419
1104062030204,8168240324,37,81.08108108108108,76.73270374623618,0.0,96.5759720619515,33.01410243322977,96.5759720619515
1104062030203,8168240316,53,84.90566037735849,81.70135297023484,0.0,97.60964087343784,31.19315629422659,97.60964087343784
1104062030202,3807095897,25,88.0,85.85480051480985,0.0,100.0,37.89340634949442,100.0
1104062030201,8168240313,40,82.5,78.47775096526847,0.0,96.83277415730512,32.078037479297684,96.83277415730512
1104062030303,8168240444,60,86.66666666666667,83.2403063778213,0.0,97.88851610487009,33.05706952408222,97.88851610487009
1104062030302,3807096220,69,88.40579710144928,84.00140202316032,0.0,98.16392704771312,35.746283377982266,98.16392704771312
1104062030301,3807096446,79,89.87341772151899,86.13968444033361,0.0,100.0,35.096762727806144,100.0
1104065010001,4652841537,50,86.0,79.56440154442956,0.0,100.0,40.83287906663339,100.0
1104065010002,4179011694,58,82.75862068965517,76.28603603606422,0.0,98.27586206896551,40.836576596488975,98.27586206896551
1104065010101,2442096595,65,56.92307692307692,53.34774444776001,0.0,99.02546897147852,38.122552951654406,99.02546897147852
1104065010201,436839066,64,65.625,61.29549583067092,0.0,98.4375,39.24147205150907,98.4375
1104065020004,732242060,51,80.3921568627451,76.01062196652339,0.0,100.0,36.10276223226564,100.0
1104065020002,9081846734,51,80.3921568627451,75.13431498727905,0.0,100.0,39.006174350412984,100.0
1104065020003,4179011692,54,81.48148148148148,76.01916797752509,0.0,100.0,39.343786972866674,100.0
1104065020001,8319137361,45,80.0,76.22603794272104,0.0,100.0,35.62838399139846,100.0
1104065020101,4655177244,53,81.13207547169812,76.07264272360814,0.0,100.0,38.757149656210046,100.0
1104065020201,9497242890,46,71.73913043478261,68.24152257849433,0.0,100.0,37.331327922040025,100.0
1104065020202,9497242893,42,78.57142857142857,74.10226297728244,0.0,100.0,37.70956381937748,100.0
1104065020302,4179011703,54,81.48148148148148,76.68126658406526,0.0,100.0,37.15979926395972,100.0
1104065020301,4179354324,56,82.14285714285714,76.87562626404204,0.0,100.0,38.573767841266466,100.0
1104065030006,8450140846,37,94.5945945945946,86.86414599931479,0.0,100.0,43.52919452328755,100.0
1104065030005,8450140846,37,94.5945945945946,86.86414599931479,0.0,100.0,43.52919452328755,100.0
1104065030004,4179354344,52,96.15384615384616,89.27820677823672,0.0,100.0,41.36934972116199,100.0
1104065030003,3854893950,55,100.0,93.3368803869094,0.0,100.0,41.36469543518755,100.0
1104065030002,9577082240,34,94.11764705882352,87.80823680826427,0.0,100.0,39.98741468381854,100.0
1104065030001,4963715642,24,91.66666666666666,90.54937526813012,0.0,100.0,28.258505990844366,100.0
1104065030101,3856575370,37,100.0,99.7584234813975,1.199353139365928,100.0,33.800648736266695,98.80064686063407
1104065030201,4179354333,47,95.74468085106383,88.70812225602523,0.0,100.0,41.497722552000354,100.0
1104065040004,4179354361,53,98.11320754716981,90.69270618330452,0.0,100.0,42.44763167000842,100.0
1104065040005,9081846558,47,78.72340425531915,74.9198590688118,0.0,100.0,35.20910822453381,100.0
1104065040001,4179354316,53,96.22641509433963,89.64915252182266,0.0,100.0,40.96069699335825,100.0
1104065040002,4179354359,63,100.0,93.04796463132823,0.0,100.0,41.8664170464242,100.0
1104065040003,3854893930,63,100.0,92.90608635849819,0.0,100.0,42.06575261150676,100.0
1104065040101,8498422127,48,79.16666666666666,75.81479247105705,0.0,100.0,35.36869915555548,100.0
1104065040102,9081846569,52,80.76923076923077,75.61250123752369,0.0,100.0,38.89139184878494,100.0
1104065040103,9081846558,47,78.72340425531915,74.9198590688118,0.0,100.0,35.20910822453381,100.0
1104065040201,4179009448,55,81.81818181818183,76.94272844274968,0.0,98.18181818181819,36.85214543746158,98.18181818181819
1104065040202,9081846578,51,80.3921568627451,75.83536057067452,0.0,100.0,36.3658235540977,100.0
1104066010003,3856575602,36,75.0,73.75856511273719,1.2326685043483152,100.0,29.898946422101943,98.76733149565169
1104066010002,5687414053,38,55.26315789473685,53.38140396035952,0.0,100.0,36.24025114609548,100.0
1104066010005,3856575590,32,53.125,51.449062902195195,0.0,100.0,36.79430567838275,100.0
1104066010004,3856575565,39,46.15384615384615,44.54953029953728,0.0,100.0,35.38185518506004,100.0
1104066010007,3856575613,39,66.66666666666666,64.60397485398383,0.0,100.0,34.59099189593152,100.0
1104066010006,3856575560,50,48.0,45.85480051480985,0.0,100.0,35.494773859304,100.0
1104066010009,2551966253,35,68.57142857142857,67.29452411595824,1.2678876044725527,100.0,31.183688484054453,98.73211239552745
1104066010008,3856575454,31,41.935483870967744,40.49381755027544,0.0,100.0,35.34851069808368,100.0
1104066010010,3856575611,34,67.64705882352942,66.0697062608896,0.0,100.0,32.8604779625516,100.0
1104066010001,8497861056,46,97.82608695652173,97.82608695652173,0.964697090359551,98.62294528578484,28.505536067615086,97.65824819542529
1104066010104,5687414075,33,63.63636363636363,62.01121251121958,0.0,100.0,33.38300165231908,100.0
1104066010101,5687414061,30,60.0,58.212333762341544,0.0,100.0,34.31440152268426,100.0
1104066010103,5687414074,33,66.66666666666666,65.04151554152261,0.0,100.0,32.82906462847503,100.0
1104066010102,5687414064,32,62.5,60.54474005256106,0.0,100.0,35.825280621873574,100.0
1104066010201,3856575561,43,46.51162790697674,44.64081440245045,0.0,100.0,35.985089941156524,100.0
1104066010202,3856575572,43,51.162790697674424,49.49984536031772,0.0,100.0,34.85985093355338,100.0
1104066010401,3856575588,30,46.666666666666664,45.17694480195128,0.0,100.0,36.68000922958171,100.0
1104066010402,3856575582,31,54.83870967741935,53.10871009258859,0.0,100.0,36.12545177378696,100.0
1104066010501,3856575559,52,46.15384615384615,43.91926335677309,0.0,100.0,36.801072288446065,100.0
1104066010601,8498915641,45,48.888888888888886,46.50533390534427,0.0,100.0,36.54801027912049,100.0
1104066020006,436855774,37,100.0,100.0,1.199353139365928,100.0,29.020697894165608,98.80064686063407
1104066020007,3856575201,36,100.0,99.75171302254743,0.0,100.0,34.92141071387262,100.0
1104066020004,11236756283,27,100.0,98.67580278691966,0.0,100.0,30.859634192748217,100.0
1104066020005,3856575373,37,100.0,99.7584234813975,1.199353139365928,100.0,33.800648736266695,98.80064686063407
1104066020002,3856575251,41,100.0,99.34597576671032,0.0,100.0,32.39595853487044,100.0
1104066020003,3856575357,39,100.0,99.31243606243905,0.0,100.0,32.402747848763994,100.0
1104066020001,3856575173,37,100.0,100.0,3.5980594180977854,100.0,29.862392555581938,96.40194058190221
1104066020008,3856575391,41,100.0,99.78199192223678,0.0,100.0,35.06878716393687,100.0
1104066020101,3856575176,36,100.0,98.75856511273719,0.0,100.0,31.22846974654238,100.0
1104066030002,4179009475,43,79.06976744186046,75.53600859997746,0.0,100.0,37.26499002985257,100.0
1104066030001,2551966245,59,47.45762711864407,44.27618720416716,0.0,98.92636412112039,39.094991330142356,98.92636412112039
1104066030101,4179011715,55,54.54545454545454,51.29515229516644,0.0,100.0,39.00265772778847,100.0
1104067010001,2551966228,56,44.642857142857146,40.65253071951238,0.0,98.21428571428571,39.23709409428284,98.21428571428571
1104067010003,3854893920,63,50.79365079365079,46.39542433591967,0.0,100.0,39.36063672235339,100.0
1104067010002,2442109153,69,52.17391304347826,48.02860002861807,0.0,100.0,39.59721625925859,100.0
1104067010101,4652843025,64,57.8125,54.320964379573326,0.0,99.01024192415785,37.861387386407706,99.01024192415785
1104067010102,4652843026,64,59.375,55.46448010512213,0.0,98.4375,37.79209959295388,98.4375
1104067020002,4179264084,53,43.39622641509434,39.6859757331617,0.0,100.0,42.54008165263715,100.0
1104067020003,3785495802,51,41.17647058823529,37.67124267125793,0.0,100.0,40.04668477668557,100.0
1104067020001,3714679940,50,40.0,36.78220077221478,0.0,100.0,39.40747337504156,100.0
1104067020006,9561832599,43,30.23255813953488,28.36174463500859,0.0,100.0,41.34246201930282,100.0
1104067020004,3846729630,54,38.88888888888889,35.57839585618805,0.0,100.0,38.04540429617804,100.0
1104067020005,9561832600,41,41.46341463414634,38.84731770098762,0.0,100.0,40.65676015196788,100.0
1104067020101,4179264077,53,41.509433962264154,38.13647879687085,0.0,100.0,39.843275170082286,100.0
1104067030009,4179264057,48,77.08333333333334,70.75201540829298,0.0,100.0,42.76619895732119,100.0
1104067030012,4664731636,52,44.230769230769226,40.2772765897938,0.0,100.0,42.83985104753377,100.0
1104067030011,3846729642,52,100.0,92.26490570243936,0.0,100.0,43.76417576221202,100.0
1104067030007,4148031678,52,53.84615384615385,49.376988252007706,0.0,98.07692307692307,41.426891904727874,98.07692307692307
1104067030006,601728847,17,100.0,100.0,0.0,100.0,29.571505120876548,100.0
1104067030005,8502320521,39,97.43589743589743,89.87269412272704,0.0,100.0,43.56881030990941,100.0
1104067030004,4179264043,32,100.0,91.06166881170772,0.0,100.0,45.74993997601746,100.0
1104067030002,4179264026,46,95.65217391304348,87.87971201018064,0.0,100.0,43.63055227924033,100.0
1104067030001,8502320522,38,100.0,92.47298426249071,0.0,100.0,43.44946039037969,100.0
1104067030008,4179264034,47,100.0,91.82237784900919,0.0,100.0,44.46238864942803,100.0
1104067030010,3846729653,46,89.13043478260869,81.74659597488898,0.0,97.82608695652173,42.86673406168973,97.82608695652173
1104067030201,8502294693,43,97.67441860465115,92.26984625824187,0.0,97.67441860465115,39.96388624199679,97.67441860465115
1104067030401,4179264050,33,78.78787878787878,72.28727428730258,0.0,100.0,42.90891092370354,100.0
1104067030501,3846729644,39,82.05128205128204,75.1756426756726,0.0,100.0,42.90357141906285,100.0
1104067040006,4179349685,47,100.0,91.44202333035845,0.0,100.0,45.09277974221211,100.0
1104067040001,4179349666,49,95.91836734693877,87.70969584748667,0.0,100.0,44.68409215175015,100.0
1104067040002,4179354314,55,98.18181818181819,89.89354744358353,0.0,100.0,44.15778046429832,100.0
1104067040003,4179349663,41,95.1219512195122,86.8376442645096,0.0,100.0,44.10540926751538,100.0
1104067040004,4179265292,58,98.27586206896551,90.41629498960506,0.0,98.27586206896551,42.611782488085595,98.27586206896551
1104067040005,436823611,52,100.0,91.74923274926866,0.0,100.0,44.581484928097126,100.0
1104067040201,4179349663,41,95.1219512195122,86.8376442645096,0.0,100.0,44.10540926751538,100.0
1104068010004,3846108111,31,41.935483870967744,41.35881734269083,0.0,100.0,33.480361787934385,100.0
1104068010006,3846108095,46,41.30434782608695,39.36123235037124,0.0,100.0,36.336851469286664,100.0
1104068010001,4179132967,27,44.44444444444444,43.45129653463419,0.0,100.0,35.36836166086391,100.0
1104068010003,12866013678,34,41.17647058823529,40.38779430691538,0.0,100.0,32.38065482472246,100.0
1104068010002,3846108101,29,37.93103448275862,37.314597849083285,0.0,100.0,33.367608616759455,100.0
1104068010005,3846108094,34,38.23529411764706,36.65794155500724,0.0,100.0,35.54296381010098,100.0
1104068010101,3846108095,46,41.30434782608695,39.36123235037124,0.0,100.0,36.336851469286664,100.0
1104068010103,2006019923,37,35.13513513513514,33.68567602352017,0.0,100.0,36.21327637869287,100.0
1104068010102,436855717,44,25.0,23.577992765498955,0.0,100.0,37.031363975643224,100.0
1104068010104,3846108094,34,38.23529411764706,36.65794155500724,0.0,100.0,35.54296381010098,100.0
1104068010201,3846108093,52,36.53846153846153,33.78820578821775,0.0,100.0,37.45423000090449,100.0
1104068010203,3846108099,47,36.17021276595745,33.697908394727676,0.0,100.0,36.65817746868056,100.0
1104068010202,4670268514,44,45.45454545454545,43.6262504387584,0.0,100.0,35.79347339375731,100.0
1104068010301,5856100565,42,50.0,48.51027813528462,0.0,100.0,33.4237352242968,100.0
1104068020002,3846107070,46,32.608695652173914,30.471268628886627,0.0,100.0,37.00811407423308,100.0
1104068020001,3785500256,30,13.333333333333334,13.035388960390257,0.0,100.0,36.34974194919174,100.0
1104068020101,9584243076,30,16.666666666666664,16.368722293723586,0.0,95.77703220974017,29.89150696140121,95.77703220974017
1104068020301,3846107080,38,36.84210526315789,34.96035132878057,0.0,100.0,34.93313606008443,100.0
1104068030003,3856575402,62,37.096774193548384,34.93427471250993,0.0,100.0,36.30028233803791,100.0
1104068030002,3856575400,69,50.72463768115942,47.35657085658552,0.0,100.0,37.26203965087577,100.0
1104068030001,3856575427,65,52.307692307692314,49.14489819491197,0.0,100.0,39.20192169256294,100.0
1104068030101,3856575398,70,52.85714285714286,49.40950082737298,0.0,100.0,36.96164372405246,100.0
1104068040001,9579795294,50,30.0,27.854800514809853,0.0,100.0,42.24157914680055,100.0
1104069010009,10246831341,6,100.0,91.06166881170772,0.0,100.0,45.74993997601746,100.0
1104069010008,4177457006,21,23.809523809523807,23.3838889910337,0.0,100.0,40.70037640463495,100.0
1104069010006,4177453108,16,12.5,11.382708601463465,0.0,100.0,44.22180338389437,100.0
1104069010001,4177445754,14,14.285714285714285,13.647262057979122,0.0,100.0,36.631786962123286,100.0
1104069010003,5977768718,18,94.44444444444444,86.99583512086754,0.0,100.0,43.495216677437675,100.0
1104069010002,4177456383,16,12.5,11.382708601463465,0.0,100.0,44.22180338389437,100.0
1104069010005,7856245543,10,0.0,0.0,0.0,100.0,36.56451295387609,100.0
1104069010004,4177445701,9,100.0,91.06166881170772,0.0,100.0,45.74993997601746,100.0
1104069010007,4177457002,20,100.0,91.95550193053694,0.0,100.0,44.24828917066953,100.0
1104069010012,4177453109,16,12.5,11.941354300731732,0.0,100.0,43.26695385782366,100.0
1104069010011,4177456380,17,11.76470588235294,10.71313750725973,0.0,100.0,44.27924577500762,100.0
1104069010014,5978080087,16,25.0,23.882708601463463,0.0,100.0,41.52239563908954,100.0
1104069010013,436761711,1,100.0,100.0,0.0,100.0,39.339978012641744,100.0
1104069010010,4177445759,13,15.384615384615385,14.697051447054442,0.0,100.0,42.83319219614654,100.0
1104069010101,4177445735,12,8.333333333333332,7.588472400975642,0.0,100.0,38.13975003403039,100.0
1104069010102,2135106296,11,100.0,91.06166881170772,0.0,100.0,45.74993997601746,100.0
1104069010201,7856245589,16,6.25,5.691354300731732,0.0,100.0,36.07834244644285,100.0
1104069010202,7856245582,16,12.5,11.941354300731732,0.0,100.0,34.990979696186486,100.0
1104069020001,4177451183,28,96.42857142857143,92.27863194829287,0.0,100.0,39.53477024899691,100.0
1104069020004,5977768719,26,96.15384615384616,90.99711662213907,0.0,100.0,40.43684144445114,100.0
1104069020005,9994039375,29,96.55172413793103,96.55172413793103,0.0,96.55172413793103,32.40923836340074,96.55172413793103
1104069020002,4177453103,23,100.0,93.00478428742343,0.0,100.0,42.68626251099694,100.0
1104069020003,4177453123,23,100.0,93.00478428742343,0.0,100.0,42.68626251099694,100.0
1104070010004,3800707877,11,27.27272727272727,25.64757614758322,0.0,100.0,29.69754843232483,100.0
1104070010001,1859641598,1,100.0,100.0,0.0,100.0,29.571505120876548,100.0
1104070010003,9925220556,8,12.5,12.5,0.0,76.24580617978849,21.290378479369473,76.24580617978849
1104070010002,4946570018,7,100.0,100.0,0.0,100.0,31.65965412617099,100.0
1104070020025,3800707857,17,70.58823529411765,68.48509854393123,0.0,100.0,31.305703652327548,100.0
1104070020022,3832604888,16,68.75,67.63270860146346,0.0,100.0,29.75434046276304,100.0
1104070020023,3832604919,16,68.75,67.63270860146346,0.0,100.0,29.75434046276304,100.0
1104070020020,3800708038,16,81.25,79.5740629021952,0.0,100.0,29.863389126870434,100.0
1104070020021,3800707859,17,70.58823529411765,69.01088273147784,0.0,100.0,30.834361669220936,100.0
1104070020008,3800707835,17,70.58823529411765,69.01088273147784,0.0,100.0,30.834361669220936,100.0
1104070020009,3800707934,17,70.58823529411765,69.01088273147784,0.0,100.0,30.834361669220936,100.0
1104070020016,2135060915,11,81.81818181818183,81.81818181818183,0.0,100.0,26.553645587493403,100.0
1104070020017,3800707971,17,70.58823529411765,69.53666691902444,0.0,100.0,29.91249155080355,100.0
1104070020014,3800707930,28,82.14285714285714,79.90827434578406,0.0,100.0,33.809319852177744,100.0
1104070020015,2135060915,11,81.81818181818183,81.81818181818183,0.0,100.0,26.553645587493403,100.0
1104070020012,11898016217,16,68.75,67.63270860146346,0.0,100.0,30.28664063743525,100.0
1104070020013,4173472990,17,70.58823529411765,69.01088273147784,0.0,100.0,30.29222437061581,100.0
1104070020010,3800707974,17,70.58823529411765,69.01088273147784,0.0,100.0,30.834361669220936,100.0
1104070020011,3832604886,16,68.75,67.63270860146346,0.0,100.0,30.28664063743525,100.0
1104070020024,3832604892,15,80.0,78.21233376234154,0.0,100.0,30.18223198431723,100.0
1104070020019,2135060890,3,100.0,100.0,0.0,100.0,30.872270004019025,100.0
1104070020018,3832604953,7,57.14285714285714,54.589048231916486,0.0,100.0,35.05519933171831,100.0
1104070020001,3832604940,12,58.333333333333336,56.84361146861795,0.0,100.0,32.18399391856531,100.0
1104070020006,2460191651,4,50.0,45.53083440585386,0.0,100.0,42.82735473581393,100.0
1104070020007,3832604884,15,80.0,77.6164450164554,0.0,100.0,31.98747259943813,100.0
1104070020004,3832604882,17,70.58823529411765,68.48509854393123,0.0,100.0,32.5638200146979,100.0
1104070020005,4173480350,17,70.58823529411765,68.48509854393123,0.0,100.0,32.5638200146979,100.0
1104070020002,3800707905,25,100.0,96.0671342771514,0.0,100.0,33.59430367569375,100.0
1104070020003,6856237218,6,83.33333333333334,83.33333333333334,0.0,100.0,25.66133631313036,100.0
1104070020301,3800707960,16,68.75,67.63270860146346,0.0,100.0,30.28664063743525,100.0
1104071010001,3832952799,55,49.09090909090909,47.30324285325064,0.0,100.0,36.256949541489654,100.0
1104071010002,9482027331,55,56.36363636363636,52.78830388831945,0.0,100.0,35.01365475956611,100.0
1104071010201,3832952799,55,49.09090909090909,47.30324285325064,0.0,100.0,36.256949541489654,100.0
1104071010303,8113837637,34,17.647058823529413,16.595490448436202,0.0,100.0,29.63727065796889,100.0
1104071010302,9739851483,42,35.714285714285715,33.58611162183517,0.0,96.9835944355287,29.39877864415255,96.9835944355287
1104071010305,9740314297,37,27.027027027027028,25.094414878207076,0.0,96.5759720619515,29.79843702933742,96.5759720619515
1104071010304,9739851477,45,42.22222222222222,39.64003765671556,0.0,97.18468813982678,30.239182644943707,97.18468813982678
1104071010307,9740314286,39,33.33333333333333,31.04145354146351,0.0,96.75156323826167,29.81964189809444,96.75156323826167
1104071010306,9740314274,49,48.97959183673469,46.243368003583996,0.0,97.41450951616744,29.77690262165111,97.41450951616744
1104071010301,9740314272,45,48.888888888888886,46.108074741420175,0.0,97.18468813982678,30.10024292181836,97.18468813982678
1104071020001,2135148783,27,14.814814814814813,13.490617601734476,0.0,100.0,29.139123815333512,100.0
1104071020002,8591832213,33,36.36363636363637,35.55106080106434,0.0,86.56328430371875,21.02315919420205,86.56328430371875
1104071020003,6040902785,23,21.73913043478261,20.961884244496325,0.0,79.12751734246156,20.233493178785434,79.12751734246156
1104071020103,8442360794,23,13.043478260869565,11.877608975440136,0.0,80.72123400098776,22.839951840254503,80.72123400098776
1104071020101,7301136002,23,17.391304347826086,16.225435062396656,0.0,80.72123400098776,21.775327830794698,80.72123400098776
1104071020106,9214740288,23,17.391304347826086,16.225435062396656,0.0,80.72123400098776,21.775327830794698,80.72123400098776
1104071020104,8357189273,24,20.833333333333336,19.7160419347968,0.0,81.52451591761327,21.349141557098932,81.52451591761327
1104071020105,6040903182,22,18.181818181818183,17.369242619246158,0.0,79.8449264555781,20.318906743524952,79.8449264555781
1104071020102,8442364517,25,16.0,14.927400257404926,0.0,82.26353528090874,22.89947813491266,82.26353528090874
1104071020204,6040903189,32,21.875,20.478385751829332,0.0,86.14338693820996,25.306590498021265,86.14338693820996
1104071020205,8615050366,30,30.0,29.106166881170772,0.0,85.21961273409062,21.359460765116,85.21961273409062
1104071020202,8591866823,31,32.25806451612903,31.39306472371365,0.0,100.0,24.756764393970126,100.0
1104071020203,6040903176,32,15.625,14.507708601463465,0.0,84.99790308989424,26.012482211655257,84.99790308989424
1104071020201,8615050346,38,47.368421052631575,46.89798256903725,0.0,88.33127321112418,20.970047169013345,88.33127321112418
1104071020208,6040903221,29,31.03448275862069,29.801609491270032,0.0,84.70994420767994,21.448620452473158,84.70994420767994
1104071020206,6040903169,29,20.689655172413794,19.7650002219008,0.0,84.70994420767994,23.066722812857535,84.70994420767994
1104071020207,6040903219,33,30.303030303030305,29.490454740458276,0.0,86.56328430371875,22.324984814801432,86.56328430371875
1104071030001,8449830059,29,10.344827586206897,9.728390952531567,0.0,91.26282526153139,26.85412242614536,91.26282526153139
1104071040002,1717107900,69,60.86956521739131,57.24241632938865,0.0,100.0,34.102805298328605,100.0
1104071040003,9482859388,71,56.33802816901409,54.323756351934136,0.0,100.0,32.61608338746199,100.0
1104071040008,9481699343,60,50.0,47.61644501645539,0.0,100.0,37.58712845472461,100.0
1104071040009,1717108823,77,67.53246753246754,63.81783638928113,0.0,100.0,34.20610096525203,100.0
1104071040010,9525455020,70,100.0,93.61547772264836,0.0,100.0,40.07119521202455,100.0
1104071040011,4200572789,80,65.0,62.318500643512316,0.0,100.0,30.75696089777996,100.0
1104071040004,9610818527,78,60.256410256410255,58.537500412507896,0.0,100.0,32.26980007566108,100.0
1104071040005,1717101777,66,53.03030303030303,49.78000078001493,0.0,100.0,34.56608764183445,100.0
1104071040006,9522228571,70,54.285714285714285,51.093453147038474,0.0,100.0,35.29853942581147,100.0
1104071040007,1717099678,64,48.4375,46.901224327012265,0.0,100.0,35.379059095043054,100.0
1104071040001,9663278533,83,65.06024096385542,62.26028179643856,0.5346513994763776,100.0,30.895382832968632,99.46534860052363
1104071040301,9660991666,74,62.16216216216216,58.78009090172724,0.0,100.0,32.3782235632969,100.0
1104071040302,1717103349,76,63.1578947368421,60.100044593478955,0.0,100.0,32.12244864575659,100.0
1104072010013,4634839671,80,86.25,80.32835558775636,0.0,100.0,40.92235454378608,100.0
1104072010012,2718296805,78,91.02564102564102,85.86891149393394,0.0,100.0,39.772072665858616,100.0
1104072010015,3848968239,81,86.41975308641975,80.46086562755823,0.0,100.0,40.976581572137135,100.0
1104072010014,3848967999,78,100.0,94.04111254113849,0.0,100.0,39.72748555571111,100.0
1104072010017,3848968218,82,86.58536585365853,81.13516390957787,0.0,100.0,40.259224005234415,100.0
1104072010016,4634839671,80,86.25,80.32835558775636,0.0,100.0,40.92235454378608,100.0
1104072010009,3807096512,82,90.2439024390244,86.973781272576,0.0,100.0,35.694155994599974,100.0
1104072010008,3848968635,78,85.8974358974359,79.82395444898088,0.0,100.0,41.347988786709955,100.0
1104072010001,3848968008,80,87.5,82.80737612614655,0.0,100.0,38.10124358845276,100.0
1104072010002,3848967848,82,95.1219512195122,89.99876139207637,0.0,100.0,37.14592117117897,100.0
1104072010003,3848967796,84,88.09523809523809,83.30684638722437,0.0,100.0,38.65574361045037,100.0
1104072010004,3848968382,76,100.0,93.1786419878822,0.0,100.0,41.81578013386939,100.0
1104072010005,4200916204,85,85.88235294117646,80.83482474072906,0.0,100.0,39.218776404846636,100.0
1104072010006,3848967772,80,88.75,83.7221887065856,0.0,100.0,38.86778394564396,100.0
1104072010007,3848968165,86,87.20930232558139,82.74013673143526,0.0,100.0,38.33103278792118,100.0
1104072010011,3848967988,80,87.5,82.6956469862929,0.0,100.0,38.42541992358803,100.0
1104072010010,3848967853,74,100.0,93.83979877563641,0.0,100.0,40.09374259217316,100.0
1104072010101,4200916232,77,85.71428571428571,81.0709967853027,0.0,97.53203181088712,37.31351275933547,97.53203181088712
1104072010103,3833145732,92,100.0,95.43367863206808,0.0,100.0,37.21931097960029,100.0
1104072010102,8200709456,70,87.14285714285714,82.41831065761693,0.0,100.0,37.68703407797679,100.0
1104072010104,4200916232,77,85.71428571428571,81.0709967853027,0.0,97.53203181088712,37.31351275933547,97.53203181088712
1104072010202,4200916228,86,86.04651162790698,81.26554378300645,0.0,97.79030755160824,37.54923796224382,97.79030755160824
1104072010201,8200709454,78,85.8974358974359,80.74070636572881,0.0,97.56367242869626,37.96526146840808,97.56367242869626
1104072010301,8200709454,78,85.8974358974359,80.74070636572881,0.0,97.56367242869626,37.96526146840808,97.56367242869626
1104072010302,2718296829,78,85.8974358974359,79.82395444898088,0.0,100.0,41.54760617752608,100.0
1104072010401,3848967982,68,88.23529411764706,82.84600619529436,0.0,100.0,40.01260440507472,100.0
1104072010402,3848968168,81,87.65432098765432,82.02648283206288,0.0,100.0,40.074181227021256,100.0
1104072010501,4200916245,85,89.41176470588236,84.78486385547224,0.0,100.0,38.66338373781657,100.0
1104072010502,3848968218,82,86.58536585365853,81.13516390957787,0.0,100.0,40.259224005234415,100.0
1104072020005,3849035213,69,82.6086956521739,77.55659541531305,0.0,100.0,39.53335662490715,100.0
1104072020002,8213963905,28,71.42857142857143,68.87476251763078,0.0,90.95078330658609,30.581822453848094,90.95078330658609
1104072020003,3849035302,71,92.95774647887323,86.78903903906588,0.0,100.0,41.19902370971639,100.0
1104072020001,3849034901,64,84.375,79.3471887065856,0.0,100.0,39.12532232743394,100.0
1104072020103,8213964138,46,76.08695652173914,70.84054473730671,0.0,100.0,36.24324604346763,100.0
1104072020101,3807096556,64,82.8125,79.32096437957333,0.0,100.0,36.19890702674643,100.0
1104072020106,8213963933,38,76.31578947368422,72.78750084672674,0.0,93.33215612064238,31.86069700506871,93.33215612064238
1104072020107,8213963917,29,72.41379310344827,69.94804656874695,0.0,91.26282526153139,30.77861473498181,91.26282526153139
1104072020104,8213963906,24,70.83333333333334,68.22632007008143,0.0,89.44258052435045,30.446900531208566,89.44258052435045
1104072020105,8213963921,34,76.47058823529412,73.05299101624118,0.0,91.46960145406788,31.60839633939345,91.46960145406788
1104072020102,8213963941,41,78.04878048780488,74.77865932135649,0.0,93.82004713620513,31.749082520666416,93.82004713620513
1104072020201,8213964282,48,85.41666666666666,79.08534874162629,0.0,100.0,40.31130084542703,100.0
1104072020402,8212389294,71,85.91549295774648,80.75392142647911,0.0,100.0,39.37374530389309,100.0
1104072020403,8481463893,49,79.59183673469387,75.03146367944271,0.0,98.70725475808374,38.89494476469167,98.70725475808374
1104072020401,8481463891,59,84.7457627118644,79.44336285440288,0.0,98.92636412112039,39.58977988482052,98.92636412112039
1104072020404,8481463893,49,79.59183673469387,75.03146367944271,0.0,98.70725475808374,38.89494476469167,98.70725475808374
1104073020002,3807095139,26,38.46153846153847,35.36750074251421,0.0,100.0,41.81724213347087,100.0
1104073020003,3851468298,61,77.04918032786885,74.70470001618563,0.0,98.36065573770492,36.55797354465862,98.36065573770492
1104073020102,8213963805,30,46.666666666666664,43.6872229372359,0.0,97.88851610487009,38.971368776416874,97.88851610487009
1104073020103,8213963840,24,58.333333333333336,53.864167739187195,0.0,97.36064513108761,39.412447023667994,97.36064513108761
1104073020101,8213963833,29,44.827586206896555,41.74540303851991,0.0,97.81570631538285,39.35875011150164,97.81570631538285
1104073020202,4634187272,46,89.13043478260869,84.46695764089097,0.0,93.69492281387626,35.278198440543356,93.69492281387626
1104073020203,8213959286,31,83.87096774193549,77.52763593088935,0.0,91.82651395433582,37.896598044506916,91.82651395433582
1104073020201,8213959288,30,83.33333333333334,77.37444587447183,0.0,91.55406441948035,36.67465973869631,91.55406441948035
1104073020606,8213963863,49,89.79591836734694,85.23554531209578,0.0,98.70725475808374,37.433101673189114,98.70725475808374
1104073020607,8213963863,49,89.79591836734694,85.23554531209578,0.0,98.70725475808374,37.433101673189114,98.70725475808374
1104073020604,5573158008,55,94.54545454545455,89.6700011700224,0.0,98.18181818181819,38.056199279759056,98.18181818181819
1104073020605,8488729629,55,70.9090909090909,68.63387933388924,0.0,98.18181818181819,34.858770558916824,98.18181818181819
1104073020602,5573158008,55,94.54545454545455,89.6700011700224,0.0,98.18181818181819,38.056199279759056,98.18181818181819
1104073020603,3807095992,63,95.23809523809523,91.40738187168425,0.0,98.99453147850956,37.48445298829993,98.99453147850956
1104073020601,3807096046,44,93.18181818181817,88.50950869702902,0.0,100.0,37.75299148946448,100.0
1104073020608,12891901352,24,87.5,83.03083440585385,0.0,100.0,35.20884166365653,100.0
1104073020609,3807095992,63,95.23809523809523,91.40738187168425,0.0,98.99453147850956,37.48445298829993,98.99453147850956
1104073030003,436879840,30,40.0,37.61644501645539,0.0,100.0,39.97466720944897,100.0
1104073030002,5290391103,54,66.66666666666666,64.68037084704615,0.0,100.0,33.935158403618445,100.0
1104073030001,8488729624,54,68.51851851851852,66.36669804726297,0.0,95.80205493133714,33.98094268790579,95.80205493133714
1104073030203,8173927752,27,40.74074074074074,37.76129701130998,0.0,97.65390678318899,39.09729538850882,97.65390678318899
1104073030202,8173927756,23,52.17391304347826,48.287682092046836,0.0,97.24589057156969,38.425285981920226,97.24589057156969
1104073030201,8173927743,14,35.714285714285715,32.522024575609905,0.0,95.47539165329304,38.89442498196372,95.47539165329304
1104073030306,8488728770,48,62.5,60.451632436016354,0.0,96.04096769663141,32.41359861741855,96.04096769663141
1104073030305,8488728719,45,60.0,57.81507459841744,0.0,95.77703220974017,32.666076139038736,95.77703220974017
1104073030304,8488728814,52,65.38461538461539,63.32192357193256,0.0,96.34550864304437,34.191534720914426,96.34550864304437
1104073030303,8488728777,47,61.702127659574465,59.610177806995424,0.0,95.9567329667725,32.38712503379726,95.9567329667725
1104073030302,8488728724,44,59.09090909090909,56.85632629383602,0.0,94.84797650664102,32.92136885060975,94.84797650664102
1104073030301,3807095152,33,45.45454545454545,43.28767728768672,0.0,95.0501661559425,33.159350602146624,95.0501661559425
1104073030307,8488728814,52,65.38461538461539,63.32192357193256,0.0,96.34550864304437,34.191534720914426,96.34550864304437
1104073030604,8173927780,44,59.09090909090909,56.85632629383602,0.0,97.1207037793683,32.89694180299254,97.1207037793683
1104073030603,8173927791,49,63.26530612244898,61.258741978138474,0.0,97.41450951616744,32.605804158386924,97.41450951616744
1104073030602,8173927777,38,52.63157894736842,50.749825012991096,0.0,96.66607806032118,32.616113883220365,96.66607806032118
1104073040001,9577131727,1,100.0,100.0,0.0,100.0,29.571505120876548,100.0
1104073040201,3851466455,55,100.0,100.0,0.0,100.0,32.08113028478417,100.0
1104073040202,3851466455,55,100.0,100.0,0.0,100.0,32.08113028478417,100.0
1104073040301,11569508824,48,95.83333333333334,92.85388960390259,0.0,100.0,33.18935509002548,100.0
1104073040302,11569508815,51,96.07843137254902,92.74846485142052,0.0,100.0,34.511378933259174,100.0
1104073040303,11569508822,39,94.87179487179486,91.8923511423641,0.0,100.0,33.020944392212314,100.0
1104073040501,4201516942,45,100.0,100.0,0.0,100.0,32.24393534838809,100.0
1104073040502,4201516942,45,100.0,100.0,0.0,100.0,32.24393534838809,100.0
1104059030206,8214316953,73,61.64383561643836,57.23589146878737,0.0,89.58720270894838,33.53187910608983,89.58720270894838
1104072020405,3849146224,45,80.0,74.63700128702463,0.0,97.77777777777777,40.173023042337704,97.77777777777777
1104073020204,12891901353,28,89.28571428571429,84.81654869156814,0.0,100.0,35.80027115083592,100.0
