집계구코드,tarr,classic_cnt,thermal_cnt,lost_cnt,mean_svf,mean_canopy,mean_bld_H,hw_ratio,hot_link_ratio,n_links
1104052010012,50.6,83,41,42,0.5563,0.0,9.0,1.5,0.3333333333333333,6
1104052010001,42.11,38,22,16,0.5572642857142858,0.0,10.278571428571428,1.7838571428571428,0.2857142857142857,28
1104052010003,59.3,86,35,51,0.4393333333333333,0.0,14.175,3.127,0.25,48
1104052010002,31.58,38,26,12,0.60902,0.0,7.94,1.3234,0.8,10
1104052010005,43.75,48,27,21,0.5142764705882352,0.003935294117647,11.876470588235296,2.411764705882353,0.4117647058823529,34
1104052010004,100.0,57,0,57,0.4151487179487179,0.0091846153846153,25.610256410256408,5.013461538461539,0.2564102564102564,78
1104052010007,54.55,66,30,36,0.6015933333333333,0.0,8.233333333333333,1.3723333333333334,0.6,30
1104052010006,59.76,82,33,49,0.4862,0.0,12.37,2.20845,0.3,40
1104052010009,64.04,89,32,57,0.6605111111111112,0.0,6.866666666666666,1.1444444444444446,0.8888888888888888,18
1104052010008,57.65,85,36,49,0.5497799999999999,0.0,9.26,1.5433,0.4,20
1104052010010,55.56,72,32,40,0.6183611111111111,0.0,7.65,1.275,0.8333333333333334,36
1104052010011,45.16,62,34,28,0.6038,2e-05,8.92,1.56675,0.6,40
1104052010102,77.42,62,14,48,0.3335,0.00414,15.0,3.325,0.0,10
1104052010203,64.29,28,10,18,0.2022499999999999,0.01045,46.5,6.125,0.0,4
1104052010205,51.32,76,37,39,0.1843,0.0339,32.0,5.333,0.0,2
1104052010204,63.01,73,27,46,0.1388,0.0,42.8,7.133,0.0,2
1104052010401,69.23,26,8,18,0.1287333333333333,0.0122666666666666,46.36666666666667,7.728000000000001,0.0,6
1104052010403,56.76,37,16,21,0.1483,0.0021,40.0,6.667,0.0,2
1104052010402,69.23,26,8,18,0.126,0.0,47.2,7.867,0.0,2
1104052010501,44.64,56,31,25,0.3413,0.0,16.0,3.2,0.0,4
1104052010502,43.06,72,41,31,0.45125,0.0,11.25,2.061,0.0,8
1104052010901,38.89,36,22,14,0.1433666666666666,0.0,36.0,7.2,0.0,6
1104052010903,38.24,34,21,13,0.33875,0.0,20.675,4.06825,0.25,8
1104052010902,41.18,34,20,14,0.13585,0.0,37.8,7.56,0.0,4
1104054010001,80.0,55,11,44,0.6494130434782609,0.0,7.98695652173913,1.4628913043478262,0.6304347826086957,92
1104054010003,100.0,30,0,30,0.6115383720930233,0.0,7.562790697674418,1.442127906976744,0.5813953488372093,172
1104054010002,100.0,45,0,45,0.573705,0.0,8.58,1.55275,0.45,80
1104054010004,66.67,36,12,24,0.59964,0.0,8.61,1.435,0.45,40
1104054010103,44.64,56,31,25,0.2687833333333333,0.0,19.716666666666665,4.867166666666667,0.1666666666666666,12
1104054010102,46.55,58,31,27,0.1149692307692307,0.0,53.41538461538461,8.90276923076923,0.0,20
1104054010101,53.62,69,32,37,0.156375,0.0,32.4,8.64375,0.0,8
1104054010302,80.0,55,11,44,0.1322,0.0,45.0,7.5,0.0,2
1104054010705,100.0,28,0,28,0.8790111111111112,0.0,2.4222222222222225,0.4315555555555555,0.8888888888888888,18
1104054010704,100.0,2,0,2,0.40645,0.0,29.7,5.2,0.5,4
1104054010706,96.3,27,1,26,1.0,0.0,0.0,0.0,1.0,6
1104054020008,54.55,44,20,24,0.63985,0.0,7.3,1.216625,0.75,16
1104054020009,76.56,64,15,49,0.6879657142857143,0.0,5.291428571428571,1.1294285714285714,0.8,70
1104054020010,56.25,32,14,18,0.36454,0.0,18.233333333333334,3.620933333333334,0.1,60
1104054020006,70.97,62,18,44,0.5384777777777778,0.0,8.083333333333334,1.7981666666666665,0.6111111111111112,36
1104054020007,68.52,54,17,37,0.5866818181818182,0.0,8.145454545454545,1.5875454545454546,0.6363636363636364,22
1104054020004,63.64,33,12,21,0.7309555555555556,0.0,7.211111111111112,1.578,0.8888888888888888,18
1104054020005,50.0,40,20,20,0.7409121212121211,0.0,5.333333333333333,0.9078181818181816,0.9090909090909092,63
1104054020002,100.0,56,0,56,0.793003125,0.0,4.09375,0.7675,0.90625,48
1104054020003,66.67,48,16,32,0.5608,0.0,8.823529411764707,1.8098823529411765,0.4705882352941176,34
1104054020001,100.0,51,0,51,0.7030849056603774,0.0,5.630188679245283,1.1044528301886791,0.9056603773584906,106
1104054030001,100.0,67,0,67,0.5590090909090909,0.0,8.736363636363636,1.6636363636363638,0.4545454545454545,22
1104054030006,100.0,66,0,66,0.6706333333333333,0.0,7.214814814814814,1.2497037037037035,0.6666666666666666,54
1104054030005,83.87,62,10,52,0.73758,0.0,7.340000000000001,0.9247,1.0,20
1104054030004,100.0,42,0,42,0.6276,0.0,10.005263157894737,2.056263157894737,0.5789473684210527,38
1104054030003,59.65,57,23,34,0.6376352941176471,0.0,6.547058823529412,1.4235882352941176,0.7058823529411765,34
1104054030002,100.0,48,0,48,0.5932615384615384,0.0,8.784615384615385,1.5146153846153845,0.3846153846153846,26
1104054030104,83.87,62,10,52,0.6606,0.0,6.8,1.133,1.0,2
1104054030103,100.0,63,0,63,0.71495,0.0,4.300000000000001,0.9835,1.0,4
1104054040001,48.61,72,37,35,0.4499666666666667,0.0,11.066666666666666,2.399809523809524,0.3333333333333333,36
1104054040002,44.0,75,42,33,0.5044315789473683,0.0,10.3,1.8087894736842105,0.1052631578947368,38
1104054040003,43.42,76,43,33,0.5097809523809523,0.0,10.011904761904765,2.105309523809524,0.4761904761904761,84
1104054040201,53.62,69,32,37,0.2930166666666666,0.0,24.616666666666664,5.684666666666668,0.0,12
1104054040301,39.19,74,45,29,0.48085,0.0,11.0,1.8335,0.0,4
1104055010004,43.02,86,49,37,0.4119055555555555,0.0,11.43888888888889,2.4935,0.1111111111111111,72
1104055010001,49.38,81,41,40,0.6729739130434783,0.0131891304347826,6.602173913043478,1.1970217391304347,0.5434782608695652,92
1104055010003,43.02,86,49,37,0.3728047619047619,0.0,13.314285714285717,3.0857142857142854,0.0,42
1104055010002,45.0,80,44,36,0.4168785714285714,0.0,12.585714285714284,2.254857142857143,0.0,28
1104055010005,43.59,78,44,34,0.32025,0.0,18.42,4.296166666666666,0.0,60
1104055020009,64.29,42,15,27,0.4202482142857143,2.3214285714285715e-05,14.726785714285716,3.1226785714285716,0.2321428571428571,112
1104055020010,44.64,56,31,25,0.5726,0.0,6.125,1.575,0.5,8
1104055020011,100.0,36,0,36,0.6342068965517241,0.0,5.3310344827586205,1.321206896551724,0.5862068965517241,58
1104055020012,100.0,68,0,68,0.445,0.0,9.647368421052631,2.775136842105263,0.2736842105263158,178
1104055020006,42.25,71,41,30,0.4819495145631068,0.0034184466019417,12.918446601941747,3.0444174757281552,0.3592233009708738,194
1104055020007,48.84,43,22,21,0.4981928571428571,0.0,8.407142857142857,1.9130714285714288,0.4285714285714285,28
1104055020004,56.25,48,21,27,0.5848833333333333,0.0,5.966666666666666,1.5278333333333334,0.5,12
1104055020005,100.0,48,0,48,0.52178,0.0,7.366666666666666,1.7455999999999998,0.4,30
1104055020002,57.14,35,15,20,0.4971851851851852,0.0005666666666666,10.520987654320988,2.6149506172839505,0.382716049382716,162
1104055020003,100.0,42,0,42,0.6277380952380953,0.0,5.747619047619048,1.3531428571428572,0.4761904761904761,42
1104055020001,100.0,49,0,49,0.588864705882353,0.0,7.488235294117647,1.677941176470588,0.6470588235294118,34
1104055020014,100.0,47,0,47,0.63708,0.0,6.3533333333333335,1.2567333333333333,0.8,30
1104055020008,43.75,48,27,21,0.554078947368421,0.0,6.268421052631578,1.743842105263158,0.5789473684210527,38
1104055020201,47.22,36,19,17,0.19665,0.0003,21.05,5.0835,0.0,4
1104055020301,58.33,48,20,28,0.6013695652173913,0.0123565217391304,14.634782608695652,3.3158260869565215,0.5217391304347826,46
1104055030002,100.0,66,0,66,0.7631018867924528,0.0150905660377358,5.40566037735849,0.941754716981132,0.7358490566037735,106
1104055030001,100.0,76,0,76,0.6186454545454545,0.0,7.3,1.3484545454545456,0.6363636363636364,22
1104055030103,48.86,88,45,43,0.2237666666666666,0.0034333333333333,45.1,14.561333333333332,0.0,6
1104055030102,68.06,72,23,49,0.8802999999999999,0.00166,3.6,0.45,1.0,10
1104055030101,53.12,96,45,51,0.829575,0.015595,5.720000000000001,1.2310500000000002,0.85,40
1104056010001,58.44,77,32,45,0.5056726708074534,0.0025,22.93105590062112,4.617782608695652,0.4596273291925465,310
1104056010101,56.32,87,38,49,0.2033333333333333,0.0,26.75,6.227833333333333,0.0,12
1104056010103,60.87,92,36,56,0.2495944444444444,0.0,35.42777777777778,8.541111111111112,0.1666666666666666,36
1104056010102,53.06,98,46,52,0.6405382352941177,0.0,11.21470588235294,2.228176470588235,0.5294117647058824,68
1104056010201,77.63,76,17,59,0.5567666666666667,0.0,13.366666666666667,2.2276666666666665,0.6666666666666666,6
1104056020006,78.43,102,22,80,0.611576923076923,0.0,9.1,1.3660769230769232,0.5384615384615384,26
1104056020004,63.0,100,37,63,0.611625,0.0,7.825,1.304125,0.75,16
1104056020005,65.38,104,36,68,0.58766,0.0,8.3,1.3834,0.7,20
1104056020002,74.76,103,26,77,0.6099212121212122,0.0,8.118181818181817,1.488909090909091,0.6363636363636364,66
1104056020003,53.76,93,43,50,0.6691613636363637,0.0227272727272727,11.072727272727272,1.8755,0.5681818181818182,88
1104056020001,52.0,100,48,52,0.4826733333333333,0.0,11.76,2.065,0.2666666666666666,30
1104056030007,73.2,97,26,71,0.6155333333333334,0.0,7.733333333333333,1.289,0.6666666666666666,6
1104056030006,39.39,99,60,39,0.6082615384615384,0.0,8.207692307692309,1.3573076923076923,0.6923076923076923,26
1104056030004,47.62,84,44,40,0.6368795918367347,0.0,11.008163265306122,3.0053673469387756,0.5918367346938775,98
1104056030003,67.82,87,28,59,0.6326090909090909,0.0,7.390909090909091,1.231818181818182,0.8181818181818182,22
1104056030002,59.09,110,45,65,0.5849632911392405,0.0062075949367088,7.49493670886076,1.6860632911392406,0.5063291139240507,158
1104056030001,48.1,79,41,38,0.1177,0.0,50.6,8.433,0.0,2
1104056030108,56.92,65,28,37,0.1104,0.0,54.0,9.0,0.0,2
1104056030107,67.16,67,22,45,0.0864428571428571,0.0,58.84285714285714,11.768571428571429,0.0,14
1104056030106,65.79,76,26,50,0.2288857142857142,0.0,42.57142857142857,8.423857142857143,0.0,14
1104056030105,56.41,78,34,44,0.3530923076923077,0.0,36.26923076923077,7.638461538461538,0.2307692307692307,26
1104056030104,64.2,81,29,52,0.0739,0.0,67.5,13.5,0.0,4
1104056030103,66.27,83,28,55,0.1415666666666666,0.0,47.06666666666666,9.157666666666666,0.0,6
1104056030102,67.21,61,20,41,0.0746999999999999,0.0,66.75,13.35,0.0,4
1104056030101,67.21,61,20,41,0.1168,0.0,48.0,8.9,0.0,4
1104057010001,74.74,95,24,71,0.5474153846153846,0.0,9.815384615384614,1.564076923076923,0.3846153846153846,26
1104057010003,62.35,85,32,53,0.542475,0.0,9.4125,1.568875,0.375,16
1104057010002,53.85,78,36,42,0.52593,0.0,9.9,1.6501,0.3,20
1104057010115,68.49,73,23,50,0.1538,0.00425,32.65,6.53,0.0,4
1104057010114,57.5,80,34,46,0.1104,0.0,45.0,9.0,0.0,4
1104057010117,56.72,67,29,38,0.1104,0.0,45.0,9.0,0.0,4
1104057010101,57.14,70,30,40,0.1104,0.0,45.0,9.0,0.0,4
1104057010103,63.01,73,27,46,0.1104,0.0,45.0,9.0,0.0,2
1104057010102,56.63,83,36,47,0.4034,0.0,20.166666666666668,3.7223333333333337,0.3333333333333333,6
1104057010105,62.03,79,30,49,0.1132,0.0,44.0,8.799999999999999,0.0,9
1104057010104,56.92,65,28,37,0.1449,0.0,38.625,7.725,0.0,8
1104057010107,68.49,73,23,50,0.1226,0.0,40.9,8.18,0.0,4
1104057010106,44.0,50,28,22,0.254775,0.0,23.1,4.50825,0.0,8
1104057010119,58.33,84,35,49,0.1104,0.0,45.0,9.0,0.0,6
1104057010118,53.33,60,28,32,0.181075,0.0,36.375,7.154249999999999,0.0,8
1104057010108,65.28,72,25,47,0.1103999999999999,0.0,45.0,9.0,0.0,11
1104057010109,65.71,70,24,46,0.1104,0.0,45.0,9.0,0.0,4
1104057010111,54.44,90,41,49,0.1179,0.0,42.55,8.51,0.0,8
1104057010112,57.14,84,36,48,0.1104,0.0,45.0,9.0,0.0,6
1104057010201,49.09,55,28,27,0.4626,0.0,11.5,1.917,0.0,2
1104057020002,46.05,76,41,35,0.6387518518518519,0.0,8.251851851851852,1.639481481481481,0.4074074074074074,54
1104057020001,51.11,90,44,46,0.5489538461538461,0.0,8.934615384615386,1.9138076923076923,0.4615384615384615,52
1104057020104,49.15,59,30,29,0.19,0.0,31.0,5.167,0.0,2
1104057020102,48.21,56,29,27,0.1104,0.0,45.0,9.0,0.0,6
1104057020103,45.31,64,35,29,0.1147777777777777,0.0,43.666666666666664,8.733333333333333,0.0,18
1104057020101,45.31,64,35,29,0.1727666666666666,0.0,29.8,6.343333333333334,0.0,12
1104057020202,46.74,92,49,43,0.17496,0.0,30.56,5.9054,0.0,10
1104057020203,41.98,81,47,34,0.1592,0.0,31.0,6.2,0.0,2
1104057020201,43.37,83,47,36,0.1619,0.0,33.43333333333333,6.366666666666666,0.0,6
1104057020306,50.0,84,42,42,0.0816,0.0,61.73333333333333,12.346666666666666,0.0,6
1104057020307,53.16,79,37,42,0.0693,0.0,72.0,14.4,0.0,4
1104057020304,54.79,73,33,40,0.1154799999999999,0.0,59.6,11.788,0.0,10
1104057020305,52.7,74,35,39,0.0677333333333333,0.0,73.66666666666667,14.733333333333334,0.0,6
1104057020302,45.45,88,48,40,0.0711833333333333,0.0,71.2,14.24,0.0,12
1104057020303,41.43,70,41,29,0.07665,0.0,65.25,13.05,0.0,4
1104057020301,59.0,100,41,59,0.0824,0.0,62.6,12.52,0.0,4
1104057020312,58.57,70,29,41,0.333,0.0,36.6,6.97,0.3333333333333333,6
1104057020313,56.94,72,31,41,0.23106,0.0,43.239999999999995,8.403,0.2,10
1104057020314,47.89,71,37,34,0.6402,0.0,7.2,1.2,1.0,2
1104057020315,45.35,86,47,39,0.1086166666666666,0.0,51.583333333333336,10.766666666666666,0.0,12
1104057020308,47.89,71,37,34,0.067025,0.0,63.6,16.29325,0.0,8
1104057020309,46.25,80,43,37,0.0669599999999999,0.0,74.5,14.9,0.0,10
1104057020310,55.71,70,31,39,0.0693,0.0,72.0,14.4,0.0,6
1104057020311,51.95,77,37,40,0.293525,0.0,42.375,7.25,0.25,8
1104057020403,65.17,89,31,58,0.3541,0.0,16.55,3.1334999999999997,0.0,4
1104057020401,51.11,90,44,46,0.2316,0.0,21.0,4.2,0.0,2
1104057020402,65.17,89,31,58,0.5784,0.0,8.7,1.4500000000000002,0.5,4
1104058010001,100.0,18,0,18,0.4919361111111111,0.0,9.966666666666669,2.193333333333334,0.4166666666666667,72
1104058010106,58.06,62,26,36,0.0852222222222222,0.0,61.166666666666664,12.059222222222225,0.0,18
1104058010101,60.71,56,22,34,0.0807666666666666,0.0,56.93333333333334,12.966666666666669,0.0,6
1104058010103,63.64,55,20,35,0.0739,0.0,67.57142857142857,13.514285714285716,0.0,11
1104058010102,68.25,63,20,43,0.3304555555555555,0.0,30.227777777777774,6.0,0.0555555555555555,33
1104058010105,64.91,57,20,37,0.0723,0.0,69.0,13.8,0.0,10
1104058010104,57.89,57,24,33,0.5307166666666666,0.0,29.5,8.433333333333334,0.5,12
1104058010107,62.96,54,20,34,0.080625,0.0,62.225,12.445,0.0,8
1104058010201,73.33,75,20,55,0.2378199999999999,0.0,34.38,7.434,0.2,10
1104058010202,72.6,73,20,53,0.0856666666666666,0.0,66.0,12.666666666666666,0.0,6
1104058020004,50.0,86,43,43,0.4783888888888889,0.0,11.033333333333331,1.8387777777777776,0.0,18
1104058020005,48.84,86,44,42,0.4981166666666667,0.0,10.466666666666669,1.7445000000000002,0.0,12
1104058020002,52.33,86,41,45,0.4019571428571428,0.0,10.7,2.807,0.0,14
1104058020003,50.59,85,42,43,0.48306,0.0,10.24,1.8782,0.0,20
1104058020001,56.32,87,38,49,0.464825,0.0,11.95,1.99175,0.0,16
1104058020102,92.06,63,5,58,0.4791307692307692,0.0,16.9,4.18076923076923,0.4615384615384615,26
1104058020101,89.13,46,5,41,0.217275,0.00275,36.5,6.71675,0.0,8
1104058020201,65.59,93,32,61,0.3118666666666667,0.0,28.0,4.666666666666667,0.3333333333333333,6
1104058020203,60.24,83,33,50,0.20376,0.0,28.08,5.0268,0.0,7
1104058020304,100.0,49,0,49,0.1625249999999999,0.0,30.95,6.1899999999999995,0.0,8
1104058020302,100.0,78,0,78,0.2186363636363636,0.0,26.354545454545452,5.1303636363636365,0.0,19
1104058020303,100.0,61,0,61,0.1498,0.0,33.0,6.6,0.0,2
1104058020301,100.0,46,0,46,0.2796857142857142,0.0,22.642857142857142,4.341,0.0,14
1104058030003,88.57,70,8,62,0.8223717948717948,0.0,3.6,0.6166666666666667,0.8974358974358975,72
1104058030002,85.07,67,10,57,0.7218636363636364,0.0,5.8522727272727275,1.1344318181818185,0.7727272727272727,88
1104058030001,89.04,73,8,65,0.6369238095238096,0.0,7.328571428571429,1.272571428571429,0.7619047619047619,42
1104058030105,90.32,62,6,56,0.1194666666666666,0.0,42.0,8.4,0.0,6
1104058030104,89.66,58,6,52,0.2150999999999999,0.0,27.366666666666664,5.473333333333334,0.0,6
1104058030103,91.07,56,5,51,0.1104,0.0,45.0,9.0,0.0,2
1104058030102,92.98,57,4,53,0.2294444444444444,0.0,35.333333333333336,7.644444444444444,0.1111111111111111,18
1104058030101,92.0,50,4,46,0.39435,0.0,23.033333333333335,5.023611111111111,0.2777777777777778,36
1104058030106,92.54,67,5,62,0.1229,0.0,40.8,8.16,0.0,4
1104059010001,80.0,75,15,60,0.7037125,0.0175375,13.375,1.827,0.75,16
1104059020004,76.0,75,18,57,0.567475,0.0157999999999999,9.4375,1.4875,0.125,16
1104059020005,77.78,54,12,42,0.8718170212765958,0.0016255319148936,2.928723404255319,0.7233297872340425,0.8617021276595744,148
1104059020002,80.85,47,9,38,0.5154363636363636,0.0,9.963636363636365,1.6605454545454548,0.0,16
1104059020003,79.25,53,11,42,0.5199,0.0094,9.9,1.65,0.0,2
1104059020001,77.22,79,18,61,0.4998428571428571,0.0178,12.0,1.738,0.0,14
1104059030002,55.32,94,42,52,0.7886365853658537,0.0,4.148780487804878,0.8837560975609756,0.6585365853658537,82
1104059030001,91.21,91,8,83,0.5659357142857143,0.0014714285714285,11.4,1.9837142857142855,0.5,28
1104059030103,90.59,85,8,77,0.443075,0.0,13.05,2.175,0.25,8
1104059030102,100.0,97,0,97,0.5538,0.002875,20.25,4.875,0.5,8
1104059030207,64.79,71,25,46,0.0850727272727272,0.0,58.81818181818182,11.763636363636364,0.0,22
1104059030205,72.29,83,23,60,0.3832703703703704,0.0026111111111111,29.414814814814815,7.1247037037037035,0.2962962962962963,54
1104059030204,60.53,76,30,46,0.0909666666666666,0.0,55.5,11.1,0.0,6
1104059030203,60.53,76,30,46,0.1071,0.0,50.6,10.12,0.0,6
1104059030202,70.59,85,25,60,0.1334,0.0,48.74444444444444,9.702555555555556,0.0,18
1104059030201,64.71,68,24,44,0.2446555555555555,0.0136592592592592,48.32222222222222,9.64714814814815,0.1851851851851851,38
1104059030213,71.64,67,19,48,0.3886666666666666,0.0,40.0,8.0,0.3333333333333333,6
1104059030212,60.0,70,28,42,0.083,0.0,60.0,12.0,0.0,6
1104059030209,64.38,73,26,47,0.083,0.0,60.0,12.0,0.0,8
1104059030208,60.24,83,33,50,0.3032142857142857,0.0,36.971428571428575,7.0442857142857145,0.2857142857142857,14
1104059030211,62.5,64,24,40,0.1989142857142857,0.0,51.857142857142854,10.357142857142858,0.1428571428571428,14
1104059030210,67.53,77,25,52,0.2320833333333333,0.0,43.3,11.898833333333334,0.1666666666666666,12
1104062010001,100.0,69,0,69,0.7571,0.0,5.185714285714285,0.8642857142857142,1.0,14
1104062010003,100.0,66,0,66,0.8094333333333333,0.0392666666666666,5.675,0.7201666666666666,0.8333333333333334,24
1104062010002,100.0,83,0,83,0.7210875,0.0125875,6.475,0.97425,1.0,16
1104062010004,98.68,76,1,75,0.6695,0.0,6.688888888888889,1.1147777777777776,1.0,18
1104062010101,98.51,67,1,66,0.4987,0.034,11.35,1.892,0.5,4
1104062020002,94.74,57,3,54,0.5504333333333333,6.666666666666667e-05,9.333333333333334,1.5553333333333337,0.6666666666666666,6
1104062020001,95.52,67,3,64,0.820425,0.011325,5.9,0.796,0.75,8
1104062020201,94.64,56,3,53,0.2133285714285714,0.0034571428571428,31.25714285714286,6.062428571428571,0.0,14
1104062030003,91.03,78,7,71,0.6525058823529413,0.0073176470588235,10.047058823529412,1.4848235294117649,0.7058823529411765,34
1104062030002,92.5,80,6,74,0.7658166666666667,0.0051583333333333,7.391666666666667,0.85075,1.0,24
1104062030001,100.0,45,0,45,0.7957490196078431,0.0106509803921568,6.2215686274509805,0.8342352941176471,0.803921568627451,102
1104062030107,96.25,80,3,77,0.6854,0.0,6.4,1.067,1.0,2
1104062030106,97.53,81,2,79,0.4235,0.0,23.55,4.614999999999999,0.5,4
1104062030104,95.83,72,3,69,0.4816,0.0,23.799999999999997,4.305,0.5,4
1104062030102,100.0,70,0,70,0.10835,0.0,54.55,10.2165,0.0,4
1104062030101,93.02,43,3,40,0.1061,0.0,56.25,9.375,0.0,4
1104062030205,86.89,61,8,53,0.3694181818181818,0.0170272727272727,29.636363636363637,4.880272727272727,0.2727272727272727,22
1104062030204,81.08,37,7,30,0.1452833333333333,0.0,36.083333333333336,7.216666666666666,0.0,12
1104062030203,84.91,53,8,45,0.1015,0.0,49.0,9.8,0.0,2
1104062030202,88.0,25,3,22,0.5544428571428571,0.0,19.542857142857144,3.494285714285714,0.4285714285714285,14
1104062030201,82.5,40,7,33,0.1578833333333333,0.0,32.86666666666667,6.573333333333333,0.0,12
1104062030303,86.67,60,8,52,0.1953,0.0017571428571428,37.285714285714285,5.364,0.0,14
1104065010001,86.0,50,7,43,0.3872,0.0,14.3,2.383,0.0,2
1104065010002,82.76,58,10,48,0.5929599999999999,0.0,10.09,1.4282,0.6,20
1104065010201,65.62,64,22,42,0.4597,0.004,16.7,2.054,0.0,4
1104065020004,80.39,51,10,41,0.4823,0.0,25.25,1.823,0.0,4
1104065020002,80.39,51,10,41,0.5529,0.0,9.12,1.5199,0.3,20
1104065020003,81.48,54,10,44,0.5851823529411765,0.0002764705882352,9.576470588235296,1.438970588235294,0.4411764705882353,68
1104065020001,80.0,45,9,36,0.59864375,0.0,10.84375,1.6823125,0.5,32
1104065020201,71.74,46,13,33,0.2515,0.0,16.75,4.4,0.0,8
1104065020202,78.57,42,9,33,0.2919299999999999,0.0,18.3,3.6067,0.0,20
1104065020302,81.48,54,10,44,0.2747,0.0,21.0,3.5,0.0,2
1104065020301,82.14,56,10,46,0.321,0.0,17.7,2.95,0.0,2
1104065030006,94.59,37,2,35,0.6554333333333333,0.0,6.933333333333334,1.1556666666666666,1.0,6
1104065030005,94.59,37,2,35,0.596311111111111,0.0,7.7333333333333325,1.5,0.7777777777777778,18
1104065030004,96.15,52,2,50,0.6784,0.0,6.9799999999999995,1.0943999999999998,1.0,10
1104065030003,100.0,55,0,55,0.6141333333333333,0.0,7.699999999999999,1.2836666666666667,1.0,6
1104065030002,94.12,34,2,32,0.6424857142857142,0.0,7.3428571428571425,1.223857142857143,0.8571428571428571,14
1104065030001,91.67,24,2,22,0.9391508078994614,0.0019597845601436,1.966786355475763,0.4462890484739676,0.9174147217235188,1074
1104065030201,95.74,47,2,45,0.175,0.0,33.8,5.633,0.0,2
1104065040004,98.11,53,1,52,0.53022,0.0,10.36,1.7266,0.4,10
1104065040001,96.23,53,2,51,0.6608333333333333,0.0,6.833333333333333,1.1386666666666667,1.0,6
1104065040002,100.0,63,0,63,0.6832100000000001,0.0,7.48,1.0789,1.0,20
1104065040003,100.0,63,0,63,0.64562,5e-05,7.115,1.21405,0.7,40
1104065040101,79.17,48,10,38,0.5645,0.0,30.75,3.844,0.5,4
1104065040102,80.77,52,10,42,0.1237,0.0,40.1,8.02,0.0,2
1104065040201,81.82,55,10,45,0.38355,0.0,22.75,3.6165,0.5,4
1104065040202,80.39,51,10,41,0.1406333333333333,0.0,35.22222222222222,7.044444444444444,0.0,12
1104066010003,75.0,36,9,27,0.5306285714285714,0.0,12.714285714285714,1.9227142857142856,0.4285714285714285,14
1104066010002,55.26,38,17,21,0.4873090909090909,0.0,10.863636363636363,1.810636363636364,0.0,22
1104066010005,53.12,32,15,17,0.5304714285714286,0.0,9.685714285714283,1.6142857142857143,0.1428571428571428,14
1104066010004,46.15,39,21,18,0.3662714285714285,0.0,15.014285714285714,2.571,0.0,14
1104066010007,66.67,39,13,26,0.530775,0.008175,11.333333333333334,1.75875,0.1666666666666666,24
1104066010006,48.0,50,26,24,0.4401714285714285,0.00075,14.221428571428572,2.278642857142857,0.0714285714285714,28
1104066010009,68.57,35,11,24,0.5935280000000001,0.006068,9.948,1.454,0.32,50
1104066010008,41.94,31,18,13,0.3791,0.0,21.833333333333332,2.5626666666666664,0.0,6
1104066010010,67.65,34,11,23,0.5771857142857143,0.0,8.700000000000001,1.45,0.4285714285714285,14
1104066010001,97.83,46,1,45,0.876084375,0.00960625,4.575,0.5876875,0.875,64
1104066010104,63.64,33,12,21,0.15914,0.0,42.260000000000005,8.344,0.0,10
1104066010101,60.0,30,12,18,0.078725,0.0,63.375,12.675,0.0,8
1104066010103,66.67,33,11,22,0.12032,0.0,56.36,11.2333,0.0,14
1104066010102,62.5,32,12,20,0.10044,0.0,51.720000000000006,10.344,0.0,10
1104066010201,46.51,43,23,20,0.326,0.0,17.4,2.9,0.0,2
1104066010401,46.67,30,16,14,0.3665,0.00225,15.65,2.608,0.0,4
1104066010601,48.89,45,23,22,0.3700714285714285,0.0,17.62857142857143,3.124714285714286,0.1428571428571428,14
1104066020006,100.0,37,0,37,0.9633875,0.0337375,0.75,0.125,1.0,16
1104066020007,100.0,36,0,36,0.4709923076923077,0.0112384615384615,32.06153846153846,4.472538461538462,0.3846153846153846,26
1104066020004,100.0,27,0,27,0.6783964601769912,0.0041026548672566,8.136283185840707,2.0206283185840705,0.6194690265486725,204
1104066020005,100.0,37,0,37,0.5028333333333334,0.0,9.233333333333333,1.728,0.0833333333333333,24
1104066020002,100.0,41,0,41,0.46265,0.0,14.9,2.0742000000000003,0.0,14
1104066020003,100.0,39,0,39,0.5194782608695653,0.0,9.908695652173911,1.682173913043478,0.1739130434782608,46
1104066020001,100.0,37,0,37,0.5588210526315789,0.0,8.631578947368421,1.6098947368421053,0.5263157894736842,38
1104066020008,100.0,41,0,41,0.5597590909090909,0.0,9.78181818181818,1.5566818181818185,0.2272727272727272,44
1104066020101,100.0,36,0,36,0.45156,0.0,16.3,2.0431999999999997,0.0,10
1104066030002,79.07,43,9,34,0.618925,0.0014375,10.425,1.36375,0.5,32
1104066030001,47.46,59,31,28,0.4842666666666666,0.0017861111111111,12.752777777777776,2.04875,0.1944444444444444,72
1104066030101,54.55,55,25,30,0.3096,0.0,18.4,3.067,0.0,2
1104067010001,44.64,56,31,25,0.63408125,0.0010375,10.375,1.3225,0.625,32
1104067010003,50.79,63,31,32,0.53885,0.0,9.8,1.6335,0.25,8
1104067010002,52.17,69,33,36,0.56465,0.0,9.01,1.5016,0.6,20
1104067010101,57.81,64,27,37,0.3638999999999999,0.0,17.166666666666668,4.111,0.3333333333333333,6
1104067010102,59.38,64,26,38,0.5767,0.0,8.5,1.417,0.0,2
1104067020002,43.4,53,30,23,0.6164999999999999,0.0,8.788235294117648,1.313235294117647,0.7647058823529411,34
1104067020003,41.18,51,30,21,0.5141666666666667,0.0,11.022222222222222,1.8073333333333332,0.3333333333333333,18
1104067020001,40.0,50,30,20,0.562725,0.0,9.425,1.57075,0.75,8
1104067020006,30.23,43,30,13,0.5497647058823529,0.0,9.052941176470588,1.8015,0.4411764705882353,68
1104067020004,38.89,54,33,21,0.48616,0.0,12.233333333333333,1.9308666666666667,0.2666666666666666,30
1104067020005,41.46,41,24,17,0.60352,0.0,7.98,1.3302,0.4,10
1104067020101,41.51,53,31,22,0.3961,0.0,13.9,2.317,0.0,2
1104067030009,77.08,48,11,37,0.72775,0.0,7.941666666666666,0.9556666666666668,1.0,24
1104067030012,44.23,52,29,23,0.67144,0.0,8.193333333333333,1.1446,0.6666666666666666,30
1104067030011,100.0,52,0,52,0.73132,0.0,7.789999999999999,0.9457,1.0,20
1104067030007,53.85,52,24,28,0.7044142857142857,0.0002047619047619,7.171428571428571,1.019047619047619,1.0,42
1104067030006,100.0,17,0,17,0.72917,0.115725,5.035,0.95405,0.55,40
1104067030005,97.44,39,1,38,0.5454705882352942,0.0,10.058823529411764,1.7957058823529413,0.5294117647058824,34
1104067030004,100.0,32,0,32,0.666,0.0,6.75,1.1248333333333334,1.0,12
1104067030002,95.65,46,2,44,0.6089615384615384,0.0123538461538461,10.569230769230767,1.5546923076923078,0.6153846153846154,26
1104067030001,100.0,38,0,38,0.6336083333333333,0.03,7.141666666666667,1.27525,0.6666666666666666,24
1104067030008,100.0,47,0,47,0.6477727272727273,0.0,7.0636363636363635,1.1772727272727277,1.0,22
1104067030010,89.13,46,5,41,0.6071375,0.0,7.95,1.325,0.625,16
1104067030201,97.67,43,1,42,0.5255,0.0,9.7,1.617,0.0,2
1104067030401,78.79,33,7,26,0.3062,0.0,15.5,3.1,0.0,2
1104067030501,82.05,39,7,32,0.4363,0.0,12.4,2.067,0.0,2
1104067040006,100.0,47,0,47,0.68096,0.00231,7.01,1.0844999999999998,0.9,20
1104067040001,95.92,49,2,47,0.6516000000000001,0.0,6.966666666666666,1.161,1.0,6
1104067040002,98.18,55,1,54,0.6530578947368421,0.0001157894736842,6.9526315789473685,1.169894736842105,0.8947368421052632,38
1104067040003,95.12,41,2,39,0.5598875,0.0,9.3875,1.5645,0.5,16
1104067040004,98.28,58,1,57,0.6429,0.0,7.690909090909091,1.2013636363636364,0.8181818181818182,22
1104067040005,100.0,52,0,52,0.7321454545454545,0.0004636363636363,5.95,0.9316363636363636,1.0,44
1104067040201,95.12,41,2,39,0.4384,0.0,12.3,2.05,0.0,2
1104068010004,41.94,31,18,13,0.5965454545454546,0.0,9.581818181818182,1.4589090909090907,0.3636363636363636,22
1104068010001,44.44,27,15,12,0.5931785714285714,0.0,11.078571428571427,1.4690714285714286,0.2857142857142857,28
1104068010003,41.18,34,20,14,0.5084,0.0,10.7,1.7832857142857144,0.1428571428571428,14
1104068010002,37.93,29,18,11,0.4385044444444445,0.0,15.775555555555554,2.8109777777777776,0.2666666666666666,90
1104068010005,38.24,34,21,13,0.5137076923076923,0.0008923076923076,12.992307692307692,2.1714615384615383,0.5384615384615384,26
1104068010101,41.3,46,27,19,0.2383,0.0,22.4,4.1,0.0,4
1104068010201,36.54,52,33,19,0.153,0.0,36.4,7.279999999999999,0.0,4
1104068010203,36.17,47,30,17,0.0859,0.0,58.0,11.6,0.0,2
1104068010202,45.45,44,24,20,0.2664999999999999,0.0,16.35,4.1579999999999995,0.0,4
1104068010301,50.0,42,21,21,0.37805,0.0,16.4,2.7335000000000003,0.0,4
1104068020002,32.61,46,31,15,0.3917070707070707,0.0,15.924242424242424,3.535929292929293,0.2222222222222222,198
1104068020001,13.33,30,26,4,0.296505325443787,5.917159763313609e-06,28.62544378698225,7.1618224852071,0.1479289940828402,332
1104068020101,16.67,30,25,5,0.1599,0.0,45.95,10.7285,0.0,8
1104068030003,37.1,62,39,23,0.4105812499999999,0.0,13.179166666666667,2.998375,0.1666666666666666,96
1104068030002,50.72,69,34,35,0.4731866666666667,0.0,11.973333333333333,1.9954666666666667,0.2,30
1104068030001,52.31,65,31,34,0.6214090909090909,0.0,7.890909090909091,1.2636363636363637,1.0,22
1104068030101,52.86,70,33,37,0.28535,0.0,20.3,3.383,0.0,4
1104068040001,30.0,50,35,15,0.5075717948717949,0.0004076923076923,11.087179487179489,2.2535897435897434,0.4102564102564102,156
1104069010009,100.0,6,0,6,0.637515625,0.0,7.690625,1.2625625,0.75,64
1104069010008,23.81,21,16,5,0.60908,0.0,7.85,1.3083,0.7,20
1104069010006,12.5,16,14,2,0.6303714285714286,0.0,7.4,1.233285714285714,1.0,14
1104069010001,14.29,14,12,2,0.58604,0.0,8.620000000000001,1.5388,0.6,10
1104069010003,94.44,18,1,17,0.5830846153846154,0.0,7.1461538461538465,1.5812307692307692,0.8461538461538461,26
1104069010002,12.5,16,14,2,0.5649777777777778,0.0,9.051851851851852,1.655888888888889,0.4814814814814814,54
1104069010005,0.0,10,10,0,0.5529608695652174,0.0,9.078260869565218,1.798434782608696,0.5217391304347826,46
1104069010004,100.0,9,0,9,0.6257,0.0,7.393333333333333,1.3594666666666666,0.7333333333333333,30
1104069010007,100.0,20,0,20,0.5854199999999999,0.0,9.126666666666669,1.6469333333333334,0.6,30
1104069010012,12.5,16,14,2,0.5726736842105263,0.0,8.68421052631579,1.4473684210526316,0.4736842105263157,38
1104069010011,11.76,17,15,2,0.6395714285714286,0.0,7.414285714285714,1.3058571428571428,0.8571428571428571,14
1104069010014,25.0,16,12,4,0.5424,0.0,7.9,1.85,0.6,10
1104069010013,100.0,1,0,1,0.58526,0.0,6.94,1.4902000000000002,0.6,10
1104069010010,15.38,13,11,2,0.5126833333333333,0.0,11.38888888888889,2.151555555555555,0.3888888888888889,36
1104069010101,8.33,12,11,1,0.4172,0.0,13.1,2.183,0.0,2
1104069010102,100.0,11,0,11,0.4167,0.0,13.1,2.183,0.0,2
1104069010201,6.25,16,15,1,0.41295,0.0,17.8,3.415,0.5,4
1104069010202,12.5,16,14,2,0.3943,0.0,14.05,2.3415,0.0,4
1104069020001,96.43,28,1,27,0.5371,0.0,9.48235294117647,1.9254705882352945,0.2352941176470588,34
1104069020004,96.15,26,1,25,0.5912111111111111,0.0,7.811111111111111,1.4499444444444445,0.7777777777777778,36
1104069020005,96.55,29,1,28,0.7669636363636364,0.000840909090909,6.140909090909091,0.8835909090909091,0.7272727272727273,44
1104069020002,100.0,23,0,23,0.6423333333333333,0.0,7.188888888888889,1.1981666666666666,0.9444444444444444,36
1104069020003,100.0,23,0,23,0.642230303030303,0.0,7.842424242424243,1.3394848484848485,0.7878787878787878,66
1104070010004,27.27,11,8,3,0.5395092307692307,0.0110646153846153,10.663076923076924,2.304307692307692,0.3538461538461538,127
1104070010001,100.0,1,0,1,0.3751818181818181,0.0,28.9,6.360636363636363,0.2727272727272727,22
1104070010003,12.5,8,7,1,0.388908,0.04444,17.656,3.41516,0.16,50
1104070010002,100.0,7,0,7,0.8412252491694352,0.002131561461794,4.640199335548173,0.884468438538206,0.840531561461794,557
1104070020025,70.59,17,5,12,0.5662111111111111,0.0285222222222222,8.722222222222221,1.4807777777777775,0.4444444444444444,18
1104070020022,68.75,16,5,11,0.5755772727272727,0.0,8.55909090909091,1.4364545454545454,0.5,41
1104070020023,68.75,16,5,11,0.5850166666666666,0.0,8.333333333333334,1.389,0.6666666666666666,12
1104070020020,81.25,16,3,13,0.56965,0.0,8.785714285714286,1.464357142857143,0.5,25
1104070020021,70.59,17,5,12,0.6069615384615384,0.0,7.923076923076923,1.3204615384615386,0.6153846153846154,26
1104070020008,70.59,17,5,12,0.6205909090909091,0.0007818181818181,7.636363636363637,1.2727272727272727,0.7272727272727273,22
1104070020009,70.59,17,5,12,0.60609,0.0,8.02,1.3366,0.7,20
1104070020017,70.59,17,5,12,0.4561125,0.0040875,11.325,2.25125,0.0,16
1104070020014,82.14,28,5,23,0.59253,0.0,8.209999999999999,1.3683,0.6,20
1104070020015,81.82,11,2,9,0.7313000000000001,0.0,5.75,0.9585,0.5,4
1104070020012,68.75,16,5,11,0.6114125,0.0,9.495833333333334,1.7251666666666663,0.6666666666666666,48
1104070020013,70.59,17,5,12,0.5563727272727272,0.0016454545454545,9.054545454545456,1.509,0.2727272727272727,22
1104070020010,70.59,17,5,12,0.5607285714285715,0.0,8.985714285714286,1.4975714285714286,0.5714285714285714,14
1104070020011,68.75,16,5,11,0.53128,0.0,9.28,1.7765999999999995,0.3,20
1104070020024,80.0,15,3,12,0.8140000000000001,0.0,3.7,0.6165,1.0,4
1104070020019,100.0,3,0,3,0.8813875000000001,0.0,8.0,2.4541666666666666,0.9166666666666666,90
1104070020018,57.14,7,3,4,0.7789933333333334,0.0,3.893333333333333,0.7744666666666666,0.9333333333333332,30
1104070020006,50.0,4,2,2,1.0,0.0,0.0,0.0,1.0,2
1104070020007,80.0,15,3,12,0.60481,0.0,7.93,1.3216,0.8,20
1104070020004,70.59,17,5,12,0.582525,0.0,8.45,1.40825,0.75,8
1104070020005,70.59,17,5,12,0.5988249999999999,0.0,8.1,1.35,0.75,8
1104070020002,100.0,25,0,25,0.6533111111111112,0.0073555555555555,7.0,1.1665555555555556,0.8888888888888888,18
1104070020003,83.33,6,1,5,0.7412423076923077,0.0013576923076923,4.957692307692308,0.9173461538461538,0.7307692307692307,52
1104070020301,68.75,16,5,11,0.3828666666666667,0.0175666666666666,15.6,2.6,0.0,6
1104071010001,49.09,55,28,27,0.5608793103448275,0.0,7.448275862068965,1.7345172413793104,0.4137931034482758,58
1104071010002,56.36,55,24,31,0.4499863636363636,0.0,10.181818181818182,2.2047727272727276,0.1363636363636363,44
1104071010201,49.09,55,28,27,0.5536,0.0,9.05,1.5085,0.5,4
1104071010303,17.65,34,28,6,0.2775,0.0,20.727272727272727,6.278363636363636,0.0909090909090909,22
1104071010302,35.71,42,27,15,0.1670916666666666,0.0,43.1,8.008333333333333,0.0,24
1104071010305,27.03,37,27,10,0.074225,0.0,54.75,14.63125,0.0,32
1104071010304,42.22,45,26,19,0.14,0.0,47.06842105263158,8.468473684210528,0.0,38
1104071010307,33.33,39,26,13,0.4583166666666667,0.0,15.416666666666666,2.720333333333333,0.25,24
1104071010306,48.98,49,25,24,0.39225,0.0,15.75,2.625,0.0,4
1104071010301,48.89,45,23,22,0.1674666666666666,0.0,38.86666666666667,6.477666666666667,0.0,6
1104071020001,14.81,27,23,4,0.2900260869565217,0.0,36.16086956521739,8.40795652173913,0.1739130434782608,46
1104071020002,36.36,33,21,12,0.415525,0.0,10.875,3.298,0.25,16
1104071020003,21.74,23,18,5,0.30588,0.0,16.02,3.82,0.0,20
1104071020103,13.04,23,20,3,0.1791307692307692,0.0,28.37692307692307,7.258461538461538,0.0,26
1104071020106,17.39,23,19,4,0.05425,0.0,56.275,18.75825,0.0,8
1104071020104,20.83,24,19,5,0.1489954545454545,0.0,22.936363636363637,7.521863636363636,0.0,38
1104071020105,18.18,22,18,4,0.2502,0.0,21.0,5.833,0.0,4
1104071020102,16.0,25,21,4,0.10542,0.0,34.06,10.4626,0.0,10
1104071020204,21.88,32,25,7,0.0696555555555555,0.0,56.72222222222222,15.41111111111111,0.0,18
1104071020205,30.0,30,21,9,0.177375,0.0,53.599999999999994,14.37175,0.0,8
1104071020202,32.26,31,21,10,0.14729375,0.0,41.96875,13.591125,0.0625,26
1104071020203,15.62,32,27,5,0.2139666666666666,0.0,35.5,6.45,0.0,6
1104071020201,47.37,38,20,18,0.4863,0.0,34.48125,9.6233125,0.5,32
1104071020208,31.03,29,20,9,0.2018733333333333,0.0,23.233333333333334,6.456766666666667,0.0666666666666666,54
1104071020206,20.69,29,23,6,0.1678777777777777,0.0,29.255555555555556,7.268111111111111,0.0,36
1104071020207,30.3,33,23,10,0.2602142857142857,0.0,52.0,8.166714285714287,0.1428571428571428,14
1104071030001,10.34,29,26,3,0.1665975609756097,0.0004271777003484,42.018118466898954,12.675979094076654,0.0905923344947735,546
1104071040002,60.87,69,27,42,0.4687088888888888,0.0,9.92,2.123422222222222,0.2,90
1104071040003,56.34,71,31,40,0.4825842105263158,0.0,10.842105263157896,2.547578947368421,0.3157894736842105,38
1104071040008,50.0,60,30,30,0.4440411764705883,0.0,9.061764705882354,2.328147058823529,0.2058823529411764,68
1104071040009,67.53,77,25,52,0.483575,0.0,12.53522727272727,2.489909090909091,0.3068181818181818,170
1104071040010,100.0,70,0,70,0.5627133333333333,0.0,7.22,1.544533333333333,0.4,27
1104071040011,65.0,80,28,52,0.3358,0.0,15.66,3.0766,0.0,10
1104071040004,60.26,78,31,47,0.4892870967741935,0.0,12.661290322580646,2.783322580645162,0.3548387096774194,59
1104071040005,53.03,66,31,35,0.5028333333333334,0.0,10.291666666666666,1.7485833333333334,0.0833333333333333,24
1104071040006,54.29,70,32,38,0.4812428571428571,0.0,9.607142857142858,1.8672857142857144,0.1428571428571428,28
1104071040007,48.44,64,33,31,0.5196823529411765,0.0,8.976470588235294,1.8687058823529412,0.4117647058823529,34
1104071040001,65.06,83,29,54,0.4372913043478261,0.0010369565217391,14.095652173913043,3.0456304347826086,0.2391304347826087,86
1104071040301,62.16,74,28,46,0.34845,0.0,16.475,2.746,0.0,8
1104071040302,63.16,76,28,48,0.2947,0.0,21.37142857142857,3.842428571428571,0.0,14
1104072010012,91.03,78,7,71,0.6875666666666667,0.0,7.75,1.1158333333333337,0.8333333333333334,12
1104072010015,86.42,81,11,70,0.62295,0.0,7.5875,1.264625,0.75,16
1104072010014,100.0,78,0,78,0.672557142857143,0.0,6.628571428571428,1.1047142857142858,1.0,14
1104072010016,86.25,80,11,69,0.47958,0.0,9.86,1.8834,0.2,10
1104072010009,90.24,82,8,74,0.7711749999999999,0.0,5.875,0.8332499999999999,1.0,8
1104072010008,85.9,78,11,67,0.6530190476190476,0.0,8.042857142857143,1.1732857142857145,0.9523809523809524,42
1104072010001,87.5,80,10,70,0.6859625,0.0,6.3999999999999995,1.06675,1.0,16
1104072010002,95.12,82,4,78,0.68403,0.0,7.42,1.0809,0.9,20
1104072010003,88.1,84,10,74,0.6819285714285714,0.0,6.6000000000000005,1.1,0.8571428571428571,14
1104072010004,100.0,76,0,76,0.68975,0.0,6.300000000000001,1.05,1.0,4
1104072010005,85.88,85,12,73,0.50815,0.0,10.25,1.7085,0.0,4
1104072010006,88.75,80,9,71,0.6687529411764706,0.0020588235294117,8.211764705882352,1.1541176470588237,0.7058823529411765,34
1104072010007,87.21,86,11,75,0.5996666666666667,0.0,8.200000000000001,1.3666666666666665,0.5,12
1104072010011,87.5,80,10,70,0.6942666666666666,0.0,6.233333333333333,1.0386666666666666,1.0,6
1104072010010,100.0,74,0,74,0.73609,0.0,5.529999999999999,0.9218,1.0,20
1104072010101,85.71,77,11,66,0.1859,0.0,31.7,5.283,0.0,2
1104072010103,100.0,92,0,92,0.6205666666666666,0.0,11.9,1.6566666666666665,0.6666666666666666,6
1104072010102,87.14,70,9,61,0.7295,0.0,5.6,0.933,1.0,2
1104072010104,85.71,77,11,66,0.7331,0.0064199999999999,15.64,2.7512,0.8,10
1104072010202,86.05,86,12,74,0.6189,0.0,7.6,1.267,1.0,2
1104072010301,85.9,78,11,67,0.1485333333333333,0.0,51.0,8.555666666666667,0.0,6
1104072010302,85.9,78,11,67,0.4191,0.0,13.0,2.167,0.0,2
1104072010401,88.24,68,8,60,0.46275,0.0,11.5,1.9165,0.0,4
1104072010402,87.65,81,10,71,0.39142,0.0,17.580000000000002,2.93,0.0,10
1104072010501,89.41,85,9,76,0.5494666666666667,0.0,10.0,1.6663333333333332,0.6666666666666666,6
1104072010502,86.59,82,11,71,0.5287999999999999,0.0,9.65,1.6085,0.0,8
1104072020005,82.61,69,12,57,0.6521666666666667,0.0,8.066666666666666,1.1796666666666666,0.6666666666666666,6
1104072020002,71.43,28,8,20,0.6883571428571429,0.0,9.433333333333334,2.310285714285714,0.7619047619047619,42
1104072020003,92.96,71,5,66,0.6072882352941177,0.0001235294117647,8.276470588235293,1.3493529411764706,0.5294117647058824,34
1104072020001,84.38,64,10,54,0.622976,0.0,8.52,1.47528,0.64,50
1104072020103,76.09,46,11,35,0.1434,0.0,34.5,6.9,0.0,2
1104072020101,82.81,64,11,53,0.65746,0.1234999999999999,7.720000000000001,1.8055999999999996,0.6,10
1104072020106,76.32,38,9,29,0.12028,0.0,36.6,9.39,0.0,10
1104072020107,72.41,29,8,21,0.1167,0.0,44.260000000000005,8.839175000000001,0.0,48
1104072020104,70.83,24,7,17,0.1104,0.0,45.0,9.0,0.0,20
1104072020105,76.47,34,8,26,0.1348,0.0,38.0,7.6,0.0,4
1104072020102,78.05,41,9,32,0.2473,0.0,24.5,4.841166666666666,0.0,12
1104072020201,85.42,48,7,41,0.3475444444444444,0.0,20.822222222222223,3.646333333333333,0.1111111111111111,18
1104072020402,85.92,71,10,61,0.2707166666666666,0.0,26.03333333333333,7.656666666666666,0.0,12
1104072020403,79.59,49,10,39,0.0555,0.0,54.0,18.0,0.0,2
1104072020401,84.75,59,9,50,0.3007333333333333,0.0082333333333333,34.833333333333336,9.077666666666666,0.3333333333333333,6
1104072020404,79.59,49,10,39,0.4208199999999999,0.0,26.6,8.7666,0.4,10
1104073020002,38.46,26,16,10,0.4328666666666667,0.0,13.4,2.2818333333333336,0.0,24
1104073020003,77.05,61,14,47,0.63258,0.002,10.29,1.3971,0.8,20
1104073020102,46.67,30,16,14,0.1225666666666666,0.0,43.13333333333333,8.626666666666667,0.0,6
1104073020103,58.33,24,10,14,0.0874,0.0,57.0,11.4,0.0,4
1104073020101,44.83,29,16,13,0.0950666666666666,0.0,53.0,10.6,0.0,6
1104073020202,89.13,46,5,41,0.1722,0.0,29.1,5.82,0.0,4
1104073020203,83.87,31,5,26,0.1249333333333333,0.0,40.0,8.0,0.0,6
1104073020201,83.33,30,5,25,0.11476,0.0,43.5,8.7,0.0,10
1104073020607,89.8,49,5,44,0.1754,0.00785,39.6,6.231,0.0,5
1104073020604,94.55,55,3,52,0.3641333333333333,0.0,18.266666666666666,2.986666666666667,0.0,6
1104073020602,94.55,55,3,52,0.1754,0.00785,39.6,6.231,0.0,5
1104073020609,95.24,63,3,60,0.7134499999999999,0.0,5.9,0.9835,1.0,4
1104073030003,40.0,30,18,12,0.5901764705882353,0.0,11.735294117647058,1.3998823529411764,0.5882352941176471,28
1104073030002,66.67,54,18,36,0.5368625,0.0,11.025,1.85859375,0.34375,64
1104073030001,68.52,54,17,37,0.534875,0.0,10.525,1.66325,0.25,8
1104073030203,40.74,27,16,11,0.1684,0.0,30.925,6.1850000000000005,0.0,8
1104073030202,52.17,23,11,12,0.13806,0.0,36.3,7.26,0.0,10
1104073030201,35.71,14,9,5,0.13184,0.0,37.86666666666667,7.573333333333334,0.0,38
1104073030306,62.5,48,18,30,0.083,0.0,60.0,12.0,0.0,2
1104073030305,60.0,45,18,27,0.0844,0.0,59.0,11.8,0.0,2
1104073030304,65.38,52,18,34,0.17155,0.0,32.8,6.5600000000000005,0.0,4
1104073030303,61.7,47,18,29,0.1179833333333333,0.0,47.3,9.46,0.0,12
1104073030302,59.09,44,18,26,0.16975,0.0,32.4,6.48,0.0,4
1104073030301,45.45,33,18,15,0.2825999999999999,0.0,31.0,3.4444999999999997,0.0,4
1104073030604,59.09,44,18,26,0.12122,0.0,44.2,8.84,0.0,10
1104073030603,63.27,49,18,31,0.1052947368421052,0.0,51.526315789473685,10.305263157894736,0.0,22
1104073030602,52.63,38,18,20,0.10824,0.0,46.2,9.24,0.0,20
1104073040001,100.0,1,0,1,0.75638125,0.0053104166666666,7.01875,1.6701458333333334,0.6666666666666666,84
1104073040201,100.0,55,0,55,0.595425,0.086,16.5,2.25,0.5,8
1104073040202,100.0,55,0,55,0.6139,0.0588999999999999,24.0,2.0,0.5,4
1104073040301,95.83,48,2,46,0.1713,0.0,34.5,5.75,0.0,2
1104073040302,96.08,51,2,49,0.2154,0.0,28.4,4.7335,0.0,4
1104073040303,94.87,39,2,37,0.1611,0.0,38.0,6.3335,0.0,4
1104059030206,61.64,73,28,45,0.29675,0.0330727272727272,31.136363636363637,5.787090909090909,0.0909090909090909,38
1104072020405,80.0,45,9,36,0.41112,0.0,34.1,11.2666,0.4,10
1104073020204,89.29,28,3,25,0.5321641025641026,0.0,18.6974358974359,3.6473333333333335,0.358974358974359,72
