집계구코드,tarr_35c,tarr_38c,tarr_41c
1104052010012,100.0,75.15,0.0
1104052010001,100.0,100.0,0.0
1104052010003,100.0,69.31,0.0
1104052010002,100.0,100.0,0.0
1104052010005,100.0,69.62,0.0
1104052010004,100.0,100.0,0.0
1104052010007,100.0,100.0,0.0
1104052010006,100.0,69.24,0.0
1104052010009,100.0,100.0,0.0
1104052010008,100.0,73.85,0.0
1104052010010,100.0,100.0,0.0
1104052010011,100.0,69.67,0.0
1104052010101,99.59,90.58,0.0
1104052010103,98.96,97.4,0.0
1104052010102,100.0,92.15,0.0
1104052010203,98.96,97.4,0.0
1104052010202,99.57,86.39,0.0
1104052010205,100.0,85.73,0.0
1104052010204,100.0,81.73,0.0
1104052010201,99.59,90.58,0.0
1104052010401,100.0,88.28,0.0
1104052010403,99.5,88.23,0.0
1104052010402,100.0,88.28,0.0
1104052010501,100.0,85.11,0.0
1104052010502,100.0,84.68,0.0
1104052010801,0.0,0.0,0.0
1104052010901,100.0,100.0,0.0
1104052010903,100.0,100.0,0.0
1104052010902,100.0,100.0,0.0
1104052011101,99.58,85.9,0.0
1104054010001,100.0,100.0,0.0
1104054010003,100.0,100.0,0.0
1104054010002,100.0,100.0,0.0
1104054010004,100.0,98.43,0.0
1104054010103,100.0,78.85,0.0
1104054010102,100.0,79.44,0.0
1104054010101,100.0,81.2,0.0
1104054010301,100.0,78.23,0.0
1104054010302,100.0,100.0,0.0
1104054010601,98.37,98.37,0.0
1104054010602,100.0,98.53,0.0
1104054010701,100.0,98.53,0.0
1104054010703,99.16,99.16,0.0
1104054010702,100.0,100.0,0.0
1104054010705,100.0,100.0,0.0
1104054010704,100.0,100.0,0.0
1104054010707,100.0,98.53,0.0
1104054010706,99.16,99.16,0.0
1104054020008,100.0,100.0,0.0
1104054020009,100.0,100.0,0.0
1104054020010,100.0,97.58,0.0
1104054020006,100.0,100.0,0.0
1104054020007,100.0,98.14,0.0
1104054020004,100.0,100.0,0.0
1104054020005,100.0,100.0,0.0
1104054020002,100.0,100.0,0.0
1104054020003,100.0,97.97,0.0
1104054020001,100.0,100.0,0.0
1104054030001,100.0,100.0,0.0
1104054030006,100.0,100.0,0.0
1104054030005,100.0,100.0,0.0
1104054030004,100.0,100.0,0.0
1104054030003,100.0,100.0,0.0
1104054030002,100.0,100.0,0.0
1104054030104,100.0,100.0,0.0
1104054030103,100.0,100.0,0.0
1104054030102,100.0,100.0,0.0
1104054030101,100.0,98.53,0.0
1104054040001,100.0,81.14,0.0
1104054040002,100.0,82.06,0.0
1104054040003,100.0,100.0,0.0
1104054040201,100.0,81.33,0.0
1104054040301,100.0,81.39,0.0
1104054040302,100.0,81.7,0.0
1104054040501,100.0,100.0,0.0
1104054040502,100.0,100.0,0.0
1104055010004,100.0,84.15,0.0
1104055010001,100.0,84.59,0.0
1104055010003,100.0,83.85,0.0
1104055010002,100.0,82.77,0.0
1104055010005,100.0,82.59,0.0
1104055020009,100.0,74.56,0.0
1104055020010,99.44,79.74,0.0
1104055020011,100.0,100.0,0.0
1104055020012,100.0,100.0,0.0
1104055020013,0.0,0.0,0.0
1104055020006,100.0,82.02,0.0
1104055020007,100.0,100.0,0.0
1104055020004,100.0,100.0,0.0
1104055020005,100.0,100.0,0.0
1104055020002,100.0,73.87,0.0
1104055020003,100.0,100.0,0.0
1104055020001,100.0,100.0,0.0
1104055020014,100.0,100.0,0.0
1104055020008,100.0,100.0,0.0
1104055020201,99.27,75.01,0.0
1104055020301,100.0,76.03,0.0
1104055030002,100.0,100.0,0.0
1104055030001,100.0,100.0,0.0
1104055030103,100.0,99.23,0.0
1104055030102,100.0,84.57,0.0
1104055030101,100.0,82.02,0.0
1104056010001,100.0,84.08,0.0
1104056010101,100.0,85.62,0.0
1104056010103,100.0,85.55,0.0
1104056010102,100.0,86.05,0.0
1104056010201,100.0,83.01,0.0
1104056010202,100.0,83.3,0.0
1104056020006,100.0,100.0,0.0
1104056020004,100.0,70.91,0.0
1104056020005,100.0,100.0,0.0
1104056020002,100.0,100.0,0.0
1104056020003,100.0,67.63,0.0
1104056020001,100.0,68.0,0.0
1104056030007,100.0,100.0,0.0
1104056030006,100.0,78.51,0.0
1104056030005,100.0,100.0,0.0
1104056030004,100.0,100.0,0.0
1104056030003,100.0,100.0,0.0
1104056030002,100.0,68.66,0.0
1104056030001,100.0,100.0,0.0
1104056030108,99.62,74.26,0.0
1104056030107,100.0,75.31,0.0
1104056030106,100.0,75.21,0.0
1104056030105,100.0,73.97,0.0
1104056030104,100.0,74.77,0.0
1104056030103,100.0,74.01,0.0
1104056030102,100.0,74.69,0.0
1104056030101,100.0,75.11,0.0
1104057010001,100.0,100.0,0.0
1104057010003,100.0,75.22,0.0
1104057010002,100.0,86.34,0.0
1104057010115,100.0,81.73,0.0
1104057010114,100.0,79.52,0.0
1104057010117,100.0,79.31,0.0
1104057010116,100.0,81.56,0.0
1104057010101,100.0,78.73,0.0
1104057010103,100.0,81.73,0.0
1104057010102,100.0,77.48,0.0
1104057010105,100.0,79.53,0.0
1104057010104,100.0,80.82,0.0
1104057010107,100.0,81.73,0.0
1104057010106,100.0,81.46,0.0
1104057010119,100.0,77.82,0.0
1104057010118,100.0,78.99,0.0
1104057010108,100.0,80.8,0.0
1104057010109,100.0,80.49,0.0
1104057010111,100.0,77.55,0.0
1104057010110,100.0,80.12,0.0
1104057010113,100.0,80.24,0.0
1104057010112,100.0,77.59,0.0
1104057010201,100.0,78.91,0.0
1104057020002,100.0,69.92,0.0
1104057020001,100.0,69.2,0.0
1104057020104,100.0,70.09,0.0
1104057020102,100.0,69.63,0.0
1104057020103,100.0,70.53,0.0
1104057020101,100.0,70.45,0.0
1104057020202,100.0,69.76,0.0
1104057020203,100.0,68.97,0.0
1104057020201,100.0,68.97,0.0
1104057020306,100.0,75.61,0.0
1104057020307,100.0,75.84,0.0
1104057020304,100.0,75.46,0.0
1104057020305,100.0,76.1,0.0
1104057020302,100.0,73.11,0.0
1104057020303,100.0,74.95,0.0
1104057020301,100.0,76.72,0.0
1104057020312,100.0,75.95,0.0
1104057020313,100.0,75.47,0.0
1104057020314,99.59,77.36,0.0
1104057020315,100.0,72.64,0.0
1104057020308,99.59,77.36,0.0
1104057020309,100.0,73.81,0.0
1104057020310,100.0,76.11,0.0
1104057020311,100.0,75.76,0.0
1104057020403,100.0,99.19,0.0
1104057020401,100.0,69.2,0.0
1104057020402,100.0,99.19,0.0
1104058010001,100.0,100.0,0.0
1104058010106,100.0,74.85,0.0
1104058010101,100.0,74.59,0.0
1104058010103,100.0,75.98,0.0
1104058010102,100.0,77.28,0.0
1104058010105,100.0,75.37,0.0
1104058010104,100.0,74.62,0.0
1104058010107,100.0,76.03,0.0
1104058010201,100.0,77.38,0.0
1104058010202,99.61,77.27,0.0
1104058020004,100.0,70.58,0.0
1104058020005,99.62,71.55,0.0
1104058020002,100.0,72.52,0.0
1104058020003,99.2,71.98,0.0
1104058020001,100.0,73.2,0.0
1104058020102,100.0,97.06,0.0
1104058020101,100.0,96.67,0.0
1104058020201,100.0,79.3,0.0
1104058020202,100.0,73.67,0.0
1104058020203,100.0,74.63,0.0
1104058020304,100.0,100.0,0.0
1104058020302,100.0,100.0,0.0
1104058020303,100.0,100.0,0.0
1104058020301,100.0,100.0,0.0
1104058030003,100.0,100.0,0.0
1104058030002,100.0,100.0,0.0
1104058030001,100.0,100.0,0.0
1104058030105,100.0,99.21,0.0
1104058030104,100.0,99.19,0.0
1104058030103,100.0,96.89,0.0
1104058030102,100.0,99.24,0.0
1104058030101,100.0,99.18,0.0
1104058030106,100.0,99.26,0.0
1104059010001,99.18,95.21,0.0
1104059020004,100.0,98.76,0.0
1104059020005,100.0,94.64,0.0
1104059020002,100.0,99.51,0.0
1104059020003,100.0,99.52,0.0
1104059020001,99.59,98.78,0.0
1104059020301,100.0,95.01,0.0
1104059030002,100.0,71.82,0.0
1104059030001,100.0,100.0,0.0
1104059030103,100.0,100.0,0.0
1104059030102,100.0,100.0,0.0
1104059030101,98.76,98.76,0.0
1104059030207,100.0,78.6,0.0
1104059030205,100.0,82.11,0.0
1104059030204,100.0,84.75,0.0
1104059030203,100.0,84.75,0.0
1104059030202,100.0,79.62,0.0
1104059030201,100.0,82.47,0.0
1104059030213,100.0,84.54,0.0
1104059030212,100.0,83.18,0.0
1104059030209,99.56,79.5,0.0
1104059030208,99.6,85.58,0.0
1104059030211,100.0,80.19,0.0
1104059030210,100.0,79.0,0.0
1104062010001,100.0,100.0,0.0
1104062010003,100.0,100.0,0.0
1104062010002,100.0,100.0,0.0
1104062010004,100.0,100.0,0.0
1104062010101,100.0,100.0,0.0
1104062020002,100.0,100.0,0.0
1104062020001,100.0,100.0,0.0
1104062020201,100.0,99.36,0.0
1104062030003,100.0,97.74,0.0
1104062030002,100.0,100.0,0.0
1104062030001,100.0,100.0,0.0
1104062030109,100.0,97.72,0.0
1104062030108,100.0,97.74,0.0
1104062030107,99.53,97.65,0.0
1104062030106,99.02,99.02,0.0
1104062030105,100.0,96.77,0.0
1104062030104,99.49,97.48,0.0
1104062030103,99.49,97.48,0.0
1104062030102,100.0,100.0,0.0
1104062030101,100.0,97.01,0.0
1104062030205,100.0,97.66,0.0
1104062030204,100.0,97.49,0.0
1104062030203,100.0,97.58,0.0
1104062030202,100.0,100.0,0.0
1104062030201,100.0,97.5,0.0
1104062030303,100.0,97.69,0.0
1104062030302,100.0,97.72,0.0
1104062030301,100.0,97.81,0.0
1104065010001,100.0,81.77,0.0
1104065010002,99.11,97.32,0.0
1104065010101,100.0,72.84,0.0
1104065010201,99.0,77.13,0.0
1104065020004,100.0,97.84,0.0
1104065020002,100.0,97.49,0.0
1104065020003,100.0,97.43,0.0
1104065020001,100.0,80.23,0.0
1104065020101,100.0,97.5,0.0
1104065020201,100.0,77.22,0.0
1104065020202,100.0,78.06,0.0
1104065020302,100.0,97.52,0.0
1104065020301,100.0,99.12,0.0
1104065030006,100.0,100.0,0.0
1104065030005,100.0,100.0,0.0
1104065030004,100.0,100.0,0.0
1104065030003,100.0,100.0,0.0
1104065030002,100.0,100.0,0.0
1104065030001,100.0,100.0,0.0
1104065030101,100.0,100.0,0.0
1104065030201,100.0,100.0,0.0
1104065040004,100.0,100.0,0.0
1104065040005,100.0,99.2,0.0
1104065040001,100.0,100.0,0.0
1104065040002,100.0,100.0,0.0
1104065040003,100.0,100.0,0.0
1104065040101,100.0,100.0,0.0
1104065040102,100.0,99.04,0.0
1104065040103,100.0,99.2,0.0
1104065040201,98.37,97.56,0.0
1104065040202,100.0,99.2,0.0
1104066010003,100.0,84.36,0.0
1104066010002,100.0,79.38,0.0
1104066010005,100.0,78.68,0.0
1104066010004,100.0,72.28,0.0
1104066010007,100.0,80.63,0.0
1104066010006,100.0,69.69,0.0
1104066010009,100.0,83.31,0.0
1104066010008,100.0,75.51,0.0
1104066010010,100.0,81.56,0.0
1104066010001,100.0,99.5,0.0
1104066010104,100.0,80.64,0.0
1104066010101,100.0,78.63,0.0
1104066010103,100.0,81.56,0.0
1104066010102,100.0,78.89,0.0
1104066010201,100.0,69.06,0.0
1104066010202,100.0,69.86,0.0
1104066010401,100.0,77.88,0.0
1104066010402,100.0,79.65,0.0
1104066010501,100.0,73.37,0.0
1104066010601,100.0,75.1,0.0
1104066020006,100.0,100.0,0.0
1104066020007,100.0,100.0,0.0
1104066020004,100.0,100.0,0.0
1104066020005,100.0,100.0,0.0
1104066020002,100.0,100.0,0.0
1104066020003,100.0,100.0,0.0
1104066020001,100.0,100.0,0.0
1104066020008,100.0,100.0,0.0
1104066020101,100.0,100.0,0.0
1104066030002,100.0,82.88,0.0
1104066030001,100.0,70.42,0.0
1104066030101,100.0,75.72,0.0
1104067010001,99.0,57.22,0.0
1104067010003,100.0,56.22,0.0
1104067010002,100.0,62.8,0.0
1104067010101,100.0,70.87,0.0
1104067010102,97.97,66.97,0.0
1104067020002,100.0,100.0,0.0
1104067020003,100.0,62.06,0.0
1104067020001,100.0,57.56,0.0
1104067020006,100.0,59.8,0.0
1104067020004,100.0,57.59,0.0
1104067020005,100.0,61.76,0.0
1104067020101,100.0,63.41,0.0
1104067030009,100.0,71.88,0.0
1104067030012,100.0,60.55,0.0
1104067030011,100.0,100.0,0.0
1104067030007,98.95,98.95,0.0
1104067030006,100.0,100.0,0.0
1104067030005,100.0,100.0,0.0
1104067030004,100.0,100.0,0.0
1104067030003,0.0,0.0,0.0
1104067030002,100.0,98.9,0.0
1104067030001,100.0,100.0,0.0
1104067030008,100.0,100.0,0.0
1104067030010,98.94,88.57,0.0
1104067030201,98.9,98.9,0.0
1104067030301,0.0,0.0,0.0
1104067030401,100.0,82.41,0.0
1104067030501,100.0,83.57,0.0
1104067040006,100.0,100.0,0.0
1104067040001,100.0,100.0,0.0
1104067040002,100.0,98.96,0.0
1104067040003,100.0,98.9,0.0
1104067040004,98.95,98.95,0.0
1104067040005,100.0,100.0,0.0
1104067040101,0.0,0.0,0.0
1104067040201,100.0,98.9,0.0
1104068010004,100.0,63.34,0.0
1104068010006,100.0,56.72,0.0
1104068010001,100.0,71.71,0.0
1104068010003,100.0,65.62,0.0
1104068010002,100.0,62.36,0.0
1104068010005,100.0,57.23,0.0
1104068010101,100.0,56.72,0.0
1104068010103,100.0,52.53,0.0
1104068010102,100.0,51.71,0.0
1104068010104,100.0,57.23,0.0
1104068010201,100.0,54.22,0.0
1104068010203,100.0,53.17,0.0
1104068010202,100.0,57.31,0.0
1104068010301,100.0,67.52,0.0
1104068020002,100.0,47.36,0.0
1104068020001,100.0,48.51,0.0
1104068020101,100.0,46.83,0.0
1104068020301,100.0,48.58,0.0
1104068030003,100.0,54.8,0.0
1104068030002,100.0,58.91,0.0
1104068030001,100.0,100.0,0.0
1104068030101,100.0,58.98,0.0
1104068040001,100.0,100.0,0.0
1104069010009,100.0,100.0,0.0
1104069010008,100.0,100.0,0.0
1104069010006,100.0,100.0,0.0
1104069010001,100.0,50.62,0.0
1104069010003,100.0,100.0,0.0
1104069010002,100.0,57.64,0.0
1104069010005,100.0,40.86,0.0
1104069010004,100.0,100.0,0.0
1104069010007,100.0,100.0,0.0
1104069010012,100.0,60.74,0.0
1104069010011,100.0,100.0,0.0
1104069010014,100.0,100.0,0.0
1104069010013,100.0,100.0,0.0
1104069010010,100.0,46.25,0.0
1104069010101,100.0,45.52,0.0
1104069010102,100.0,100.0,0.0
1104069010201,100.0,45.99,0.0
1104069010202,100.0,36.77,0.0
1104069020001,100.0,100.0,0.0
1104069020004,100.0,100.0,0.0
1104069020005,99.14,99.14,0.0
1104069020002,100.0,100.0,0.0
1104069020003,100.0,100.0,0.0
1104070010004,100.0,84.25,0.0
1104070010001,100.0,100.0,0.0
1104070010003,100.0,67.83,0.0
1104070010002,100.0,100.0,0.0
1104070020025,100.0,92.87,0.0
1104070020022,100.0,100.0,0.0
1104070020023,100.0,91.32,0.0
1104070020020,100.0,100.0,0.0
1104070020021,100.0,92.86,0.0
1104070020008,100.0,91.5,0.0
1104070020009,100.0,91.74,0.0
1104070020016,100.0,100.0,0.0
1104070020017,100.0,90.2,0.0
1104070020014,100.0,93.64,0.0
1104070020015,100.0,100.0,0.0
1104070020012,100.0,100.0,0.0
1104070020013,100.0,91.22,0.0
1104070020010,100.0,100.0,0.0
1104070020011,100.0,100.0,0.0
1104070020024,100.0,100.0,0.0
1104070020019,100.0,100.0,0.0
1104070020018,100.0,100.0,0.0
1104070020001,100.0,100.0,0.0
1104070020006,100.0,100.0,0.0
1104070020007,100.0,100.0,0.0
1104070020004,100.0,100.0,0.0
1104070020005,100.0,92.53,0.0
1104070020002,100.0,100.0,0.0
1104070020003,100.0,100.0,0.0
1104070020301,100.0,89.66,0.0
1104071010001,100.0,73.73,0.0
1104071010002,100.0,69.97,0.0
1104071010201,100.0,73.73,0.0
1104071010303,100.0,71.45,0.0
1104071010302,100.0,73.11,0.0
1104071010305,100.0,72.06,0.0
1104071010304,100.0,74.79,0.0
1104071010307,100.0,73.36,0.0
1104071010306,100.0,77.66,0.0
1104071010301,100.0,77.1,0.0
1104071020001,100.0,68.11,0.0
1104071020002,100.0,79.51,0.0
1104071020003,98.76,62.7,0.0
1104071020103,100.0,62.68,0.0
1104071020101,100.0,64.6,0.0
1104071020106,100.0,65.03,0.0
1104071020104,100.0,67.61,0.0
1104071020105,100.0,60.43,0.0
1104071020102,100.0,67.44,0.0
1104071020204,100.0,72.73,0.0
1104071020205,100.0,74.4,0.0
1104071020202,100.0,78.74,0.0
1104071020203,99.21,69.68,0.0
1104071020201,100.0,81.56,0.0
1104071020208,100.0,75.93,0.0
1104071020206,100.0,71.65,0.0
1104071020207,100.0,75.69,0.0
1104071030001,100.0,69.18,0.0
1104071040002,100.0,71.28,0.0
1104071040003,100.0,72.37,0.0
1104071040008,100.0,71.73,0.0
1104071040009,100.0,70.25,0.0
1104071040010,100.0,100.0,0.0
1104071040011,100.0,69.67,0.0
1104071040004,100.0,69.08,0.0
1104071040005,100.0,70.95,0.0
1104071040006,100.0,70.5,0.0
1104071040007,100.0,100.0,0.0
1104071040001,100.0,70.85,0.0
1104071040301,100.0,70.33,0.0
1104071040302,100.0,70.0,0.0
1104072010013,100.0,100.0,0.0
1104072010012,100.0,100.0,0.0
1104072010015,100.0,100.0,0.0
1104072010014,100.0,100.0,0.0
1104072010017,100.0,100.0,0.0
1104072010016,100.0,100.0,0.0
1104072010009,100.0,100.0,0.0
1104072010008,100.0,100.0,0.0
1104072010001,100.0,100.0,0.0
1104072010002,100.0,100.0,0.0
1104072010003,100.0,100.0,0.0
1104072010004,100.0,100.0,0.0
1104072010005,100.0,100.0,0.0
1104072010006,100.0,100.0,0.0
1104072010007,100.0,100.0,0.0
1104072010011,100.0,100.0,0.0
1104072010010,100.0,100.0,0.0
1104072010101,100.0,95.03,0.0
1104072010103,100.0,100.0,0.0
1104072010102,100.0,100.0,0.0
1104072010104,100.0,95.03,0.0
1104072010202,100.0,95.14,0.0
1104072010201,100.0,95.06,0.0
1104072010301,100.0,95.06,0.0
1104072010302,100.0,100.0,0.0
1104072010401,100.0,100.0,0.0
1104072010402,100.0,100.0,0.0
1104072010501,100.0,100.0,0.0
1104072010502,100.0,100.0,0.0
1104072020005,100.0,100.0,0.0
1104072020002,100.0,90.75,0.0
1104072020003,100.0,100.0,0.0
1104072020001,100.0,100.0,0.0
1104072020103,100.0,92.82,0.0
1104072020101,100.0,93.35,0.0
1104072020106,100.0,92.22,0.0
1104072020107,100.0,91.02,0.0
1104072020104,100.0,90.31,0.0
1104072020105,98.68,91.65,0.0
1104072020102,100.0,92.42,0.0
1104072020201,100.0,93.43,0.0
1104072020402,100.0,98.23,0.0
1104072020403,100.0,98.0,0.0
1104072020401,100.0,98.17,0.0
1104072020404,100.0,98.0,0.0
1104073020002,100.0,96.83,0.0
1104073020003,99.41,99.41,0.0
1104073020102,100.0,97.16,0.0
1104073020103,100.0,96.44,0.0
1104073020101,100.0,97.05,0.0
1104073020202,99.2,93.64,0.0
1104073020203,100.0,92.93,0.0
1104073020201,100.0,92.54,0.0
1104073020606,100.0,97.75,0.0
1104073020607,100.0,97.75,0.0
1104073020604,98.7,98.05,0.0
1104073020605,98.12,93.81,0.0
1104073020602,98.7,98.05,0.0
1104073020603,100.0,98.23,0.0
1104073020601,100.0,97.78,0.0
1104073020608,100.0,100.0,0.0
1104073020609,100.0,98.23,0.0
1104073030003,100.0,100.0,0.0
1104073030002,100.0,95.28,0.0
1104073030001,98.71,93.61,0.0
1104073030203,100.0,96.88,0.0
1104073030202,100.0,96.35,0.0
1104073030201,100.0,95.91,0.0
1104073030306,100.0,92.24,0.0
1104073030305,100.0,92.05,0.0
1104073030304,100.0,93.12,0.0
1104073030303,100.0,92.13,0.0
1104073030302,99.2,92.05,0.0
1104073030301,99.12,91.32,0.0
1104073030307,100.0,93.12,0.0
1104073030604,100.0,94.69,0.0
1104073030603,100.0,94.98,0.0
1104073030602,100.0,94.33,0.0
1104073030601,0.0,0.0,0.0
1104073040001,100.0,100.0,0.0
1104073040201,100.0,100.0,0.0
1104073040202,100.0,100.0,0.0
1104073040301,100.0,98.51,0.0
1104073040302,100.0,98.56,0.0
1104073040303,100.0,98.41,0.0
1104073040501,100.0,100.0,0.0
1104073040502,100.0,100.0,0.0
1104059030206,100.0,83.9,0.0
1104072020405,99.01,99.01,0.0
1104073020204,100.0,97.57,0.0
