집계구코드,net_node,classic_stops,thermal_stops,tarr
1104052010012,3833114297,34,27,20.59
1104052010001,3833114607,17,15,11.76
1104052010003,3832951948,48,34,29.17
1104052010002,8494029536,18,17,5.56
1104052010005,3833114691,20,17,15.0
1104052010004,8212501458,17,0,100.0
1104052010007,3833114569,32,28,12.5
1104052010006,3832951952,44,32,27.27
1104052010009,4200543504,53,30,43.4
1104052010008,3833114366,42,30,28.57
1104052010010,3833114432,35,29,17.14
1104052010011,8615050152,30,27,10.0
1104052010101,3833113884,10,10,0.0
1104052010103,436840048,8,0,100.0
1104052010102,436840048,8,0,100.0
1104052010203,3833114092,10,0,100.0
1104052010202,8212501459,20,13,35.0
1104052010205,3833114120,26,20,23.08
1104052010204,4639723022,8,8,0.0
1104052010201,3833113884,10,10,0.0
1104052010401,4634232798,9,7,22.22
1104052010403,3833114426,13,11,15.38
1104052010402,4634232798,9,7,22.22
1104052010501,8493981052,24,20,16.67
1104052010502,3833114280,28,25,10.71
1104052010801,3833114629,19,17,10.53
1104052010901,8493981080,18,17,5.56
1104052010903,8493981097,18,16,11.11
1104052010902,8493981068,17,15,11.76
1104052011101,3833114257,26,21,19.23
1104054010001,3832677068,45,11,75.56
1104054010003,3832677156,25,0,100.0
1104054010002,3832677105,40,0,100.0
1104054010004,4197387949,26,6,76.92
1104054010103,10857081080,47,25,46.81
1104054010102,5253517887,49,25,48.98
1104054010101,10857081045,57,26,54.39
1104054010301,5253517894,44,21,52.27
1104054010302,3832677068,45,11,75.56
1104054010601,3832677140,24,6,75.0
1104054010602,3832677103,33,6,81.82
1104054010701,3832677103,33,6,81.82
1104054010703,9009916688,23,1,95.65
1104054010702,3832677136,33,0,100.0
1104054010705,9009916695,23,0,100.0
1104054010704,2460188209,2,0,100.0
1104054010707,3832677103,33,6,81.82
1104054010706,9009916688,23,1,95.65
1104054020008,3832952868,35,19,45.71
1104054020009,3832677066,47,15,68.09
1104054020010,3832677291,24,13,45.83
1104054020006,3832677058,46,18,60.87
1104054020007,3440267193,42,16,61.9
1104054020004,3832952887,30,11,63.33
1104054020005,3832952872,33,19,42.42
1104054020002,13543245071,47,0,100.0
1104054020003,3832677257,36,15,58.33
1104054020001,3832677099,42,0,100.0
1104054030001,3832903597,56,0,100.0
1104054030006,3832676317,56,0,100.0
1104054030005,3832676320,51,6,88.24
1104054030004,11850302535,34,6,82.35
1104054030003,4197392060,50,23,54.0
1104054030002,3832903347,43,0,100.0
1104054030104,3832676320,51,6,88.24
1104054030103,3832903628,55,0,100.0
1104054030102,3832676320,51,6,88.24
1104054030101,3832676321,37,6,83.78
1104054040001,9083521251,58,31,46.55
1104054040002,3832903321,62,39,37.1
1104054040003,3832903635,64,37,42.19
1104054040201,10857081033,57,26,54.39
1104054040301,3832903120,63,42,33.33
1104054040302,3832903584,60,37,38.33
1104054040501,3832903626,59,0,100.0
1104054040502,3832903611,55,0,100.0
1104055010004,3832902772,68,48,29.41
1104055010001,3833006659,67,41,38.81
1104055010003,3832902822,69,47,31.88
1104055010002,3832903062,68,42,38.24
1104055010005,3832903091,67,42,37.31
1104055020009,6312216134,36,15,58.33
1104055020010,9809027078,50,31,38.0
1104055020011,4632551827,31,0,100.0
1104055020012,3832902845,62,0,100.0
1104055020013,13637818794,28,0,100.0
1104055020006,1979127145,58,41,29.31
1104055020007,3832902804,37,22,40.54
1104055020004,4197387980,42,21,50.0
1104055020005,3832902807,42,0,100.0
1104055020002,4735613805,24,15,37.5
1104055020003,6312216151,42,13,69.05
1104055020001,4197392026,43,0,100.0
1104055020014,3832897142,39,0,100.0
1104055020008,4197392022,41,27,34.15
1104055020201,4244222641,32,19,40.62
1104055020301,3928116185,37,20,45.95
1104055030002,9083521284,51,0,100.0
1104055030001,13551152965,15,0,100.0
1104055030103,9083531581,68,45,33.82
1104055030102,9083521282,55,23,58.18
1104055030101,8332919083,74,45,39.19
1104056010001,9483618374,57,31,45.61
1104056010101,8431787751,63,38,39.68
1104056010103,8431787766,65,36,44.62
1104056010102,8431787733,74,46,37.84
1104056010201,3832676325,58,17,70.69
1104056010202,2858053238,58,23,60.34
1104056020006,3833113907,25,21,16.0
1104056020004,1717109891,63,35,44.44
1104056020005,1717109884,53,34,35.85
1104056020002,3833114087,68,25,63.24
1104056020003,3833114367,55,42,23.64
1104056020001,3833114314,62,47,24.19
1104056030007,3833006465,74,25,66.22
1104056030006,3833006533,74,60,18.92
1104056030005,3833006519,75,59,21.33
1104056030004,9083531541,63,44,30.16
1104056030003,8495308966,66,27,59.09
1104056030002,4674043869,79,44,44.3
1104056030001,9083531539,60,41,31.67
1104056030108,2356306023,45,27,40.0
1104056030107,4636760143,47,21,55.32
1104056030106,4636760130,54,25,53.7
1104056030105,4636760151,54,33,38.89
1104056030104,4636760108,57,28,50.88
1104056030103,4655066614,60,27,55.0
1104056030102,4636760136,41,19,53.66
1104056030101,4636760141,42,19,54.76
1104057010001,3833113924,28,22,21.43
1104057010003,3833114126,36,27,25.0
1104057010002,3833114080,30,25,16.67
1104057010115,4639723023,7,7,0.0
1104057010114,4637843584,9,9,0.0
1104057010117,7991097578,8,8,0.0
1104057010116,4640923245,7,7,0.0
1104057010101,4640923221,7,7,0.0
1104057010103,4639723022,8,8,0.0
1104057010102,4637843577,9,9,0.0
1104057010105,4640923237,7,7,0.0
1104057010104,4640923232,9,9,0.0
1104057010107,4639723023,7,7,0.0
1104057010106,4640923230,18,12,33.33
1104057010119,4640923239,8,8,0.0
1104057010118,4640923217,7,7,0.0
1104057010108,4640923242,6,6,0.0
1104057010109,4640923250,5,5,0.0
1104057010111,4639723025,9,9,0.0
1104057010110,4639723027,6,6,0.0
1104057010113,4637862220,13,10,23.08
1104057010112,4640923218,8,8,0.0
1104057010201,4640923225,8,8,0.0
1104057020002,3833147120,39,36,7.69
1104057020001,4697491689,48,41,14.58
1104057020104,4697513809,34,30,11.76
1104057020102,4697513812,34,29,14.71
1104057020103,4697514624,40,35,12.5
1104057020101,4697513793,40,35,12.5
1104057020202,4697491483,59,45,23.73
1104057020203,4697491486,47,42,10.64
1104057020201,4697491482,55,45,18.18
1104057020306,4646375973,28,26,7.14
1104057020307,8214317351,23,22,4.35
1104057020304,8214317346,21,20,4.76
1104057020305,8214317371,22,21,4.55
1104057020302,8214317294,30,29,3.33
1104057020303,8214317195,28,26,7.14
1104057020301,4646375977,27,26,3.7
1104057020312,8214317358,17,17,0.0
1104057020313,8214317350,18,18,0.0
1104057020314,8214317241,26,24,7.69
1104057020315,8214317198,31,30,3.23
1104057020308,8214317241,26,24,7.69
1104057020309,8214317304,28,27,3.57
1104057020310,8214317367,18,17,5.56
1104057020311,8214317373,23,22,4.35
1104057020403,4697491695,28,27,3.57
1104057020401,4697491689,48,41,14.58
1104057020402,4697491695,28,27,3.57
1104058010001,2356306034,40,0,100.0
1104058010106,4697491754,38,25,34.21
1104058010101,4697491761,36,21,41.67
1104058010103,4697491745,34,19,44.12
1104058010102,7838649561,34,19,44.12
1104058010105,4697491734,35,19,45.71
1104058010104,4697491757,37,23,37.84
1104058010107,4697491735,33,19,42.42
1104058010201,4697491696,49,19,61.22
1104058010202,4697491701,49,19,61.22
1104058020004,1717113976,44,38,13.64
1104058020005,1717115957,44,39,11.36
1104058020002,1717114445,48,40,16.67
1104058020003,1717113281,46,40,13.04
1104058020001,1717115788,37,34,8.11
1104058020102,4697513803,38,34,10.53
1104058020101,1717113994,41,37,9.76
1104058020201,1708102182,43,30,30.23
1104058020202,1708118865,42,36,14.29
1104058020203,1708088445,44,33,25.0
1104058020304,1708170479,19,5,73.68
1104058020302,2931458557,26,24,7.69
1104058020303,1717115775,43,37,13.95
1104058020301,1717115786,42,36,14.29
1104058030003,1708135891,26,5,80.77
1104058030002,1708130109,30,7,76.67
1104058030001,1708151542,22,5,77.27
1104058030105,4697502660,27,5,81.48
1104058030104,4697502654,22,5,77.27
1104058030103,4697502662,21,4,80.95
1104058030102,8214317146,29,4,86.21
1104058030101,4697502644,26,4,84.62
1104058030106,8214317147,31,4,87.1
1104059010001,8598787935,7,7,0.0
1104059020004,436840037,7,7,0.0
1104059020005,8598785464,6,6,0.0
1104059020002,436827125,12,1,91.67
1104059020003,436827125,12,1,91.67
1104059020001,4639723027,6,6,0.0
1104059020301,8598787931,8,8,0.0
1104059030002,10117694181,45,39,13.33
1104059030001,3833145730,41,3,92.68
1104059030103,3833145714,32,3,90.62
1104059030102,8495257895,43,0,100.0
1104059030101,4200524612,27,3,88.89
1104059030207,8214316991,40,24,40.0
1104059030205,8214317012,41,20,51.22
1104059030204,8214316859,20,14,30.0
1104059030203,8214316859,20,14,30.0
1104059030202,8214317025,46,24,47.83
1104059030201,8214316960,34,19,44.12
1104059030213,8214317072,29,12,58.62
1104059030212,8214316856,26,16,38.46
1104059030209,8214316974,38,24,36.84
1104059030208,4646012770,23,15,34.78
1104059030211,8214316979,36,23,36.11
1104059030210,8214316987,40,24,40.0
1104062010001,3807096256,31,0,100.0
1104062010003,3807096410,35,0,100.0
1104062010002,3807096449,30,0,100.0
1104062010004,3807096468,35,1,97.14
1104062010101,3807096338,32,1,96.88
1104062020002,3807096040,5,3,40.0
1104062020001,13233950654,5,3,40.0
1104062020201,8142947268,5,3,40.0
1104062030003,3807096345,39,3,92.31
1104062030002,3807096351,40,3,92.5
1104062030001,9577359757,9,0,100.0
1104062030109,3807096220,36,3,91.67
1104062030108,3807096262,37,3,91.89
1104062030107,3807096288,36,3,91.67
1104062030106,3807096290,33,2,93.94
1104062030105,3851468331,9,3,66.67
1104062030104,5062336386,21,3,85.71
1104062030103,5062336386,21,3,85.71
1104062030102,4201516964,5,0,100.0
1104062030101,3807095985,10,3,70.0
1104062030205,8168240298,22,3,86.36
1104062030204,8168240324,17,3,82.35
1104062030203,8168240316,18,3,83.33
1104062030202,3807095897,9,3,66.67
1104062030201,8168240313,17,3,82.35
1104062030303,8168240444,20,3,85.0
1104062030302,3807096220,36,3,91.67
1104062030301,3807096446,26,3,88.46
1104065010001,4652841537,39,1,97.44
1104065010002,4179011694,47,7,85.11
1104065010101,2442096595,54,27,50.0
1104065010201,436839066,52,1,98.08
1104065020004,9081846578,18,1,94.44
1104065020002,9081846734,33,7,78.79
1104065020003,4179011692,43,7,83.72
1104065020001,8319137361,25,9,64.0
1104065020101,4655177244,32,7,78.12
1104065020201,9497242890,28,13,53.57
1104065020202,9497242893,26,9,65.38
1104065020302,4179011703,29,7,75.86
1104065020301,4179354324,23,1,95.65
1104065030006,8450140846,33,2,93.94
1104065030005,8450140846,33,2,93.94
1104065030004,4179354344,40,2,95.0
1104065030003,3854893950,46,0,100.0
1104065030002,9577082240,23,2,91.3
1104065030001,4963715642,6,2,66.67
1104065030101,3856575370,10,0,100.0
1104065030201,4179354333,36,2,94.44
1104065040004,4179354361,41,1,97.56
1104065040005,9081846558,16,1,93.75
1104065040001,4179354316,43,2,95.35
1104065040002,4179354359,52,0,100.0
1104065040003,3854893930,52,0,100.0
1104065040101,8498422127,29,1,96.55
1104065040102,9081846569,29,1,96.55
1104065040103,9081846558,16,1,93.75
1104065040201,4179009448,25,7,72.0
1104065040202,9081846578,18,1,94.44
1104066010003,3856575602,14,9,35.71
1104066010002,5687414053,24,16,33.33
1104066010005,3856575590,20,13,35.0
1104066010004,3856575565,28,19,32.14
1104066010007,3856575613,21,13,38.1
1104066010006,3856575560,40,25,37.5
1104066010009,2551966253,17,11,35.29
1104066010008,3856575454,23,15,34.78
1104066010010,3856575611,17,11,35.29
1104066010001,8499654571,9,0,100.0
1104066010104,5687414075,18,11,38.89
1104066010101,5687414061,18,12,33.33
1104066010103,5687414074,17,11,35.29
1104066010102,5687414064,20,12,40.0
1104066010201,3856575561,33,22,33.33
1104066010202,3856575572,32,20,37.5
1104066010401,3856575588,20,14,30.0
1104066010402,3856575582,19,12,36.84
1104066010501,3856575559,39,26,33.33
1104066010601,8498915641,33,22,33.33
1104066020006,3856575196,8,0,100.0
1104066020007,3856575201,10,0,100.0
1104066020004,11236756283,7,0,100.0
1104066020005,3856575373,9,0,100.0
1104066020002,3856575251,11,0,100.0
1104066020003,3856575357,10,0,100.0
1104066020001,3856575173,8,0,100.0
1104066020008,3856575391,10,0,100.0
1104066020101,3856575176,10,0,100.0
1104066030002,4179009475,20,9,55.0
1104066030001,2551966245,48,29,39.58
1104066030101,4179011715,40,24,40.0
1104067010001,2551966228,53,29,45.28
1104067010003,3854893920,58,30,48.28
1104067010002,2442109153,59,32,45.76
1104067010101,4652843025,50,26,48.0
1104067010102,4652843026,54,25,53.7
1104067020002,4179264084,48,28,41.67
1104067020003,3785495802,47,28,40.43
1104067020001,3714679940,47,28,40.43
1104067020006,9561832599,37,28,24.32
1104067020004,3846729630,49,31,36.73
1104067020005,9561832600,36,22,38.89
1104067020101,4179264077,48,30,37.5
1104067030009,4179264057,42,9,78.57
1104067030012,4664731636,49,27,44.9
1104067030011,3846729642,44,0,100.0
1104067030007,4148031678,49,22,55.1
1104067030006,601728846,20,0,100.0
1104067030005,8502320521,36,1,97.22
1104067030004,4179264043,30,0,100.0
1104067030003,795981867,12,0,100.0
1104067030002,4179264026,43,2,95.35
1104067030001,8502320522,35,0,100.0
1104067030008,4179264034,44,0,100.0
1104067030010,3846729653,42,4,90.48
1104067030201,8502294693,39,1,97.44
1104067030301,3846735369,40,2,95.0
1104067030401,4179264050,31,5,83.87
1104067030501,3846729644,35,5,85.71
1104067040006,4179349685,44,0,100.0
1104067040001,4179349666,44,2,95.45
1104067040002,4179354314,45,1,97.78
1104067040003,4179349663,38,2,94.74
1104067040004,4179265292,48,1,97.92
1104067040005,436823611,47,0,100.0
1104067040101,1855204526,42,2,95.24
1104067040201,4179349663,38,2,94.74
1104068010004,3846108111,22,15,31.82
1104068010006,3846108095,36,25,30.56
1104068010001,4179132967,21,13,38.1
1104068010003,12866013678,26,17,34.62
1104068010002,3846108101,23,15,34.78
1104068010005,3846108094,26,19,26.92
1104068010101,3846108095,36,25,30.56
1104068010103,2006019923,28,23,17.86
1104068010102,436855717,37,32,13.51
1104068010104,3846108094,26,19,26.92
1104068010201,3846108093,46,30,34.78
1104068010203,3846108099,41,29,29.27
1104068010202,4670268514,34,23,32.35
1104068010301,5856100565,36,19,47.22
1104068020002,3846107070,40,29,27.5
1104068020001,3785500256,25,24,4.0
1104068020101,9584243076,25,24,4.0
1104068020301,3846107080,30,23,23.33
1104068030003,3856575402,52,34,34.62
1104068030002,3856575400,57,32,43.86
1104068030001,3856575427,50,30,40.0
1104068030101,3856575398,57,32,43.86
1104068040001,9579795294,46,32,30.43
1104069010009,10246831341,6,0,100.0
1104069010008,4177457006,17,16,5.88
1104069010006,4177453108,16,14,12.5
1104069010001,4177445754,12,11,8.33
1104069010003,5977768718,16,1,93.75
1104069010002,4177456383,16,14,12.5
1104069010005,7856245543,10,10,0.0
1104069010004,4177445701,9,0,100.0
1104069010007,4177457002,17,0,100.0
1104069010012,4177453109,15,14,6.67
1104069010011,4177456380,17,15,11.76
1104069010014,5978080087,14,12,14.29
1104069010013,5935577739,12,0,100.0
1104069010010,4177445759,12,11,8.33
1104069010101,4177445735,12,11,8.33
1104069010102,2135106296,11,0,100.0
1104069010201,7856245589,16,15,6.25
1104069010202,7856245582,15,14,6.67
1104069020001,4177451183,14,1,92.86
1104069020004,5977768719,15,1,93.33
1104069020005,436821938,20,12,40.0
1104069020002,4177453103,18,0,100.0
1104069020003,4177453123,18,0,100.0
1104070010004,3800707877,8,7,12.5
1104070010001,9925220627,4,4,0.0
1104070010003,9925220556,5,5,0.0
1104070010002,4946570018,5,0,100.0
1104070020025,3800707857,8,5,37.5
1104070020022,3832604888,6,5,16.67
1104070020023,3832604919,6,5,16.67
1104070020020,3800708038,5,3,40.0
1104070020021,3800707859,7,5,28.57
1104070020008,3800707835,7,5,28.57
1104070020009,3800707934,7,5,28.57
1104070020016,2135060915,2,2,0.0
1104070020017,3800707971,6,5,16.67
1104070020014,3800707930,16,5,68.75
1104070020015,2135060915,2,2,0.0
1104070020012,11898016217,6,5,16.67
1104070020013,4173472990,6,5,16.67
1104070020010,3800707974,7,5,28.57
1104070020011,3832604886,6,5,16.67
1104070020024,3832604892,5,3,40.0
1104070020019,2135060890,3,0,100.0
1104070020018,3832604953,4,3,25.0
1104070020001,3832604940,6,5,16.67
1104070020006,2460191651,3,2,33.33
1104070020007,3832604884,6,3,50.0
1104070020004,3832604882,8,5,37.5
1104070020005,4173480350,8,5,37.5
1104070020002,3800707905,12,0,100.0
1104070020003,6856237218,1,1,0.0
1104070020301,3800707960,6,5,16.67
1104071010001,3832952799,37,27,27.03
1104071010002,9482027331,38,24,36.84
1104071010201,3832952799,37,27,27.03
1104071010303,8113837637,29,26,10.34
1104071010302,9739851483,33,25,24.24
1104071010305,9740314297,31,26,16.13
1104071010304,9739851477,36,24,33.33
1104071010307,9740314286,34,24,29.41
1104071010306,9740314274,36,23,36.11
1104071010301,9740314272,35,21,40.0
1104071020001,2135148783,20,19,5.0
1104071020002,8591832213,20,19,5.0
1104071020003,6040902785,16,15,6.25
1104071020103,8442360794,19,18,5.26
1104071020101,7301136002,18,17,5.56
1104071020106,9214740288,18,17,5.56
1104071020104,8357189273,18,17,5.56
1104071020105,6040903182,17,16,5.88
1104071020102,8442364517,20,19,5.0
1104071020204,6040903189,26,23,11.54
1104071020205,8615050366,20,19,5.0
1104071020202,8591866823,20,19,5.0
1104071020203,6040903176,27,25,7.41
1104071020201,8615050346,19,18,5.26
1104071020208,6040903221,19,18,5.26
1104071020206,6040903169,22,21,4.55
1104071020207,6040903219,23,21,8.7
1104071030001,8449830059,25,24,4.0
1104071040002,1717107900,51,26,49.02
1104071040003,9482859388,38,30,21.05
1104071040008,9481699343,40,29,27.5
1104071040009,1717108823,52,25,51.92
1104071040010,9525455020,39,0,100.0
1104071040011,4200572789,40,28,30.0
1104071040004,9610818527,39,31,20.51
1104071040005,1717101777,47,31,34.04
1104071040006,9522228571,44,31,29.55
1104071040007,1717099678,38,33,13.16
1104071040001,9663278533,47,29,38.3
1104071040301,9660991666,51,28,45.1
1104071040302,1717103349,49,28,42.86
1104072010013,4634839671,53,11,79.25
1104072010012,2718296805,48,7,85.42
1104072010015,3848968239,50,11,78.0
1104072010014,3848967999,49,0,100.0
1104072010017,3848968218,53,11,79.25
1104072010016,4634839671,53,11,79.25
1104072010009,3807096512,23,3,86.96
1104072010008,3848968635,51,11,78.43
1104072010001,3848968008,50,10,80.0
1104072010002,3848967848,43,2,95.35
1104072010003,3848967796,50,10,80.0
1104072010004,3848968382,50,0,100.0
1104072010005,4200916204,53,11,79.25
1104072010006,3848967772,46,9,80.43
1104072010007,3848968165,50,11,78.0
1104072010011,3848967988,47,10,78.72
1104072010010,3848967853,45,0,100.0
1104072010101,4200916232,46,10,78.26
1104072010103,3833145732,41,0,100.0
1104072010102,8200709456,44,9,79.55
1104072010104,4200916232,46,10,78.26
1104072010202,4200916228,52,11,78.85
1104072010201,8200709454,48,10,79.17
1104072010301,8200709454,48,10,79.17
1104072010302,2718296829,51,11,78.43
1104072010401,3848967982,45,8,82.22
1104072010402,3848968168,52,10,80.77
1104072010501,4200916245,51,9,82.35
1104072010502,3848968218,53,11,79.25
1104072020005,3849035213,44,12,72.73
1104072020002,8213963905,14,8,42.86
1104072020003,3849035302,45,5,88.89
1104072020001,3849034901,40,10,75.0
1104072020103,8213964138,32,11,65.62
1104072020101,8213963875,39,11,71.79
1104072020106,8213963933,23,9,60.87
1104072020107,8213963917,15,8,46.67
1104072020104,8213963906,13,7,46.15
1104072020105,8213963921,19,8,57.89
1104072020102,8213963941,24,9,62.5
1104072020201,8213964282,35,7,80.0
1104072020402,8212389294,41,10,75.61
1104072020403,8481463893,25,10,60.0
1104072020401,8481463891,22,9,59.09
1104072020404,8481463893,25,10,60.0
1104073020002,12891901366,5,3,40.0
1104073020003,3807095992,5,3,40.0
1104073020102,12891901366,5,3,40.0
1104073020103,12891901366,5,3,40.0
1104073020101,12891901366,5,3,40.0
1104073020202,12891901366,5,3,40.0
1104073020203,12891901366,5,3,40.0
1104073020201,12891901366,5,3,40.0
1104073020606,3807096046,7,3,57.14
1104073020607,3807095992,5,3,40.0
1104073020604,5573158008,7,3,57.14
1104073020605,3807095992,5,3,40.0
1104073020602,5573158008,7,3,57.14
1104073020603,3807095992,5,3,40.0
1104073020601,3807096046,7,3,57.14
1104073020608,12891901352,5,3,40.0
1104073020609,3807095992,5,3,40.0
1104073030003,12891901366,5,3,40.0
1104073030002,3807095982,5,0,100.0
1104073030001,3807095982,5,0,100.0
1104073030203,12891901366,5,3,40.0
1104073030202,12891901366,5,3,40.0
1104073030201,12891901366,5,3,40.0
1104073030306,12891901366,5,3,40.0
1104073030305,12891901366,5,3,40.0
1104073030304,3807095992,5,3,40.0
1104073030303,12891901366,5,3,40.0
1104073030302,12891901366,5,3,40.0
1104073030301,12891901366,5,3,40.0
1104073030307,3807095992,5,3,40.0
1104073030604,3807095982,5,0,100.0
1104073030603,3807095897,9,3,66.67
1104073030602,3807095897,9,3,66.67
1104073030601,3807095897,9,3,66.67
1104073040001,9577131727,0,0,0.0
1104073040201,3807095897,9,3,66.67
1104073040202,3807095897,9,3,66.67
1104073040301,3807095897,9,3,66.67
1104073040302,3807095971,16,3,81.25
1104073040303,3807095954,10,3,70.0
1104073040501,3807095897,9,3,66.67
1104073040502,3807095897,9,3,66.67
1104059030206,8214316953,29,16,44.83
1104072020405,3849146224,14,1,92.86
1104073020204,12891901353,5,3,40.0
